t=2026-06-03T14:19:10+0530 lvl=info msg="no configuration paths supplied"
t=2026-06-03T14:19:10+0530 lvl=dbug msg="ngrok config file at legacy location does not exist" legacy_path=C:\\Users\\saatv\\.ngrok2\\ngrok.yml
t=2026-06-03T14:19:10+0530 lvl=info msg="using configuration at default config path" path=C:\\Users\\saatv\\AppData\\Local\\ngrok\\ngrok.yml
t=2026-06-03T14:19:10+0530 lvl=info msg="open config file" path=C:\\Users\\saatv\\AppData\\Local\\ngrok\\ngrok.yml err=nil
t=2026-06-03T14:19:10+0530 lvl=info msg="FIPS 140 mode" enabled=false
t=2026-06-03T14:19:10+0530 lvl=dbug msg="starting component" obj=app name=web
t=2026-06-03T14:19:10+0530 lvl=info msg="starting web service" obj=web addr=127.0.0.1:4040 allow_hosts=[]
t=2026-06-03T14:19:10+0530 lvl=dbug msg="starting component" obj=app name=consoleui
t=2026-06-03T14:19:10+0530 lvl=dbug msg="starting component" obj=app name="Tunnel session"
t=2026-06-03T14:19:10+0530 lvl=dbug msg="starting component" obj=app name=updater
t=2026-06-03T14:19:10+0530 lvl=dbug msg="checking for updates periodically" obj=updater interval=6h0m0s
t=2026-06-03T14:19:10+0530 lvl=dbug msg="check for update" obj=updater
t=2026-06-03T14:19:10+0530 lvl=dbug msg="connecting to" obj=tunnels.session addr=connect.ngrok-agent.com:443
t=2026-06-03T14:19:10+0530 lvl=dbug msg=dial obj=tunnels.session network=tcp address=connect.ngrok-agent.com:443 timeout=10s
t=2026-06-03T14:19:10+0530 lvl=dbug msg="Resize event, redrawing" obj=consoleui
t=2026-06-03T14:19:10+0530 lvl=dbug msg="waiting for update" obj=consoleui
t=2026-06-03T14:19:10+0530 lvl=dbug msg="waiting for update" obj=consoleui
t=2026-06-03T14:19:10+0530 lvl=dbug msg="Resize event, redrawing" obj=consoleui
t=2026-06-03T14:19:10+0530 lvl=dbug msg="waiting for update" obj=consoleui
t=2026-06-03T14:19:10+0530 lvl=dbug msg="overriding CRL distribution point" issuer_subject="CN=Root CA,OU=prod,O=ngrok Inc,L=San Francisco,ST=California,C=US" previous=http://crl.ngrok.com/ngrok.crl new=http://crl.ngrok-agent.com/ngrok.crl
t=2026-06-03T14:19:10+0530 lvl=dbug msg="checking crl" issuer_subject="CN=Root CA,OU=prod,O=ngrok Inc,L=San Francisco,ST=California,C=US" url=http://crl.ngrok-agent.com/ngrok.crl
t=2026-06-03T14:19:10+0530 lvl=dbug msg="no crl found" issuer_subject="CN=connect.ngrok-agent.com,O=ngrok Inc.,L=San Francisco,ST=California,C=US"
t=2026-06-03T14:19:10+0530 lvl=dbug msg="no crl found" issuer_subject="CN=Intermediate CA,OU=prod,O=ngrok Inc,ST=California,C=US"
t=2026-06-03T14:19:11+0530 lvl=dbug msg="successful verify of CRL" issuer_subject="CN=Root CA,OU=prod,O=ngrok Inc,L=San Francisco,ST=California,C=US" url=http://crl.ngrok-agent.com/ngrok.crl check_cert="CN=Root CA,OU=prod,O=ngrok Inc,L=San Francisco,ST=California,C=US"
t=2026-06-03T14:19:11+0530 lvl=dbug msg="found valid crl" issuer_subject="CN=Root CA,OU=prod,O=ngrok Inc,L=San Francisco,ST=California,C=US" url=http://crl.ngrok-agent.com/ngrok.crl
t=2026-06-03T14:19:11+0530 lvl=dbug msg="open stream" obj=tunnels.session obj=csess id=6c675a7035d1 reqtype=0 err=nil
t=2026-06-03T14:19:11+0530 lvl=dbug msg="encode request" obj=tunnels.session obj=csess id=6c675a7035d1 sid=3 req="&{Version:[3 2] ClientID: Extra:{OS:windows Arch:amd64 Authtoken:HIDDEN Version:3.39.6 Hostname: UserAgent:ngrok-agent-go/3.39.6 ({\"proxy_type\":\"none\",\"config_version\":\"3\",\"agent_binary_path\":\"C:\\\\Users\\\\saatv\\\\OneDrive\\\\Desktop\\\\webprodigies-s2c\\\\tools\\\\ngrok\\\\ngrok.exe\",\"host_uptime_seconds\":157209,\"machine_hostname\":\"LAPTOP-SCUSRE91\",\"machine_name\":\"LAPTOP-SCUSRE91\",\"os_distro\":\"Microsoft Windows 11 Home Single Language\",\"os_version\":\"25H2\",\"agent_pid\":22516,\"hashed_hardware_address\":\"936bae51b6ca9b288629ab41520b9674c7c9c8985bace5a16d3ddb8a13da5bca\",\"is_interactive_session\":true,\"windows_analytics\":{}}) ngrok-go/1.12.1 Metadata: Cookie: HeartbeatInterval:10000000000 HeartbeatTolerance:15000000000 Fingerprint:<nil> UpdateUnsupportedError:0x3b04b571aea0 StopUnsupportedError:0x3b04b571aea0 RestartUnsupportedError:0x3b04b571a650 ProxyType: MutualTLS:false ServiceRun:false ConfigVersion: CustomInterface:false CustomCAs:false ClientType:ngrok-agent-go LegNumber:0}}" err=nil
t=2026-06-03T14:19:11+0530 lvl=dbug msg="decoded response" obj=tunnels.session obj=csess id=6c675a7035d1 sid=3 resp="&{Version:3 ClientID:7b31d0ea5646d09e1d2ee4f665dc47ac Error: Extra:{Version:prod Region:in Cookie:xWrde+cfYMeSJitsA2O26nX+SpPQvHCY$eoq3MzPA3r76ECfGKBATQ6A9J5ViuRBanaacJDRrRo2npNpNkMPSoaRq1DMbDWo0ihcjoPa5jgDmmyTq7bKQ5hv1rc0P+Knz1shrKHXhfCVArdm0Ubkh8Rd3bjy+qQVh4yE2IcOgRjPSvay4GUUOHgMzxq+6INuL4iklYfiGKrJLbVefi+sHMrysH/f9Bj5nPp2zo8Rz5EL1o9LYSPblVeAbu096ooEH0sVsUq7WJQ== AccountName:Saatvik Raghuvanshi SessionDuration:0 PlanName:Free Banner:Request early access to new features: https://dashboard.ngrok.com/early-access DeprecationWarning:<nil> ConnectAddresses:[]}}" err=nil
t=2026-06-03T14:19:11+0530 lvl=info msg="client session established" obj=tunnels.session
t=2026-06-03T14:19:11+0530 lvl=info msg="tunnel session started" obj=tunnels.session
t=2026-06-03T14:19:11+0530 lvl=dbug msg="received extras" obj=tunnels.session region=in version=prod
t=2026-06-03T14:19:11+0530 lvl=dbug msg="open stream" obj=tunnels.session obj=csess id=6c675a7035d1 clientid=7b31d0ea5646d09e1d2ee4f665dc47ac reqtype=1 err=nil
t=2026-06-03T14:19:11+0530 lvl=dbug msg="encode request" obj=tunnels.session obj=csess id=6c675a7035d1 clientid=7b31d0ea5646d09e1d2ee4f665dc47ac sid=7 req="&{ID: ClientID: Proto:https ForwardsTo:http://localhost:3000 ForwardsProto: Opts:0x3b04b5360000 Extra:{Name:command_line Token: IPPolicyRef: Metadata: Description: Bindings:[] PoolingEnabled:false}}" err=nil
t=2026-06-03T14:19:11+0530 lvl=dbug msg="no update available" obj=updater
t=2026-06-03T14:19:11+0530 lvl=dbug msg="waiting for update" obj=consoleui
t=2026-06-03T14:19:11+0530 lvl=dbug msg="decoded response" obj=tunnels.session obj=csess id=6c675a7035d1 clientid=7b31d0ea5646d09e1d2ee4f665dc47ac sid=7 resp="&{ClientID:45531bfe77b61f34a2ebdeb8dcdfff6c URL:https://morally-underdone-unread.ngrok-free.dev Proto:https Opts:map[Auth: BasicAuth:<nil> CircuitBreaker:<nil> Compression:<nil> Domain: HostHeaderRewrite:false Hostname:morally-underdone-unread.ngrok-free.dev IPRestriction:<nil> LocalURLScheme: MutualTLSCA:<nil> OAuth:<nil> OIDC:<nil> Policy:<nil> ProxyProto:0 RequestHeaders:<nil> ResponseHeaders:<nil> Subdomain: TrafficPolicy: URL: UpstreamCAPEM:<nil> UserAgentFilter:<nil> VerifyUpstreamTLS:false WebhookVerification:<nil> WebsocketTCPConverter:<nil>] Error: Extra:{Token:9iRUc5TLPi5i6nGjM/LIEpGwY9Y0yIQs$CzvKgtmi3II5v+ibJM2LS0/UByD8MLPf934mYISPEeDtnsxTT7QfxSHOw1t2iSpHnJZ99jxien9lf9gWeHS5HYZfMql7/9TbjTE3vp/ixU6VndXan6F6RNKws4W5jLMe+wE9AtRgIp8wGCBpGBpLqLjx6qJzzjaeRO8ZcDEcQ9s0D+peM7N34tTSD/SPDZsC52b3eJBJMpN22j8ryQRJPmNMFcjsb9NAFgRuesu1SuSsooPO7o7p5RGgwS2AzgqUYjnSL+8QXMvgsNof/cSokKUaAR/6TixCT/KRJrSMEMc6l8VYdkRtPdfsQk/ZwhQWiES5QPiGVrydQ9eKfAUltDxV0i9aKFwnYGsLfSMCL5sBV7uheNSGpuf0x9YBXWKmnRcfE6b7rsmG3kRY88R8FMYq2S4cM/UgWJElaw6+mEtJtOaeoj3glGWpSAnZykAxGx8ZlTD9hsfQDio5n9PPh7nlsaDw6Dpz8YC9h3XyXncOTWFZOcn2K0CdRj1IRNcW+89wjbJ7Ozofe+ftj6SmSPq1hRWE9sKF3vr82zUwD89MfglJ0tBHC7OETNsYe4id8JOukZmqWWzPYWzGAHb7/sVhZfTiajd4rzUsGeKRvIDiODRVDg3wHpsCos/ZeTR0YDweEOoDy/vf8CL6J9qK90g7mJ7VnnuXv7sDB4fMpp19i7ajEFo48e6T15reKxxEAqMn/rxRXs1t4rm8ejMEEQCIlxncRbpYOLLeRG+OqqbYpspT2a02MoJyNROgpom1tFwAvIW6TE7tHTVj+Z5DZQJw/XzCKo6ipWFPzoLw/io=}}" err=nil
t=2026-06-03T14:19:11+0530 lvl=dbug msg="start tunnel listen" obj=tunnels.session name=command_line proto=https opts="&{URL: Domain: Hostname: Subdomain: Auth: HostHeaderRewrite:false LocalURLScheme:http ProxyProto:0 VerifyUpstreamTLS:false UpstreamCAPEM:[] Compression:<nil> CircuitBreaker:<nil> IPRestriction:<nil> BasicAuth:<nil> OAuth:<nil> OIDC:<nil> WebhookVerification:<nil> MutualTLSCA:<nil> RequestHeaders:<nil> ResponseHeaders:<nil> WebsocketTCPConverter:<nil> UserAgentFilter:<nil> Policy:<nil> TrafficPolicy:}" labels=map[] err=nil
t=2026-06-03T14:19:11+0530 lvl=info msg="started tunnel" obj=tunnels name=command_line addr=http://localhost:3000 url=https://morally-underdone-unread.ngrok-free.dev
t=2026-06-03T14:19:11+0530 lvl=dbug msg="waiting for update" obj=consoleui
t=2026-06-03T14:19:12+0530 lvl=dbug msg="waiting for update" obj=consoleui
t=2026-06-03T14:19:13+0530 lvl=dbug msg="waiting for update" obj=consoleui
t=2026-06-03T14:19:14+0530 lvl=dbug msg="waiting for update" obj=consoleui
t=2026-06-03T14:19:15+0530 lvl=dbug msg="waiting for update" obj=consoleui
t=2026-06-03T14:19:16+0530 lvl=dbug msg="waiting for update" obj=consoleui
t=2026-06-03T14:19:17+0530 lvl=dbug msg="waiting for update" obj=consoleui
t=2026-06-03T14:19:18+0530 lvl=dbug msg="waiting for update" obj=consoleui
t=2026-06-03T14:19:19+0530 lvl=dbug msg="waiting for update" obj=consoleui
t=2026-06-03T14:19:20+0530 lvl=dbug msg="waiting for update" obj=consoleui
t=2026-06-03T14:19:21+0530 lvl=dbug msg="waiting for update" obj=consoleui
t=2026-06-03T14:19:22+0530 lvl=dbug msg="waiting for update" obj=consoleui
t=2026-06-03T14:19:23+0530 lvl=dbug msg="waiting for update" obj=consoleui
t=2026-06-03T14:19:23+0530 lvl=dbug msg="heartbeat received" obj=tunnels.session obj=csess id=6c675a7035d1 clientid=7b31d0ea5646d09e1d2ee4f665dc47ac latency_ms=2819
t=2026-06-03T14:19:24+0530 lvl=dbug msg="waiting for update" obj=consoleui
t=2026-06-03T14:19:25+0530 lvl=dbug msg="waiting for update" obj=consoleui
t=2026-06-03T14:19:26+0530 lvl=dbug msg="waiting for update" obj=consoleui
t=2026-06-03T14:19:27+0530 lvl=dbug msg="waiting for update" obj=consoleui
t=2026-06-03T14:19:28+0530 lvl=dbug msg="waiting for update" obj=consoleui
t=2026-06-03T14:19:29+0530 lvl=dbug msg="waiting for update" obj=consoleui
t=2026-06-03T14:19:30+0530 lvl=dbug msg="waiting for update" obj=consoleui
t=2026-06-03T14:19:31+0530 lvl=dbug msg="heartbeat received" obj=tunnels.session obj=csess id=6c675a7035d1 clientid=7b31d0ea5646d09e1d2ee4f665dc47ac latency_ms=173
t=2026-06-03T14:19:31+0530 lvl=dbug msg="waiting for update" obj=consoleui
t=2026-06-03T14:19:32+0530 lvl=dbug msg="waiting for update" obj=consoleui
t=2026-06-03T14:19:33+0530 lvl=dbug msg="waiting for update" obj=consoleui
t=2026-06-03T14:19:34+0530 lvl=dbug msg="waiting for update" obj=consoleui
t=2026-06-03T14:19:35+0530 lvl=dbug msg="waiting for update" obj=consoleui
t=2026-06-03T14:19:36+0530 lvl=dbug msg="waiting for update" obj=consoleui
t=2026-06-03T14:19:37+0530 lvl=dbug msg="waiting for update" obj=consoleui
t=2026-06-03T14:19:38+0530 lvl=dbug msg="waiting for update" obj=consoleui
t=2026-06-03T14:19:39+0530 lvl=dbug msg="waiting for update" obj=consoleui
t=2026-06-03T14:19:40+0530 lvl=dbug msg="waiting for update" obj=consoleui
t=2026-06-03T14:19:41+0530 lvl=dbug msg="heartbeat received" obj=tunnels.session obj=csess id=6c675a7035d1 clientid=7b31d0ea5646d09e1d2ee4f665dc47ac latency_ms=112
t=2026-06-03T14:19:41+0530 lvl=dbug msg="waiting for update" obj=consoleui
t=2026-06-03T14:19:42+0530 lvl=dbug msg="waiting for update" obj=consoleui
t=2026-06-03T14:19:43+0530 lvl=dbug msg="waiting for update" obj=consoleui
t=2026-06-03T14:19:44+0530 lvl=dbug msg="waiting for update" obj=consoleui
t=2026-06-03T14:19:45+0530 lvl=dbug msg="waiting for update" obj=consoleui
t=2026-06-03T14:19:46+0530 lvl=dbug msg="waiting for update" obj=consoleui
t=2026-06-03T14:19:47+0530 lvl=dbug msg="waiting for update" obj=consoleui
t=2026-06-03T14:19:48+0530 lvl=dbug msg="waiting for update" obj=consoleui
t=2026-06-03T14:19:49+0530 lvl=dbug msg="waiting for update" obj=consoleui
t=2026-06-03T14:19:50+0530 lvl=dbug msg="waiting for update" obj=consoleui
t=2026-06-03T14:19:51+0530 lvl=dbug msg="heartbeat received" obj=tunnels.session obj=csess id=6c675a7035d1 clientid=7b31d0ea5646d09e1d2ee4f665dc47ac latency_ms=148
t=2026-06-03T14:19:51+0530 lvl=dbug msg="waiting for update" obj=consoleui
t=2026-06-03T14:19:52+0530 lvl=dbug msg="waiting for update" obj=consoleui
t=2026-06-03T14:19:53+0530 lvl=dbug msg="waiting for update" obj=consoleui
t=2026-06-03T14:19:54+0530 lvl=dbug msg="waiting for update" obj=consoleui
t=2026-06-03T14:19:55+0530 lvl=dbug msg="waiting for update" obj=consoleui
t=2026-06-03T14:19:56+0530 lvl=dbug msg="waiting for update" obj=consoleui
t=2026-06-03T14:19:57+0530 lvl=dbug msg="waiting for update" obj=consoleui
t=2026-06-03T14:19:58+0530 lvl=dbug msg="waiting for update" obj=consoleui
t=2026-06-03T14:19:59+0530 lvl=dbug msg="waiting for update" obj=consoleui
t=2026-06-03T14:20:00+0530 lvl=dbug msg="waiting for update" obj=consoleui
t=2026-06-03T14:20:01+0530 lvl=dbug msg="heartbeat received" obj=tunnels.session obj=csess id=6c675a7035d1 clientid=7b31d0ea5646d09e1d2ee4f665dc47ac latency_ms=492
t=2026-06-03T14:20:01+0530 lvl=dbug msg="waiting for update" obj=consoleui
t=2026-06-03T14:20:02+0530 lvl=dbug msg="waiting for update" obj=consoleui
t=2026-06-03T14:20:03+0530 lvl=dbug msg="waiting for update" obj=consoleui
t=2026-06-03T14:20:04+0530 lvl=dbug msg="waiting for update" obj=consoleui
t=2026-06-03T14:20:05+0530 lvl=dbug msg="waiting for update" obj=consoleui
t=2026-06-03T14:20:06+0530 lvl=dbug msg="waiting for update" obj=consoleui
t=2026-06-03T14:20:07+0530 lvl=dbug msg="waiting for update" obj=consoleui
t=2026-06-03T14:20:08+0530 lvl=dbug msg="waiting for update" obj=consoleui
t=2026-06-03T14:20:09+0530 lvl=dbug msg="waiting for update" obj=consoleui
t=2026-06-03T14:20:10+0530 lvl=dbug msg="waiting for update" obj=consoleui
t=2026-06-03T14:20:11+0530 lvl=dbug msg="heartbeat received" obj=tunnels.session obj=csess id=6c675a7035d1 clientid=7b31d0ea5646d09e1d2ee4f665dc47ac latency_ms=197
t=2026-06-03T14:20:11+0530 lvl=dbug msg="waiting for update" obj=consoleui
t=2026-06-03T14:20:12+0530 lvl=dbug msg="waiting for update" obj=consoleui
t=2026-06-03T14:20:13+0530 lvl=dbug msg="waiting for update" obj=consoleui
t=2026-06-03T14:20:14+0530 lvl=dbug msg="waiting for update" obj=consoleui
t=2026-06-03T14:20:15+0530 lvl=dbug msg="waiting for update" obj=consoleui
t=2026-06-03T14:20:16+0530 lvl=dbug msg="waiting for update" obj=consoleui
t=2026-06-03T14:20:17+0530 lvl=dbug msg="waiting for update" obj=consoleui
t=2026-06-03T14:20:18+0530 lvl=dbug msg="waiting for update" obj=consoleui
t=2026-06-03T14:20:19+0530 lvl=dbug msg="waiting for update" obj=consoleui
t=2026-06-03T14:20:20+0530 lvl=dbug msg="waiting for update" obj=consoleui
t=2026-06-03T14:20:21+0530 lvl=dbug msg="heartbeat received" obj=tunnels.session obj=csess id=6c675a7035d1 clientid=7b31d0ea5646d09e1d2ee4f665dc47ac latency_ms=140
t=2026-06-03T14:20:21+0530 lvl=dbug msg="waiting for update" obj=consoleui
t=2026-06-03T14:20:22+0530 lvl=dbug msg="waiting for update" obj=consoleui
t=2026-06-03T14:20:23+0530 lvl=dbug msg="waiting for update" obj=consoleui
t=2026-06-03T14:20:24+0530 lvl=dbug msg="waiting for update" obj=consoleui
t=2026-06-03T14:20:25+0530 lvl=dbug msg="waiting for update" obj=consoleui
t=2026-06-03T14:20:26+0530 lvl=dbug msg="waiting for update" obj=consoleui
t=2026-06-03T14:20:27+0530 lvl=dbug msg="waiting for update" obj=consoleui
t=2026-06-03T14:20:28+0530 lvl=dbug msg="waiting for update" obj=consoleui
t=2026-06-03T14:20:29+0530 lvl=dbug msg="waiting for update" obj=consoleui
t=2026-06-03T14:20:30+0530 lvl=dbug msg="waiting for update" obj=consoleui
t=2026-06-03T14:20:31+0530 lvl=dbug msg="waiting for update" obj=consoleui
t=2026-06-03T14:20:32+0530 lvl=dbug msg="heartbeat received" obj=tunnels.session obj=csess id=6c675a7035d1 clientid=7b31d0ea5646d09e1d2ee4f665dc47ac latency_ms=886
t=2026-06-03T14:20:32+0530 lvl=dbug msg="waiting for update" obj=consoleui
t=2026-06-03T14:20:33+0530 lvl=dbug msg="waiting for update" obj=consoleui
t=2026-06-03T14:20:34+0530 lvl=dbug msg="waiting for update" obj=consoleui
t=2026-06-03T14:20:35+0530 lvl=dbug msg="waiting for update" obj=consoleui
t=2026-06-03T14:20:36+0530 lvl=dbug msg="waiting for update" obj=consoleui
t=2026-06-03T14:20:37+0530 lvl=dbug msg="waiting for update" obj=consoleui
t=2026-06-03T14:20:38+0530 lvl=dbug msg="waiting for update" obj=consoleui
t=2026-06-03T14:20:39+0530 lvl=dbug msg="waiting for update" obj=consoleui
t=2026-06-03T14:20:40+0530 lvl=dbug msg="waiting for update" obj=consoleui
t=2026-06-03T14:20:41+0530 lvl=dbug msg="heartbeat received" obj=tunnels.session obj=csess id=6c675a7035d1 clientid=7b31d0ea5646d09e1d2ee4f665dc47ac latency_ms=262
t=2026-06-03T14:20:41+0530 lvl=dbug msg="waiting for update" obj=consoleui
t=2026-06-03T14:20:42+0530 lvl=dbug msg="waiting for update" obj=consoleui
t=2026-06-03T14:20:43+0530 lvl=dbug msg="waiting for update" obj=consoleui
t=2026-06-03T14:20:44+0530 lvl=dbug msg="waiting for update" obj=consoleui
t=2026-06-03T14:20:45+0530 lvl=dbug msg="waiting for update" obj=consoleui
t=2026-06-03T14:20:46+0530 lvl=dbug msg="waiting for update" obj=consoleui
t=2026-06-03T14:20:47+0530 lvl=dbug msg="waiting for update" obj=consoleui
t=2026-06-03T14:20:48+0530 lvl=dbug msg="waiting for update" obj=consoleui
t=2026-06-03T14:20:49+0530 lvl=dbug msg="waiting for update" obj=consoleui
t=2026-06-03T14:20:50+0530 lvl=dbug msg="waiting for update" obj=consoleui
t=2026-06-03T14:20:51+0530 lvl=dbug msg="heartbeat received" obj=tunnels.session obj=csess id=6c675a7035d1 clientid=7b31d0ea5646d09e1d2ee4f665dc47ac latency_ms=133
t=2026-06-03T14:20:51+0530 lvl=dbug msg="waiting for update" obj=consoleui
t=2026-06-03T14:20:52+0530 lvl=dbug msg="waiting for update" obj=consoleui
t=2026-06-03T14:20:53+0530 lvl=dbug msg="waiting for update" obj=consoleui
t=2026-06-03T14:20:54+0530 lvl=dbug msg="waiting for update" obj=consoleui
t=2026-06-03T14:20:55+0530 lvl=dbug msg="waiting for update" obj=consoleui
t=2026-06-03T14:20:56+0530 lvl=dbug msg="waiting for update" obj=consoleui
t=2026-06-03T14:20:57+0530 lvl=dbug msg="waiting for update" obj=consoleui
t=2026-06-03T14:20:58+0530 lvl=dbug msg="waiting for update" obj=consoleui
t=2026-06-03T14:20:58+0530 lvl=dbug msg="tunnel Accept" obj=tunnels.session obj=csess id=6c675a7035d1 clientid=7b31d0ea5646d09e1d2ee4f665dc47ac reqType=3 remoteAddr=13.127.105.236:443
t=2026-06-03T14:20:58+0530 lvl=dbug msg="dial private connection" id=23a199354ff5 addr=localhost:3000 err=nil
t=2026-06-03T14:20:58+0530 lvl=dbug msg="joining tunnel conn to backend" id=23a199354ff5 header="{ID:45531bfe77b61f34a2ebdeb8dcdfff6c ClientAddr:171.48.2.44:59773 Proto:https EdgeType:0 PassthroughTLS:false}"
t=2026-06-03T14:20:58+0530 lvl=info msg="join connections" obj=join id=e1371553bd5f l=[::1]:3000 r=171.48.2.44:59773
t=2026-06-03T14:20:58+0530 lvl=dbug msg="got request" id=d13e83b326ad typ=proxy path=/sign-in
t=2026-06-03T14:20:58+0530 lvl=dbug msg="add entry" obj=storage entrysz=226 sz=0
t=2026-06-03T14:20:58+0530 lvl=dbug msg="add entry" obj=storage entrysz=226 sz=0
t=2026-06-03T14:20:58+0530 lvl=dbug msg="waiting for update" obj=consoleui
t=2026-06-03T14:20:58+0530 lvl=dbug msg="waiting for update" obj=consoleui
t=2026-06-03T14:20:58+0530 lvl=dbug msg="waiting for update" obj=consoleui
t=2026-06-03T14:20:59+0530 lvl=dbug msg="got response for request" id=d13e83b326ad typ=proxy reqpath=/sign-in
t=2026-06-03T14:20:59+0530 lvl=dbug msg="add entry" obj=storage entrysz=870 sz=0
t=2026-06-03T14:20:59+0530 lvl=dbug msg="add entry" obj=storage entrysz=870 sz=0
t=2026-06-03T14:20:59+0530 lvl=dbug msg="waiting for update" obj=consoleui
t=2026-06-03T14:20:59+0530 lvl=dbug msg="waiting for update" obj=consoleui
t=2026-06-03T14:20:59+0530 lvl=dbug msg="waiting for update" obj=consoleui
t=2026-06-03T14:20:59+0530 lvl=dbug msg="waiting for update" obj=consoleui
t=2026-06-03T14:21:00+0530 lvl=dbug msg="waiting for update" obj=consoleui
t=2026-06-03T14:21:01+0530 lvl=dbug msg="heartbeat received" obj=tunnels.session obj=csess id=6c675a7035d1 clientid=7b31d0ea5646d09e1d2ee4f665dc47ac latency_ms=352
t=2026-06-03T14:21:01+0530 lvl=dbug msg="waiting for update" obj=consoleui
t=2026-06-03T14:21:02+0530 lvl=dbug msg="waiting for update" obj=consoleui
t=2026-06-03T14:21:03+0530 lvl=dbug msg="waiting for update" obj=consoleui
t=2026-06-03T14:21:04+0530 lvl=dbug msg="waiting for update" obj=consoleui
t=2026-06-03T14:21:05+0530 lvl=dbug msg="half join complete" obj=join id=e1371553bd5f from=[::1]:3000 to=171.48.2.44:59773 nbytes=644 err=nil
t=2026-06-03T14:21:05+0530 lvl=dbug msg="half join complete" obj=join id=e1371553bd5f from=171.48.2.44:59773 to=[::1]:3000 nbytes=226 err=nil
t=2026-06-03T14:21:05+0530 lvl=dbug msg=close obj=tunnels.session obj=csess id=6c675a7035d1 clientid=7b31d0ea5646d09e1d2ee4f665dc47ac id=cf86c9965770 type=proxy sess=7b31d0ea5646d09e1d2ee4f665dc47ac err=nil
t=2026-06-03T14:21:05+0530 lvl=dbug msg=close id=d13e83b326ad typ=proxy err=nil
t=2026-06-03T14:21:05+0530 lvl=dbug msg=close id=23a199354ff5 err=nil
t=2026-06-03T14:21:05+0530 lvl=dbug msg=http.ReadRequest id=d13e83b326ad typ=proxy err=EOF
t=2026-06-03T14:21:05+0530 lvl=dbug msg=http.ReadResponse id=d13e83b326ad typ=proxy err="unexpected EOF"
t=2026-06-03T14:21:05+0530 lvl=dbug msg=close obj=tunnels.session obj=csess id=6c675a7035d1 clientid=7b31d0ea5646d09e1d2ee4f665dc47ac id=cf86c9965770 type=proxy sess=7b31d0ea5646d09e1d2ee4f665dc47ac err=nil
t=2026-06-03T14:21:05+0530 lvl=dbug msg=close id=d13e83b326ad typ=proxy err=nil
t=2026-06-03T14:21:05+0530 lvl=dbug msg=close id=23a199354ff5 err=nil
t=2026-06-03T14:21:05+0530 lvl=dbug msg=close obj=tunnels.session obj=csess id=6c675a7035d1 clientid=7b31d0ea5646d09e1d2ee4f665dc47ac id=cf86c9965770 type=proxy sess=7b31d0ea5646d09e1d2ee4f665dc47ac err=nil
t=2026-06-03T14:21:05+0530 lvl=dbug msg=close id=d13e83b326ad typ=proxy err=nil
t=2026-06-03T14:21:05+0530 lvl=dbug msg=close obj=tunnels.session obj=csess id=6c675a7035d1 clientid=7b31d0ea5646d09e1d2ee4f665dc47ac id=cf86c9965770 type=proxy sess=7b31d0ea5646d09e1d2ee4f665dc47ac err=nil
t=2026-06-03T14:21:05+0530 lvl=dbug msg=close id=d13e83b326ad typ=proxy err=nil
t=2026-06-03T14:21:05+0530 lvl=dbug msg=close obj=tunnels.session obj=csess id=6c675a7035d1 clientid=7b31d0ea5646d09e1d2ee4f665dc47ac id=cf86c9965770 type=proxy sess=7b31d0ea5646d09e1d2ee4f665dc47ac err=nil
t=2026-06-03T14:21:05+0530 lvl=dbug msg=close id=d13e83b326ad typ=proxy err=nil
t=2026-06-03T14:21:05+0530 lvl=dbug msg="waiting for update" obj=consoleui
t=2026-06-03T14:21:05+0530 lvl=dbug msg="waiting for update" obj=consoleui
t=2026-06-03T14:21:06+0530 lvl=dbug msg="waiting for update" obj=consoleui
t=2026-06-03T14:21:07+0530 lvl=dbug msg="waiting for update" obj=consoleui
t=2026-06-03T14:21:08+0530 lvl=dbug msg="waiting for update" obj=consoleui
t=2026-06-03T14:21:09+0530 lvl=dbug msg="waiting for update" obj=consoleui
t=2026-06-03T14:21:10+0530 lvl=dbug msg="waiting for update" obj=consoleui
t=2026-06-03T14:21:11+0530 lvl=dbug msg="heartbeat received" obj=tunnels.session obj=csess id=6c675a7035d1 clientid=7b31d0ea5646d09e1d2ee4f665dc47ac latency_ms=149
t=2026-06-03T14:21:11+0530 lvl=dbug msg="waiting for update" obj=consoleui
t=2026-06-03T14:21:12+0530 lvl=dbug msg="waiting for update" obj=consoleui
t=2026-06-03T14:21:13+0530 lvl=dbug msg="waiting for update" obj=consoleui
t=2026-06-03T14:21:14+0530 lvl=dbug msg="waiting for update" obj=consoleui
t=2026-06-03T14:21:15+0530 lvl=dbug msg="waiting for update" obj=consoleui
t=2026-06-03T14:21:16+0530 lvl=dbug msg="waiting for update" obj=consoleui
t=2026-06-03T14:21:17+0530 lvl=dbug msg="waiting for update" obj=consoleui
t=2026-06-03T14:21:18+0530 lvl=dbug msg="waiting for update" obj=consoleui
t=2026-06-03T14:21:19+0530 lvl=dbug msg="waiting for update" obj=consoleui
t=2026-06-03T14:21:20+0530 lvl=dbug msg="waiting for update" obj=consoleui
t=2026-06-03T14:21:21+0530 lvl=dbug msg="heartbeat received" obj=tunnels.session obj=csess id=6c675a7035d1 clientid=7b31d0ea5646d09e1d2ee4f665dc47ac latency_ms=151
t=2026-06-03T14:21:21+0530 lvl=dbug msg="waiting for update" obj=consoleui
t=2026-06-03T14:21:22+0530 lvl=dbug msg="waiting for update" obj=consoleui
t=2026-06-03T14:21:23+0530 lvl=dbug msg="waiting for update" obj=consoleui
t=2026-06-03T14:21:24+0530 lvl=dbug msg="waiting for update" obj=consoleui
t=2026-06-03T14:21:25+0530 lvl=dbug msg="waiting for update" obj=consoleui
t=2026-06-03T14:21:26+0530 lvl=dbug msg="waiting for update" obj=consoleui
t=2026-06-03T14:21:27+0530 lvl=dbug msg="waiting for update" obj=consoleui
t=2026-06-03T14:21:28+0530 lvl=dbug msg="waiting for update" obj=consoleui
t=2026-06-03T14:21:29+0530 lvl=dbug msg="waiting for update" obj=consoleui
t=2026-06-03T14:21:30+0530 lvl=dbug msg="waiting for update" obj=consoleui
t=2026-06-03T14:21:31+0530 lvl=dbug msg="heartbeat received" obj=tunnels.session obj=csess id=6c675a7035d1 clientid=7b31d0ea5646d09e1d2ee4f665dc47ac latency_ms=180
t=2026-06-03T14:21:31+0530 lvl=dbug msg="waiting for update" obj=consoleui
t=2026-06-03T14:21:32+0530 lvl=dbug msg="waiting for update" obj=consoleui
t=2026-06-03T14:21:33+0530 lvl=dbug msg="waiting for update" obj=consoleui
t=2026-06-03T14:21:34+0530 lvl=dbug msg="waiting for update" obj=consoleui
t=2026-06-03T14:21:35+0530 lvl=dbug msg="waiting for update" obj=consoleui
t=2026-06-03T14:21:36+0530 lvl=dbug msg="waiting for update" obj=consoleui
t=2026-06-03T14:21:37+0530 lvl=dbug msg="waiting for update" obj=consoleui
t=2026-06-03T14:21:38+0530 lvl=dbug msg="waiting for update" obj=consoleui
t=2026-06-03T14:21:39+0530 lvl=dbug msg="waiting for update" obj=consoleui
t=2026-06-03T14:21:40+0530 lvl=dbug msg="waiting for update" obj=consoleui
t=2026-06-03T14:21:41+0530 lvl=dbug msg="heartbeat received" obj=tunnels.session obj=csess id=6c675a7035d1 clientid=7b31d0ea5646d09e1d2ee4f665dc47ac latency_ms=114
t=2026-06-03T14:21:41+0530 lvl=dbug msg="waiting for update" obj=consoleui
t=2026-06-03T14:21:42+0530 lvl=dbug msg="waiting for update" obj=consoleui
t=2026-06-03T14:21:43+0530 lvl=dbug msg="waiting for update" obj=consoleui
t=2026-06-03T14:21:44+0530 lvl=dbug msg="waiting for update" obj=consoleui
t=2026-06-03T14:21:45+0530 lvl=dbug msg="waiting for update" obj=consoleui
t=2026-06-03T14:21:46+0530 lvl=dbug msg="waiting for update" obj=consoleui
t=2026-06-03T14:21:47+0530 lvl=dbug msg="waiting for update" obj=consoleui
t=2026-06-03T14:21:48+0530 lvl=dbug msg="waiting for update" obj=consoleui
t=2026-06-03T14:21:49+0530 lvl=dbug msg="waiting for update" obj=consoleui
t=2026-06-03T14:21:50+0530 lvl=dbug msg="waiting for update" obj=consoleui
t=2026-06-03T14:21:51+0530 lvl=dbug msg="heartbeat received" obj=tunnels.session obj=csess id=6c675a7035d1 clientid=7b31d0ea5646d09e1d2ee4f665dc47ac latency_ms=104
t=2026-06-03T14:21:51+0530 lvl=dbug msg="waiting for update" obj=consoleui
t=2026-06-03T14:21:52+0530 lvl=dbug msg="waiting for update" obj=consoleui
t=2026-06-03T14:21:53+0530 lvl=dbug msg="waiting for update" obj=consoleui
t=2026-06-03T14:21:54+0530 lvl=dbug msg="waiting for update" obj=consoleui
t=2026-06-03T14:21:55+0530 lvl=dbug msg="waiting for update" obj=consoleui
t=2026-06-03T14:21:56+0530 lvl=dbug msg="waiting for update" obj=consoleui
t=2026-06-03T14:21:57+0530 lvl=dbug msg="waiting for update" obj=consoleui
t=2026-06-03T14:21:58+0530 lvl=dbug msg="waiting for update" obj=consoleui
t=2026-06-03T14:21:59+0530 lvl=dbug msg="waiting for update" obj=consoleui
t=2026-06-03T14:22:00+0530 lvl=dbug msg="waiting for update" obj=consoleui
t=2026-06-03T14:22:01+0530 lvl=dbug msg="heartbeat received" obj=tunnels.session obj=csess id=6c675a7035d1 clientid=7b31d0ea5646d09e1d2ee4f665dc47ac latency_ms=139
t=2026-06-03T14:22:01+0530 lvl=dbug msg="waiting for update" obj=consoleui
t=2026-06-03T14:22:02+0530 lvl=dbug msg="waiting for update" obj=consoleui
t=2026-06-03T14:22:03+0530 lvl=dbug msg="waiting for update" obj=consoleui
t=2026-06-03T14:22:04+0530 lvl=dbug msg="waiting for update" obj=consoleui
t=2026-06-03T14:22:05+0530 lvl=dbug msg="waiting for update" obj=consoleui
t=2026-06-03T14:22:06+0530 lvl=dbug msg="waiting for update" obj=consoleui
t=2026-06-03T14:22:07+0530 lvl=dbug msg="waiting for update" obj=consoleui
t=2026-06-03T14:22:08+0530 lvl=dbug msg="waiting for update" obj=consoleui
t=2026-06-03T14:22:09+0530 lvl=dbug msg="waiting for update" obj=consoleui
t=2026-06-03T14:22:10+0530 lvl=dbug msg="waiting for update" obj=consoleui
t=2026-06-03T14:22:11+0530 lvl=dbug msg="heartbeat received" obj=tunnels.session obj=csess id=6c675a7035d1 clientid=7b31d0ea5646d09e1d2ee4f665dc47ac latency_ms=356
t=2026-06-03T14:22:11+0530 lvl=dbug msg="waiting for update" obj=consoleui
t=2026-06-03T14:22:12+0530 lvl=dbug msg="waiting for update" obj=consoleui
t=2026-06-03T14:22:13+0530 lvl=dbug msg="waiting for update" obj=consoleui
t=2026-06-03T14:22:14+0530 lvl=dbug msg="waiting for update" obj=consoleui
t=2026-06-03T14:22:15+0530 lvl=dbug msg="waiting for update" obj=consoleui
t=2026-06-03T14:22:16+0530 lvl=dbug msg="waiting for update" obj=consoleui
t=2026-06-03T14:22:17+0530 lvl=dbug msg="waiting for update" obj=consoleui
t=2026-06-03T14:22:18+0530 lvl=dbug msg="waiting for update" obj=consoleui
t=2026-06-03T14:22:19+0530 lvl=dbug msg="waiting for update" obj=consoleui
t=2026-06-03T14:22:20+0530 lvl=dbug msg="waiting for update" obj=consoleui
t=2026-06-03T14:22:21+0530 lvl=dbug msg="heartbeat received" obj=tunnels.session obj=csess id=6c675a7035d1 clientid=7b31d0ea5646d09e1d2ee4f665dc47ac latency_ms=146
t=2026-06-03T14:22:21+0530 lvl=dbug msg="waiting for update" obj=consoleui
t=2026-06-03T14:22:22+0530 lvl=dbug msg="waiting for update" obj=consoleui
t=2026-06-03T14:22:23+0530 lvl=dbug msg="waiting for update" obj=consoleui
t=2026-06-03T14:22:24+0530 lvl=dbug msg="waiting for update" obj=consoleui
t=2026-06-03T14:22:25+0530 lvl=dbug msg="waiting for update" obj=consoleui
t=2026-06-03T14:22:26+0530 lvl=dbug msg="waiting for update" obj=consoleui
t=2026-06-03T14:22:27+0530 lvl=dbug msg="waiting for update" obj=consoleui
t=2026-06-03T14:22:28+0530 lvl=dbug msg="waiting for update" obj=consoleui
t=2026-06-03T14:22:29+0530 lvl=dbug msg="waiting for update" obj=consoleui
t=2026-06-03T14:22:30+0530 lvl=dbug msg="waiting for update" obj=consoleui
t=2026-06-03T14:22:31+0530 lvl=dbug msg="heartbeat received" obj=tunnels.session obj=csess id=6c675a7035d1 clientid=7b31d0ea5646d09e1d2ee4f665dc47ac latency_ms=150
t=2026-06-03T14:22:31+0530 lvl=dbug msg="waiting for update" obj=consoleui
t=2026-06-03T14:22:32+0530 lvl=dbug msg="waiting for update" obj=consoleui
t=2026-06-03T14:22:33+0530 lvl=dbug msg="waiting for update" obj=consoleui
t=2026-06-03T14:22:34+0530 lvl=dbug msg="waiting for update" obj=consoleui
t=2026-06-03T14:22:35+0530 lvl=dbug msg="waiting for update" obj=consoleui
t=2026-06-03T14:22:36+0530 lvl=dbug msg="waiting for update" obj=consoleui
t=2026-06-03T14:22:37+0530 lvl=dbug msg="waiting for update" obj=consoleui
t=2026-06-03T14:22:38+0530 lvl=dbug msg="waiting for update" obj=consoleui
t=2026-06-03T14:22:39+0530 lvl=dbug msg="waiting for update" obj=consoleui
t=2026-06-03T14:22:40+0530 lvl=dbug msg="waiting for update" obj=consoleui
t=2026-06-03T14:22:41+0530 lvl=dbug msg="heartbeat received" obj=tunnels.session obj=csess id=6c675a7035d1 clientid=7b31d0ea5646d09e1d2ee4f665dc47ac latency_ms=177
t=2026-06-03T14:22:41+0530 lvl=dbug msg="waiting for update" obj=consoleui
t=2026-06-03T14:22:42+0530 lvl=dbug msg="waiting for update" obj=consoleui
t=2026-06-03T14:22:43+0530 lvl=dbug msg="waiting for update" obj=consoleui
t=2026-06-03T14:22:44+0530 lvl=dbug msg="waiting for update" obj=consoleui
t=2026-06-03T14:22:45+0530 lvl=dbug msg="waiting for update" obj=consoleui
t=2026-06-03T14:22:46+0530 lvl=dbug msg="waiting for update" obj=consoleui
t=2026-06-03T14:22:47+0530 lvl=dbug msg="waiting for update" obj=consoleui
t=2026-06-03T14:22:48+0530 lvl=dbug msg="waiting for update" obj=consoleui
t=2026-06-03T14:22:49+0530 lvl=dbug msg="waiting for update" obj=consoleui
t=2026-06-03T14:22:50+0530 lvl=dbug msg="waiting for update" obj=consoleui
t=2026-06-03T14:22:51+0530 lvl=dbug msg="heartbeat received" obj=tunnels.session obj=csess id=6c675a7035d1 clientid=7b31d0ea5646d09e1d2ee4f665dc47ac latency_ms=400
t=2026-06-03T14:22:51+0530 lvl=dbug msg="waiting for update" obj=consoleui
t=2026-06-03T14:22:52+0530 lvl=dbug msg="waiting for update" obj=consoleui
t=2026-06-03T14:22:53+0530 lvl=dbug msg="waiting for update" obj=consoleui
t=2026-06-03T14:22:54+0530 lvl=dbug msg="waiting for update" obj=consoleui
t=2026-06-03T14:22:55+0530 lvl=dbug msg="waiting for update" obj=consoleui
t=2026-06-03T14:22:56+0530 lvl=dbug msg="waiting for update" obj=consoleui
t=2026-06-03T14:22:57+0530 lvl=dbug msg="waiting for update" obj=consoleui
t=2026-06-03T14:22:58+0530 lvl=dbug msg="waiting for update" obj=consoleui
t=2026-06-03T14:22:59+0530 lvl=dbug msg="waiting for update" obj=consoleui
t=2026-06-03T14:23:00+0530 lvl=dbug msg="waiting for update" obj=consoleui
t=2026-06-03T14:23:01+0530 lvl=dbug msg="heartbeat received" obj=tunnels.session obj=csess id=6c675a7035d1 clientid=7b31d0ea5646d09e1d2ee4f665dc47ac latency_ms=315
t=2026-06-03T14:23:01+0530 lvl=dbug msg="waiting for update" obj=consoleui
t=2026-06-03T14:23:02+0530 lvl=dbug msg="waiting for update" obj=consoleui
t=2026-06-03T14:23:03+0530 lvl=dbug msg="waiting for update" obj=consoleui
t=2026-06-03T14:23:04+0530 lvl=dbug msg="waiting for update" obj=consoleui
t=2026-06-03T14:23:05+0530 lvl=dbug msg="waiting for update" obj=consoleui
t=2026-06-03T14:23:06+0530 lvl=dbug msg="waiting for update" obj=consoleui
t=2026-06-03T14:23:07+0530 lvl=dbug msg="waiting for update" obj=consoleui
t=2026-06-03T14:23:08+0530 lvl=dbug msg="waiting for update" obj=consoleui
t=2026-06-03T14:23:09+0530 lvl=dbug msg="waiting for update" obj=consoleui
t=2026-06-03T14:23:10+0530 lvl=dbug msg="waiting for update" obj=consoleui
t=2026-06-03T14:23:11+0530 lvl=dbug msg="heartbeat received" obj=tunnels.session obj=csess id=6c675a7035d1 clientid=7b31d0ea5646d09e1d2ee4f665dc47ac latency_ms=109
t=2026-06-03T14:23:11+0530 lvl=dbug msg="waiting for update" obj=consoleui
t=2026-06-03T14:23:12+0530 lvl=dbug msg="waiting for update" obj=consoleui
t=2026-06-03T14:23:13+0530 lvl=dbug msg="waiting for update" obj=consoleui
t=2026-06-03T14:23:14+0530 lvl=dbug msg="waiting for update" obj=consoleui
t=2026-06-03T14:23:15+0530 lvl=dbug msg="waiting for update" obj=consoleui
t=2026-06-03T14:23:16+0530 lvl=dbug msg="waiting for update" obj=consoleui
t=2026-06-03T14:23:17+0530 lvl=dbug msg="waiting for update" obj=consoleui
t=2026-06-03T14:23:18+0530 lvl=dbug msg="waiting for update" obj=consoleui
t=2026-06-03T14:23:19+0530 lvl=dbug msg="waiting for update" obj=consoleui
t=2026-06-03T14:23:20+0530 lvl=dbug msg="waiting for update" obj=consoleui
t=2026-06-03T14:23:21+0530 lvl=dbug msg="heartbeat received" obj=tunnels.session obj=csess id=6c675a7035d1 clientid=7b31d0ea5646d09e1d2ee4f665dc47ac latency_ms=105
t=2026-06-03T14:23:21+0530 lvl=dbug msg="waiting for update" obj=consoleui
t=2026-06-03T14:23:22+0530 lvl=dbug msg="waiting for update" obj=consoleui
t=2026-06-03T14:23:23+0530 lvl=dbug msg="waiting for update" obj=consoleui
t=2026-06-03T14:23:24+0530 lvl=dbug msg="waiting for update" obj=consoleui
t=2026-06-03T14:23:25+0530 lvl=dbug msg="waiting for update" obj=consoleui
t=2026-06-03T14:23:26+0530 lvl=dbug msg="waiting for update" obj=consoleui
t=2026-06-03T14:23:27+0530 lvl=dbug msg="waiting for update" obj=consoleui
t=2026-06-03T14:23:28+0530 lvl=dbug msg="waiting for update" obj=consoleui
t=2026-06-03T14:23:29+0530 lvl=dbug msg="waiting for update" obj=consoleui
t=2026-06-03T14:23:30+0530 lvl=dbug msg="waiting for update" obj=consoleui
t=2026-06-03T14:23:31+0530 lvl=dbug msg="heartbeat received" obj=tunnels.session obj=csess id=6c675a7035d1 clientid=7b31d0ea5646d09e1d2ee4f665dc47ac latency_ms=116
t=2026-06-03T14:23:31+0530 lvl=dbug msg="waiting for update" obj=consoleui
t=2026-06-03T14:23:32+0530 lvl=dbug msg="waiting for update" obj=consoleui
t=2026-06-03T14:23:33+0530 lvl=dbug msg="waiting for update" obj=consoleui
t=2026-06-03T14:23:34+0530 lvl=dbug msg="waiting for update" obj=consoleui
t=2026-06-03T14:23:35+0530 lvl=dbug msg="waiting for update" obj=consoleui
t=2026-06-03T14:23:36+0530 lvl=dbug msg="waiting for update" obj=consoleui
t=2026-06-03T14:23:37+0530 lvl=dbug msg="waiting for update" obj=consoleui
t=2026-06-03T14:23:38+0530 lvl=dbug msg="waiting for update" obj=consoleui
t=2026-06-03T14:23:39+0530 lvl=dbug msg="waiting for update" obj=consoleui
t=2026-06-03T14:23:40+0530 lvl=dbug msg="waiting for update" obj=consoleui
t=2026-06-03T14:23:41+0530 lvl=dbug msg="heartbeat received" obj=tunnels.session obj=csess id=6c675a7035d1 clientid=7b31d0ea5646d09e1d2ee4f665dc47ac latency_ms=137
t=2026-06-03T14:23:41+0530 lvl=dbug msg="waiting for update" obj=consoleui
t=2026-06-03T14:23:42+0530 lvl=dbug msg="waiting for update" obj=consoleui
t=2026-06-03T14:23:43+0530 lvl=dbug msg="waiting for update" obj=consoleui
t=2026-06-03T14:23:44+0530 lvl=dbug msg="waiting for update" obj=consoleui
t=2026-06-03T14:23:45+0530 lvl=dbug msg="waiting for update" obj=consoleui
t=2026-06-03T14:23:46+0530 lvl=dbug msg="waiting for update" obj=consoleui
t=2026-06-03T14:23:47+0530 lvl=dbug msg="waiting for update" obj=consoleui
t=2026-06-03T14:23:48+0530 lvl=dbug msg="waiting for update" obj=consoleui
t=2026-06-03T14:23:49+0530 lvl=dbug msg="waiting for update" obj=consoleui
t=2026-06-03T14:23:50+0530 lvl=dbug msg="waiting for update" obj=consoleui
t=2026-06-03T14:23:51+0530 lvl=dbug msg="heartbeat received" obj=tunnels.session obj=csess id=6c675a7035d1 clientid=7b31d0ea5646d09e1d2ee4f665dc47ac latency_ms=157
t=2026-06-03T14:23:51+0530 lvl=dbug msg="waiting for update" obj=consoleui
t=2026-06-03T14:23:52+0530 lvl=dbug msg="waiting for update" obj=consoleui
t=2026-06-03T14:23:53+0530 lvl=dbug msg="waiting for update" obj=consoleui
t=2026-06-03T14:23:54+0530 lvl=dbug msg="waiting for update" obj=consoleui
t=2026-06-03T14:23:55+0530 lvl=dbug msg="waiting for update" obj=consoleui
t=2026-06-03T14:23:56+0530 lvl=dbug msg="waiting for update" obj=consoleui
t=2026-06-03T14:23:57+0530 lvl=dbug msg="waiting for update" obj=consoleui
t=2026-06-03T14:23:58+0530 lvl=dbug msg="waiting for update" obj=consoleui
t=2026-06-03T14:23:59+0530 lvl=dbug msg="waiting for update" obj=consoleui
t=2026-06-03T14:24:00+0530 lvl=dbug msg="waiting for update" obj=consoleui
t=2026-06-03T14:24:01+0530 lvl=dbug msg="waiting for update" obj=consoleui
t=2026-06-03T14:24:01+0530 lvl=dbug msg="heartbeat received" obj=tunnels.session obj=csess id=6c675a7035d1 clientid=7b31d0ea5646d09e1d2ee4f665dc47ac latency_ms=757
t=2026-06-03T14:24:02+0530 lvl=dbug msg="waiting for update" obj=consoleui
t=2026-06-03T14:24:03+0530 lvl=dbug msg="waiting for update" obj=consoleui
t=2026-06-03T14:24:04+0530 lvl=dbug msg="waiting for update" obj=consoleui
t=2026-06-03T14:24:05+0530 lvl=dbug msg="waiting for update" obj=consoleui
t=2026-06-03T14:24:06+0530 lvl=dbug msg="waiting for update" obj=consoleui
t=2026-06-03T14:24:07+0530 lvl=dbug msg="waiting for update" obj=consoleui
t=2026-06-03T14:24:08+0530 lvl=dbug msg="waiting for update" obj=consoleui
t=2026-06-03T14:24:09+0530 lvl=dbug msg="waiting for update" obj=consoleui
t=2026-06-03T14:24:10+0530 lvl=dbug msg="waiting for update" obj=consoleui
t=2026-06-03T14:24:11+0530 lvl=dbug msg="heartbeat received" obj=tunnels.session obj=csess id=6c675a7035d1 clientid=7b31d0ea5646d09e1d2ee4f665dc47ac latency_ms=171
t=2026-06-03T14:24:11+0530 lvl=dbug msg="waiting for update" obj=consoleui
t=2026-06-03T14:24:12+0530 lvl=dbug msg="waiting for update" obj=consoleui
t=2026-06-03T14:24:13+0530 lvl=dbug msg="waiting for update" obj=consoleui
t=2026-06-03T14:24:14+0530 lvl=dbug msg="waiting for update" obj=consoleui
t=2026-06-03T14:24:15+0530 lvl=dbug msg="waiting for update" obj=consoleui
t=2026-06-03T14:24:16+0530 lvl=dbug msg="waiting for update" obj=consoleui
t=2026-06-03T14:24:17+0530 lvl=dbug msg="waiting for update" obj=consoleui
t=2026-06-03T14:24:18+0530 lvl=dbug msg="waiting for update" obj=consoleui
t=2026-06-03T14:24:19+0530 lvl=dbug msg="waiting for update" obj=consoleui
t=2026-06-03T14:24:20+0530 lvl=dbug msg="waiting for update" obj=consoleui
t=2026-06-03T14:24:21+0530 lvl=dbug msg="heartbeat received" obj=tunnels.session obj=csess id=6c675a7035d1 clientid=7b31d0ea5646d09e1d2ee4f665dc47ac latency_ms=168
t=2026-06-03T14:24:21+0530 lvl=dbug msg="waiting for update" obj=consoleui
t=2026-06-03T14:24:22+0530 lvl=dbug msg="waiting for update" obj=consoleui
t=2026-06-03T14:24:23+0530 lvl=dbug msg="waiting for update" obj=consoleui
t=2026-06-03T14:24:24+0530 lvl=dbug msg="waiting for update" obj=consoleui
t=2026-06-03T14:24:25+0530 lvl=dbug msg="waiting for update" obj=consoleui
t=2026-06-03T14:24:26+0530 lvl=dbug msg="waiting for update" obj=consoleui
t=2026-06-03T14:24:27+0530 lvl=dbug msg="waiting for update" obj=consoleui
t=2026-06-03T14:24:28+0530 lvl=dbug msg="waiting for update" obj=consoleui
t=2026-06-03T14:24:29+0530 lvl=dbug msg="waiting for update" obj=consoleui
t=2026-06-03T14:24:30+0530 lvl=dbug msg="waiting for update" obj=consoleui
t=2026-06-03T14:24:31+0530 lvl=dbug msg="heartbeat received" obj=tunnels.session obj=csess id=6c675a7035d1 clientid=7b31d0ea5646d09e1d2ee4f665dc47ac latency_ms=118
t=2026-06-03T14:24:31+0530 lvl=dbug msg="waiting for update" obj=consoleui
t=2026-06-03T14:24:32+0530 lvl=dbug msg="waiting for update" obj=consoleui
t=2026-06-03T14:24:33+0530 lvl=dbug msg="waiting for update" obj=consoleui
t=2026-06-03T14:24:34+0530 lvl=dbug msg="waiting for update" obj=consoleui
t=2026-06-03T14:24:35+0530 lvl=dbug msg="waiting for update" obj=consoleui
t=2026-06-03T14:24:36+0530 lvl=dbug msg="waiting for update" obj=consoleui
t=2026-06-03T14:24:37+0530 lvl=dbug msg="waiting for update" obj=consoleui
t=2026-06-03T14:24:38+0530 lvl=dbug msg="waiting for update" obj=consoleui
t=2026-06-03T14:24:39+0530 lvl=dbug msg="waiting for update" obj=consoleui
t=2026-06-03T14:24:40+0530 lvl=dbug msg="waiting for update" obj=consoleui
t=2026-06-03T14:24:41+0530 lvl=dbug msg="waiting for update" obj=consoleui
t=2026-06-03T14:24:42+0530 lvl=dbug msg="heartbeat received" obj=tunnels.session obj=csess id=6c675a7035d1 clientid=7b31d0ea5646d09e1d2ee4f665dc47ac latency_ms=1193
t=2026-06-03T14:24:42+0530 lvl=dbug msg="waiting for update" obj=consoleui
t=2026-06-03T14:24:43+0530 lvl=dbug msg="waiting for update" obj=consoleui
t=2026-06-03T14:24:44+0530 lvl=dbug msg="waiting for update" obj=consoleui
t=2026-06-03T14:24:45+0530 lvl=dbug msg="waiting for update" obj=consoleui
t=2026-06-03T14:24:46+0530 lvl=dbug msg="waiting for update" obj=consoleui
t=2026-06-03T14:24:47+0530 lvl=dbug msg="waiting for update" obj=consoleui
t=2026-06-03T14:24:48+0530 lvl=dbug msg="waiting for update" obj=consoleui
t=2026-06-03T14:24:49+0530 lvl=dbug msg="waiting for update" obj=consoleui
t=2026-06-03T14:24:50+0530 lvl=dbug msg="waiting for update" obj=consoleui
t=2026-06-03T14:24:51+0530 lvl=dbug msg="heartbeat received" obj=tunnels.session obj=csess id=6c675a7035d1 clientid=7b31d0ea5646d09e1d2ee4f665dc47ac latency_ms=222
t=2026-06-03T14:24:51+0530 lvl=dbug msg="waiting for update" obj=consoleui
t=2026-06-03T14:24:52+0530 lvl=dbug msg="waiting for update" obj=consoleui
t=2026-06-03T14:24:53+0530 lvl=dbug msg="tunnel Accept" obj=tunnels.session obj=csess id=6c675a7035d1 clientid=7b31d0ea5646d09e1d2ee4f665dc47ac reqType=3 remoteAddr=13.127.105.236:443
t=2026-06-03T14:24:53+0530 lvl=dbug msg="dial private connection" id=1d3ec830a6cb addr=localhost:3000 err=nil
t=2026-06-03T14:24:53+0530 lvl=dbug msg="joining tunnel conn to backend" id=1d3ec830a6cb header="{ID:45531bfe77b61f34a2ebdeb8dcdfff6c ClientAddr:171.48.2.44:56269 Proto:https EdgeType:0 PassthroughTLS:false}"
t=2026-06-03T14:24:53+0530 lvl=info msg="join connections" obj=join id=965006d607d0 l=[::1]:3000 r=171.48.2.44:56269
t=2026-06-03T14:24:53+0530 lvl=dbug msg="got request" id=ee5ff581ae76 typ=proxy path=/sign-in
t=2026-06-03T14:24:53+0530 lvl=dbug msg="add entry" obj=storage entrysz=226 sz=870
t=2026-06-03T14:24:53+0530 lvl=dbug msg="add entry" obj=storage entrysz=226 sz=870
t=2026-06-03T14:24:53+0530 lvl=dbug msg="waiting for update" obj=consoleui
t=2026-06-03T14:24:53+0530 lvl=dbug msg="waiting for update" obj=consoleui
t=2026-06-03T14:24:53+0530 lvl=dbug msg="waiting for update" obj=consoleui
t=2026-06-03T14:24:53+0530 lvl=dbug msg="got response for request" id=ee5ff581ae76 typ=proxy reqpath=/sign-in
t=2026-06-03T14:24:53+0530 lvl=dbug msg="add entry" obj=storage entrysz=870 sz=870
t=2026-06-03T14:24:53+0530 lvl=dbug msg="add entry" obj=storage entrysz=870 sz=870
t=2026-06-03T14:24:53+0530 lvl=dbug msg="waiting for update" obj=consoleui
t=2026-06-03T14:24:53+0530 lvl=dbug msg="waiting for update" obj=consoleui
t=2026-06-03T14:24:53+0530 lvl=dbug msg="waiting for update" obj=consoleui
t=2026-06-03T14:24:53+0530 lvl=dbug msg="waiting for update" obj=consoleui
t=2026-06-03T14:24:54+0530 lvl=dbug msg="waiting for update" obj=consoleui
t=2026-06-03T14:24:55+0530 lvl=dbug msg="waiting for update" obj=consoleui
t=2026-06-03T14:24:56+0530 lvl=dbug msg="waiting for update" obj=consoleui
t=2026-06-03T14:24:57+0530 lvl=dbug msg="waiting for update" obj=consoleui
t=2026-06-03T14:24:58+0530 lvl=dbug msg="waiting for update" obj=consoleui
t=2026-06-03T14:24:59+0530 lvl=dbug msg="half join complete" obj=join id=965006d607d0 from=[::1]:3000 to=171.48.2.44:56269 nbytes=644 err=nil
t=2026-06-03T14:24:59+0530 lvl=dbug msg="half join complete" obj=join id=965006d607d0 from=171.48.2.44:56269 to=[::1]:3000 nbytes=226 err=nil
t=2026-06-03T14:24:59+0530 lvl=dbug msg=close obj=tunnels.session obj=csess id=6c675a7035d1 clientid=7b31d0ea5646d09e1d2ee4f665dc47ac id=70164e98074f type=proxy sess=7b31d0ea5646d09e1d2ee4f665dc47ac err=nil
t=2026-06-03T14:24:59+0530 lvl=dbug msg=close id=ee5ff581ae76 typ=proxy err=nil
t=2026-06-03T14:24:59+0530 lvl=dbug msg=close id=1d3ec830a6cb err=nil
t=2026-06-03T14:24:59+0530 lvl=dbug msg=http.ReadRequest id=ee5ff581ae76 typ=proxy err=EOF
t=2026-06-03T14:24:59+0530 lvl=dbug msg=http.ReadResponse id=ee5ff581ae76 typ=proxy err="unexpected EOF"
t=2026-06-03T14:24:59+0530 lvl=dbug msg=close obj=tunnels.session obj=csess id=6c675a7035d1 clientid=7b31d0ea5646d09e1d2ee4f665dc47ac id=70164e98074f type=proxy sess=7b31d0ea5646d09e1d2ee4f665dc47ac err=nil
t=2026-06-03T14:24:59+0530 lvl=dbug msg=close id=ee5ff581ae76 typ=proxy err=nil
t=2026-06-03T14:24:59+0530 lvl=dbug msg=close id=1d3ec830a6cb err=nil
t=2026-06-03T14:24:59+0530 lvl=dbug msg=close obj=tunnels.session obj=csess id=6c675a7035d1 clientid=7b31d0ea5646d09e1d2ee4f665dc47ac id=70164e98074f type=proxy sess=7b31d0ea5646d09e1d2ee4f665dc47ac err=nil
t=2026-06-03T14:24:59+0530 lvl=dbug msg=close id=ee5ff581ae76 typ=proxy err=nil
t=2026-06-03T14:24:59+0530 lvl=dbug msg=close obj=tunnels.session obj=csess id=6c675a7035d1 clientid=7b31d0ea5646d09e1d2ee4f665dc47ac id=70164e98074f type=proxy sess=7b31d0ea5646d09e1d2ee4f665dc47ac err=nil
t=2026-06-03T14:24:59+0530 lvl=dbug msg=close id=ee5ff581ae76 typ=proxy err=nil
t=2026-06-03T14:24:59+0530 lvl=dbug msg=close obj=tunnels.session obj=csess id=6c675a7035d1 clientid=7b31d0ea5646d09e1d2ee4f665dc47ac id=70164e98074f type=proxy sess=7b31d0ea5646d09e1d2ee4f665dc47ac err=nil
t=2026-06-03T14:24:59+0530 lvl=dbug msg=close id=ee5ff581ae76 typ=proxy err=nil
t=2026-06-03T14:24:59+0530 lvl=dbug msg="waiting for update" obj=consoleui
t=2026-06-03T14:24:59+0530 lvl=dbug msg="waiting for update" obj=consoleui
t=2026-06-03T14:25:00+0530 lvl=dbug msg="waiting for update" obj=consoleui
t=2026-06-03T14:25:01+0530 lvl=dbug msg="waiting for update" obj=consoleui
t=2026-06-03T14:25:02+0530 lvl=dbug msg="heartbeat received" obj=tunnels.session obj=csess id=6c675a7035d1 clientid=7b31d0ea5646d09e1d2ee4f665dc47ac latency_ms=1183
t=2026-06-03T14:25:02+0530 lvl=dbug msg="waiting for update" obj=consoleui
t=2026-06-03T14:25:03+0530 lvl=dbug msg="waiting for update" obj=consoleui
t=2026-06-03T14:25:04+0530 lvl=dbug msg="waiting for update" obj=consoleui
t=2026-06-03T14:25:05+0530 lvl=dbug msg="waiting for update" obj=consoleui
t=2026-06-03T14:25:06+0530 lvl=dbug msg="waiting for update" obj=consoleui
t=2026-06-03T14:25:07+0530 lvl=dbug msg="waiting for update" obj=consoleui
t=2026-06-03T14:25:08+0530 lvl=dbug msg="waiting for update" obj=consoleui
t=2026-06-03T14:25:09+0530 lvl=dbug msg="waiting for update" obj=consoleui
t=2026-06-03T14:25:10+0530 lvl=dbug msg="waiting for update" obj=consoleui
t=2026-06-03T14:25:11+0530 lvl=dbug msg="heartbeat received" obj=tunnels.session obj=csess id=6c675a7035d1 clientid=7b31d0ea5646d09e1d2ee4f665dc47ac latency_ms=147
t=2026-06-03T14:25:11+0530 lvl=dbug msg="waiting for update" obj=consoleui
t=2026-06-03T14:25:12+0530 lvl=dbug msg="waiting for update" obj=consoleui
t=2026-06-03T14:25:13+0530 lvl=dbug msg="waiting for update" obj=consoleui
t=2026-06-03T14:25:14+0530 lvl=dbug msg="waiting for update" obj=consoleui
t=2026-06-03T14:25:15+0530 lvl=dbug msg="waiting for update" obj=consoleui
t=2026-06-03T14:25:16+0530 lvl=dbug msg="waiting for update" obj=consoleui
t=2026-06-03T14:25:17+0530 lvl=dbug msg="waiting for update" obj=consoleui
t=2026-06-03T14:25:18+0530 lvl=dbug msg="waiting for update" obj=consoleui
t=2026-06-03T14:25:19+0530 lvl=dbug msg="waiting for update" obj=consoleui
t=2026-06-03T14:25:20+0530 lvl=dbug msg="waiting for update" obj=consoleui
t=2026-06-03T14:25:21+0530 lvl=dbug msg="heartbeat received" obj=tunnels.session obj=csess id=6c675a7035d1 clientid=7b31d0ea5646d09e1d2ee4f665dc47ac latency_ms=174
t=2026-06-03T14:25:21+0530 lvl=dbug msg="waiting for update" obj=consoleui
t=2026-06-03T14:25:22+0530 lvl=dbug msg="waiting for update" obj=consoleui
t=2026-06-03T14:25:23+0530 lvl=dbug msg="waiting for update" obj=consoleui
t=2026-06-03T14:25:24+0530 lvl=dbug msg="waiting for update" obj=consoleui
t=2026-06-03T14:25:25+0530 lvl=dbug msg="waiting for update" obj=consoleui
t=2026-06-03T14:25:26+0530 lvl=dbug msg="waiting for update" obj=consoleui
t=2026-06-03T14:25:27+0530 lvl=dbug msg="waiting for update" obj=consoleui
t=2026-06-03T14:25:28+0530 lvl=dbug msg="waiting for update" obj=consoleui
t=2026-06-03T14:25:29+0530 lvl=dbug msg="waiting for update" obj=consoleui
t=2026-06-03T14:25:30+0530 lvl=dbug msg="waiting for update" obj=consoleui
t=2026-06-03T14:25:31+0530 lvl=dbug msg="heartbeat received" obj=tunnels.session obj=csess id=6c675a7035d1 clientid=7b31d0ea5646d09e1d2ee4f665dc47ac latency_ms=93
t=2026-06-03T14:25:31+0530 lvl=dbug msg="waiting for update" obj=consoleui
t=2026-06-03T14:25:32+0530 lvl=dbug msg="waiting for update" obj=consoleui
t=2026-06-03T14:25:33+0530 lvl=dbug msg="waiting for update" obj=consoleui
t=2026-06-03T14:25:34+0530 lvl=dbug msg="waiting for update" obj=consoleui
t=2026-06-03T14:25:35+0530 lvl=dbug msg="waiting for update" obj=consoleui
t=2026-06-03T14:25:36+0530 lvl=dbug msg="waiting for update" obj=consoleui
t=2026-06-03T14:25:37+0530 lvl=dbug msg="waiting for update" obj=consoleui
t=2026-06-03T14:25:38+0530 lvl=dbug msg="waiting for update" obj=consoleui
t=2026-06-03T14:25:39+0530 lvl=dbug msg="waiting for update" obj=consoleui
t=2026-06-03T14:25:40+0530 lvl=dbug msg="waiting for update" obj=consoleui
t=2026-06-03T14:25:41+0530 lvl=dbug msg="heartbeat received" obj=tunnels.session obj=csess id=6c675a7035d1 clientid=7b31d0ea5646d09e1d2ee4f665dc47ac latency_ms=306
t=2026-06-03T14:25:41+0530 lvl=dbug msg="waiting for update" obj=consoleui
t=2026-06-03T14:25:42+0530 lvl=dbug msg="waiting for update" obj=consoleui
t=2026-06-03T14:25:43+0530 lvl=dbug msg="waiting for update" obj=consoleui
t=2026-06-03T14:25:44+0530 lvl=dbug msg="waiting for update" obj=consoleui
t=2026-06-03T14:25:45+0530 lvl=dbug msg="waiting for update" obj=consoleui
t=2026-06-03T14:25:46+0530 lvl=dbug msg="waiting for update" obj=consoleui
t=2026-06-03T14:25:47+0530 lvl=dbug msg="waiting for update" obj=consoleui
t=2026-06-03T14:25:48+0530 lvl=dbug msg="waiting for update" obj=consoleui
t=2026-06-03T14:25:49+0530 lvl=dbug msg="waiting for update" obj=consoleui
t=2026-06-03T14:25:50+0530 lvl=dbug msg="waiting for update" obj=consoleui
t=2026-06-03T14:25:51+0530 lvl=dbug msg="waiting for update" obj=consoleui
t=2026-06-03T14:25:52+0530 lvl=dbug msg="waiting for update" obj=consoleui
t=2026-06-03T14:25:53+0530 lvl=dbug msg="heartbeat received" obj=tunnels.session obj=csess id=6c675a7035d1 clientid=7b31d0ea5646d09e1d2ee4f665dc47ac latency_ms=2268
t=2026-06-03T14:25:53+0530 lvl=dbug msg="waiting for update" obj=consoleui
t=2026-06-03T14:25:54+0530 lvl=dbug msg="waiting for update" obj=consoleui
t=2026-06-03T14:25:55+0530 lvl=dbug msg="waiting for update" obj=consoleui
t=2026-06-03T14:25:56+0530 lvl=dbug msg="waiting for update" obj=consoleui
t=2026-06-03T14:25:57+0530 lvl=dbug msg="waiting for update" obj=consoleui
t=2026-06-03T14:25:58+0530 lvl=dbug msg="waiting for update" obj=consoleui
t=2026-06-03T14:25:59+0530 lvl=dbug msg="waiting for update" obj=consoleui
t=2026-06-03T14:26:00+0530 lvl=dbug msg="waiting for update" obj=consoleui
t=2026-06-03T14:26:01+0530 lvl=dbug msg="heartbeat received" obj=tunnels.session obj=csess id=6c675a7035d1 clientid=7b31d0ea5646d09e1d2ee4f665dc47ac latency_ms=218
t=2026-06-03T14:26:01+0530 lvl=dbug msg="waiting for update" obj=consoleui
t=2026-06-03T14:26:02+0530 lvl=dbug msg="waiting for update" obj=consoleui
t=2026-06-03T14:26:03+0530 lvl=dbug msg="waiting for update" obj=consoleui
t=2026-06-03T14:26:04+0530 lvl=dbug msg="waiting for update" obj=consoleui
t=2026-06-03T14:26:05+0530 lvl=dbug msg="waiting for update" obj=consoleui
t=2026-06-03T14:26:06+0530 lvl=dbug msg="waiting for update" obj=consoleui
t=2026-06-03T14:26:07+0530 lvl=dbug msg="waiting for update" obj=consoleui
t=2026-06-03T14:26:08+0530 lvl=dbug msg="waiting for update" obj=consoleui
t=2026-06-03T14:26:09+0530 lvl=dbug msg="waiting for update" obj=consoleui
t=2026-06-03T14:26:10+0530 lvl=dbug msg="waiting for update" obj=consoleui
t=2026-06-03T14:26:11+0530 lvl=dbug msg="heartbeat received" obj=tunnels.session obj=csess id=6c675a7035d1 clientid=7b31d0ea5646d09e1d2ee4f665dc47ac latency_ms=216
t=2026-06-03T14:26:11+0530 lvl=dbug msg="waiting for update" obj=consoleui
t=2026-06-03T14:26:12+0530 lvl=dbug msg="waiting for update" obj=consoleui
t=2026-06-03T14:26:13+0530 lvl=dbug msg="waiting for update" obj=consoleui
t=2026-06-03T14:26:14+0530 lvl=dbug msg="waiting for update" obj=consoleui
t=2026-06-03T14:26:15+0530 lvl=dbug msg="waiting for update" obj=consoleui
t=2026-06-03T14:26:16+0530 lvl=dbug msg="waiting for update" obj=consoleui
t=2026-06-03T14:26:17+0530 lvl=dbug msg="waiting for update" obj=consoleui
t=2026-06-03T14:26:18+0530 lvl=dbug msg="waiting for update" obj=consoleui
t=2026-06-03T14:26:19+0530 lvl=dbug msg="waiting for update" obj=consoleui
t=2026-06-03T14:26:20+0530 lvl=dbug msg="waiting for update" obj=consoleui
t=2026-06-03T14:26:21+0530 lvl=dbug msg="heartbeat received" obj=tunnels.session obj=csess id=6c675a7035d1 clientid=7b31d0ea5646d09e1d2ee4f665dc47ac latency_ms=115
t=2026-06-03T14:26:21+0530 lvl=dbug msg="waiting for update" obj=consoleui
t=2026-06-03T14:26:22+0530 lvl=dbug msg="waiting for update" obj=consoleui
t=2026-06-03T14:26:23+0530 lvl=dbug msg="waiting for update" obj=consoleui
t=2026-06-03T14:26:24+0530 lvl=dbug msg="waiting for update" obj=consoleui
t=2026-06-03T14:26:25+0530 lvl=dbug msg="waiting for update" obj=consoleui
t=2026-06-03T14:26:26+0530 lvl=dbug msg="waiting for update" obj=consoleui
t=2026-06-03T14:26:27+0530 lvl=dbug msg="waiting for update" obj=consoleui
t=2026-06-03T14:26:28+0530 lvl=dbug msg="waiting for update" obj=consoleui
t=2026-06-03T14:26:29+0530 lvl=dbug msg="waiting for update" obj=consoleui
t=2026-06-03T14:26:30+0530 lvl=dbug msg="waiting for update" obj=consoleui
t=2026-06-03T14:26:31+0530 lvl=dbug msg="waiting for update" obj=consoleui
t=2026-06-03T14:26:32+0530 lvl=dbug msg="waiting for update" obj=consoleui
t=2026-06-03T14:26:33+0530 lvl=dbug msg="waiting for update" obj=consoleui
t=2026-06-03T14:26:34+0530 lvl=dbug msg="heartbeat received" obj=tunnels.session obj=csess id=6c675a7035d1 clientid=7b31d0ea5646d09e1d2ee4f665dc47ac latency_ms=3267
t=2026-06-03T14:26:34+0530 lvl=dbug msg="waiting for update" obj=consoleui
t=2026-06-03T14:26:35+0530 lvl=dbug msg="waiting for update" obj=consoleui
t=2026-06-03T14:26:36+0530 lvl=dbug msg="waiting for update" obj=consoleui
t=2026-06-03T14:26:37+0530 lvl=dbug msg="waiting for update" obj=consoleui
t=2026-06-03T14:26:38+0530 lvl=dbug msg="waiting for update" obj=consoleui
t=2026-06-03T14:26:39+0530 lvl=dbug msg="waiting for update" obj=consoleui
t=2026-06-03T14:26:40+0530 lvl=dbug msg="waiting for update" obj=consoleui
t=2026-06-03T14:26:41+0530 lvl=dbug msg="tunnel Accept" obj=tunnels.session obj=csess id=6c675a7035d1 clientid=7b31d0ea5646d09e1d2ee4f665dc47ac reqType=3 remoteAddr=13.127.105.236:443
t=2026-06-03T14:26:41+0530 lvl=dbug msg="heartbeat received" obj=tunnels.session obj=csess id=6c675a7035d1 clientid=7b31d0ea5646d09e1d2ee4f665dc47ac latency_ms=139
t=2026-06-03T14:26:41+0530 lvl=dbug msg="dial private connection" id=9e6475f3045f addr=localhost:3000 err=nil
t=2026-06-03T14:26:41+0530 lvl=dbug msg="joining tunnel conn to backend" id=9e6475f3045f header="{ID:45531bfe77b61f34a2ebdeb8dcdfff6c ClientAddr:171.48.2.44:55032 Proto:https EdgeType:0 PassthroughTLS:false}"
t=2026-06-03T14:26:41+0530 lvl=info msg="join connections" obj=join id=b746d5c0434d l=[::1]:3000 r=171.48.2.44:55032
t=2026-06-03T14:26:41+0530 lvl=dbug msg="got request" id=1a34ce665b0d typ=proxy path=/dashboard/projects/k5789ppk594hk0852ag58rapq987wvy9/style-guide
t=2026-06-03T14:26:41+0530 lvl=dbug msg="add entry" obj=storage entrysz=1834 sz=1740
t=2026-06-03T14:26:41+0530 lvl=dbug msg="add entry" obj=storage entrysz=1834 sz=1740
t=2026-06-03T14:26:41+0530 lvl=dbug msg="waiting for update" obj=consoleui
t=2026-06-03T14:26:41+0530 lvl=dbug msg="waiting for update" obj=consoleui
t=2026-06-03T14:26:41+0530 lvl=dbug msg="waiting for update" obj=consoleui
t=2026-06-03T14:26:41+0530 lvl=dbug msg="waiting for update" obj=consoleui
t=2026-06-03T14:26:42+0530 lvl=dbug msg="waiting for update" obj=consoleui
t=2026-06-03T14:26:43+0530 lvl=dbug msg="waiting for update" obj=consoleui
t=2026-06-03T14:26:44+0530 lvl=dbug msg="got response for request" id=1a34ce665b0d typ=proxy reqpath=/dashboard/projects/k5789ppk594hk0852ag58rapq987wvy9/style-guide
t=2026-06-03T14:26:44+0530 lvl=dbug msg="add entry" obj=storage entrysz=2056 sz=1740
t=2026-06-03T14:26:44+0530 lvl=dbug msg="add entry" obj=storage entrysz=2088 sz=1740
t=2026-06-03T14:26:44+0530 lvl=dbug msg="waiting for update" obj=consoleui
t=2026-06-03T14:26:44+0530 lvl=dbug msg="waiting for update" obj=consoleui
t=2026-06-03T14:26:44+0530 lvl=dbug msg="waiting for update" obj=consoleui
t=2026-06-03T14:26:44+0530 lvl=dbug msg="got request" id=1a34ce665b0d typ=proxy path=/favicon.ico
t=2026-06-03T14:26:44+0530 lvl=dbug msg="add entry" obj=storage entrysz=1655 sz=3828
t=2026-06-03T14:26:44+0530 lvl=dbug msg="add entry" obj=storage entrysz=1655 sz=3828
t=2026-06-03T14:26:44+0530 lvl=dbug msg="waiting for update" obj=consoleui
t=2026-06-03T14:26:44+0530 lvl=dbug msg="waiting for update" obj=consoleui
t=2026-06-03T14:26:44+0530 lvl=dbug msg="waiting for update" obj=consoleui
t=2026-06-03T14:26:44+0530 lvl=dbug msg="got response for request" id=1a34ce665b0d typ=proxy reqpath=/favicon.ico
t=2026-06-03T14:26:44+0530 lvl=dbug msg="add entry" obj=storage entrysz=1954 sz=3828
t=2026-06-03T14:26:44+0530 lvl=dbug msg="add entry" obj=storage entrysz=1959 sz=3828
t=2026-06-03T14:26:44+0530 lvl=dbug msg="waiting for update" obj=consoleui
t=2026-06-03T14:26:44+0530 lvl=dbug msg="waiting for update" obj=consoleui
t=2026-06-03T14:26:44+0530 lvl=dbug msg="waiting for update" obj=consoleui
t=2026-06-03T14:26:45+0530 lvl=dbug msg="waiting for update" obj=consoleui
t=2026-06-03T14:26:46+0530 lvl=dbug msg="waiting for update" obj=consoleui
t=2026-06-03T14:26:47+0530 lvl=dbug msg="waiting for update" obj=consoleui
t=2026-06-03T14:26:48+0530 lvl=dbug msg="got request" id=1a34ce665b0d typ=proxy path=/dashboard/projects/k5789ppk594hk0852ag58rapq987wvy9/style-guide
t=2026-06-03T14:26:48+0530 lvl=dbug msg="add entry" obj=storage entrysz=1834 sz=5787
t=2026-06-03T14:26:48+0530 lvl=dbug msg="add entry" obj=storage entrysz=1834 sz=5787
t=2026-06-03T14:26:48+0530 lvl=dbug msg="waiting for update" obj=consoleui
t=2026-06-03T14:26:48+0530 lvl=dbug msg="waiting for update" obj=consoleui
t=2026-06-03T14:26:48+0530 lvl=dbug msg="waiting for update" obj=consoleui
t=2026-06-03T14:26:49+0530 lvl=dbug msg="got response for request" id=1a34ce665b0d typ=proxy reqpath=/dashboard/projects/k5789ppk594hk0852ag58rapq987wvy9/style-guide
t=2026-06-03T14:26:49+0530 lvl=dbug msg="add entry" obj=storage entrysz=2056 sz=5787
t=2026-06-03T14:26:49+0530 lvl=dbug msg="add entry" obj=storage entrysz=2088 sz=5787
t=2026-06-03T14:26:49+0530 lvl=dbug msg="waiting for update" obj=consoleui
t=2026-06-03T14:26:49+0530 lvl=dbug msg="waiting for update" obj=consoleui
t=2026-06-03T14:26:49+0530 lvl=dbug msg="waiting for update" obj=consoleui
t=2026-06-03T14:26:49+0530 lvl=dbug msg="got request" id=1a34ce665b0d typ=proxy path=/favicon.ico
t=2026-06-03T14:26:49+0530 lvl=dbug msg="add entry" obj=storage entrysz=1655 sz=7875
t=2026-06-03T14:26:49+0530 lvl=dbug msg="add entry" obj=storage entrysz=1655 sz=7875
t=2026-06-03T14:26:49+0530 lvl=dbug msg="waiting for update" obj=consoleui
t=2026-06-03T14:26:49+0530 lvl=dbug msg="waiting for update" obj=consoleui
t=2026-06-03T14:26:49+0530 lvl=dbug msg="got response for request" id=1a34ce665b0d typ=proxy reqpath=/favicon.ico
t=2026-06-03T14:26:49+0530 lvl=dbug msg="add entry" obj=storage entrysz=1954 sz=7875
t=2026-06-03T14:26:49+0530 lvl=dbug msg="add entry" obj=storage entrysz=1959 sz=7875
t=2026-06-03T14:26:49+0530 lvl=dbug msg="waiting for update" obj=consoleui
t=2026-06-03T14:26:49+0530 lvl=dbug msg="waiting for update" obj=consoleui
t=2026-06-03T14:26:49+0530 lvl=dbug msg="waiting for update" obj=consoleui
t=2026-06-03T14:26:49+0530 lvl=dbug msg="waiting for update" obj=consoleui
t=2026-06-03T14:26:50+0530 lvl=dbug msg="waiting for update" obj=consoleui
t=2026-06-03T14:26:51+0530 lvl=info msg=start pg=/api/tunnels id=b16f3feafe43bd0b
t=2026-06-03T14:26:51+0530 lvl=info msg=end pg=/api/tunnels id=b16f3feafe43bd0b status=200 dur=505.1µs
t=2026-06-03T14:26:51+0530 lvl=dbug msg="heartbeat received" obj=tunnels.session obj=csess id=6c675a7035d1 clientid=7b31d0ea5646d09e1d2ee4f665dc47ac latency_ms=151
t=2026-06-03T14:26:51+0530 lvl=dbug msg="waiting for update" obj=consoleui
t=2026-06-03T14:26:52+0530 lvl=dbug msg="waiting for update" obj=consoleui
t=2026-06-03T14:26:53+0530 lvl=dbug msg="waiting for update" obj=consoleui
t=2026-06-03T14:26:54+0530 lvl=dbug msg="waiting for update" obj=consoleui
t=2026-06-03T14:26:55+0530 lvl=dbug msg="half join complete" obj=join id=b746d5c0434d from=[::1]:3000 to=171.48.2.44:55032 nbytes=1116 err=nil
t=2026-06-03T14:26:55+0530 lvl=dbug msg="half join complete" obj=join id=b746d5c0434d from=171.48.2.44:55032 to=[::1]:3000 nbytes=6978 err=nil
t=2026-06-03T14:26:55+0530 lvl=dbug msg=close obj=tunnels.session obj=csess id=6c675a7035d1 clientid=7b31d0ea5646d09e1d2ee4f665dc47ac id=89ac286816aa type=proxy sess=7b31d0ea5646d09e1d2ee4f665dc47ac err=nil
t=2026-06-03T14:26:55+0530 lvl=dbug msg=close id=1a34ce665b0d typ=proxy err=nil
t=2026-06-03T14:26:55+0530 lvl=dbug msg=close id=9e6475f3045f err=nil
t=2026-06-03T14:26:55+0530 lvl=dbug msg=http.ReadRequest id=1a34ce665b0d typ=proxy err=EOF
t=2026-06-03T14:26:55+0530 lvl=dbug msg=http.ReadResponse id=1a34ce665b0d typ=proxy err="unexpected EOF"
t=2026-06-03T14:26:55+0530 lvl=dbug msg=close obj=tunnels.session obj=csess id=6c675a7035d1 clientid=7b31d0ea5646d09e1d2ee4f665dc47ac id=89ac286816aa type=proxy sess=7b31d0ea5646d09e1d2ee4f665dc47ac err=nil
t=2026-06-03T14:26:55+0530 lvl=dbug msg=close id=1a34ce665b0d typ=proxy err=nil
t=2026-06-03T14:26:55+0530 lvl=dbug msg=close id=9e6475f3045f err=nil
t=2026-06-03T14:26:55+0530 lvl=dbug msg=close obj=tunnels.session obj=csess id=6c675a7035d1 clientid=7b31d0ea5646d09e1d2ee4f665dc47ac id=89ac286816aa type=proxy sess=7b31d0ea5646d09e1d2ee4f665dc47ac err=nil
t=2026-06-03T14:26:55+0530 lvl=dbug msg=close id=1a34ce665b0d typ=proxy err=nil
t=2026-06-03T14:26:55+0530 lvl=dbug msg=close obj=tunnels.session obj=csess id=6c675a7035d1 clientid=7b31d0ea5646d09e1d2ee4f665dc47ac id=89ac286816aa type=proxy sess=7b31d0ea5646d09e1d2ee4f665dc47ac err=nil
t=2026-06-03T14:26:55+0530 lvl=dbug msg=close id=1a34ce665b0d typ=proxy err=nil
t=2026-06-03T14:26:55+0530 lvl=dbug msg=close obj=tunnels.session obj=csess id=6c675a7035d1 clientid=7b31d0ea5646d09e1d2ee4f665dc47ac id=89ac286816aa type=proxy sess=7b31d0ea5646d09e1d2ee4f665dc47ac err=nil
t=2026-06-03T14:26:55+0530 lvl=dbug msg=close id=1a34ce665b0d typ=proxy err=nil
t=2026-06-03T14:26:55+0530 lvl=dbug msg="waiting for update" obj=consoleui
t=2026-06-03T14:26:55+0530 lvl=dbug msg="waiting for update" obj=consoleui
t=2026-06-03T14:26:56+0530 lvl=dbug msg="waiting for update" obj=consoleui
t=2026-06-03T14:26:57+0530 lvl=dbug msg="waiting for update" obj=consoleui
t=2026-06-03T14:26:58+0530 lvl=dbug msg="waiting for update" obj=consoleui
t=2026-06-03T14:26:59+0530 lvl=dbug msg="waiting for update" obj=consoleui
t=2026-06-03T14:27:00+0530 lvl=dbug msg="waiting for update" obj=consoleui
t=2026-06-03T14:27:01+0530 lvl=dbug msg="waiting for update" obj=consoleui
t=2026-06-03T14:27:01+0530 lvl=dbug msg="heartbeat received" obj=tunnels.session obj=csess id=6c675a7035d1 clientid=7b31d0ea5646d09e1d2ee4f665dc47ac latency_ms=602
t=2026-06-03T14:27:02+0530 lvl=dbug msg="waiting for update" obj=consoleui
t=2026-06-03T14:27:03+0530 lvl=dbug msg="waiting for update" obj=consoleui
t=2026-06-03T14:27:04+0530 lvl=dbug msg="waiting for update" obj=consoleui
t=2026-06-03T14:27:05+0530 lvl=dbug msg="waiting for update" obj=consoleui
t=2026-06-03T14:27:06+0530 lvl=dbug msg="waiting for update" obj=consoleui
t=2026-06-03T14:27:07+0530 lvl=dbug msg="waiting for update" obj=consoleui
t=2026-06-03T14:27:08+0530 lvl=dbug msg="waiting for update" obj=consoleui
t=2026-06-03T14:27:09+0530 lvl=dbug msg="waiting for update" obj=consoleui
t=2026-06-03T14:27:10+0530 lvl=dbug msg="waiting for update" obj=consoleui
t=2026-06-03T14:27:11+0530 lvl=dbug msg="waiting for update" obj=consoleui
t=2026-06-03T14:27:11+0530 lvl=dbug msg="heartbeat received" obj=tunnels.session obj=csess id=6c675a7035d1 clientid=7b31d0ea5646d09e1d2ee4f665dc47ac latency_ms=512
t=2026-06-03T14:27:12+0530 lvl=dbug msg="waiting for update" obj=consoleui
t=2026-06-03T14:27:13+0530 lvl=dbug msg="waiting for update" obj=consoleui
t=2026-06-03T14:27:14+0530 lvl=dbug msg="waiting for update" obj=consoleui
t=2026-06-03T14:27:15+0530 lvl=dbug msg="waiting for update" obj=consoleui
t=2026-06-03T14:27:16+0530 lvl=dbug msg="waiting for update" obj=consoleui
t=2026-06-03T14:27:17+0530 lvl=dbug msg="waiting for update" obj=consoleui
t=2026-06-03T14:27:18+0530 lvl=dbug msg="waiting for update" obj=consoleui
t=2026-06-03T14:27:19+0530 lvl=dbug msg="waiting for update" obj=consoleui
t=2026-06-03T14:27:20+0530 lvl=dbug msg="waiting for update" obj=consoleui
t=2026-06-03T14:27:21+0530 lvl=dbug msg="heartbeat received" obj=tunnels.session obj=csess id=6c675a7035d1 clientid=7b31d0ea5646d09e1d2ee4f665dc47ac latency_ms=103
t=2026-06-03T14:27:21+0530 lvl=dbug msg="waiting for update" obj=consoleui
t=2026-06-03T14:27:22+0530 lvl=dbug msg="waiting for update" obj=consoleui
t=2026-06-03T14:27:23+0530 lvl=dbug msg="waiting for update" obj=consoleui
t=2026-06-03T14:27:24+0530 lvl=dbug msg="waiting for update" obj=consoleui
t=2026-06-03T14:27:25+0530 lvl=dbug msg="waiting for update" obj=consoleui
t=2026-06-03T14:27:26+0530 lvl=dbug msg="waiting for update" obj=consoleui
t=2026-06-03T14:27:27+0530 lvl=dbug msg="waiting for update" obj=consoleui
t=2026-06-03T14:27:28+0530 lvl=dbug msg="waiting for update" obj=consoleui
t=2026-06-03T14:27:29+0530 lvl=dbug msg="waiting for update" obj=consoleui
t=2026-06-03T14:27:30+0530 lvl=dbug msg="waiting for update" obj=consoleui
t=2026-06-03T14:27:30+0530 lvl=dbug msg="tunnel Accept" obj=tunnels.session obj=csess id=6c675a7035d1 clientid=7b31d0ea5646d09e1d2ee4f665dc47ac reqType=3 remoteAddr=13.127.105.236:443
t=2026-06-03T14:27:30+0530 lvl=dbug msg="dial private connection" id=b6c2010c3e28 addr=localhost:3000 err=nil
t=2026-06-03T14:27:30+0530 lvl=dbug msg="joining tunnel conn to backend" id=b6c2010c3e28 header="{ID:45531bfe77b61f34a2ebdeb8dcdfff6c ClientAddr:171.48.2.44:62585 Proto:https EdgeType:0 PassthroughTLS:false}"
t=2026-06-03T14:27:30+0530 lvl=info msg="join connections" obj=join id=b8895bc82b42 l=[::1]:3000 r=171.48.2.44:62585
t=2026-06-03T14:27:30+0530 lvl=dbug msg="got request" id=0bf85be952c0 typ=proxy path=/sign-in
t=2026-06-03T14:27:30+0530 lvl=dbug msg="add entry" obj=storage entrysz=226 sz=9834
t=2026-06-03T14:27:30+0530 lvl=dbug msg="add entry" obj=storage entrysz=226 sz=9834
t=2026-06-03T14:27:30+0530 lvl=dbug msg="waiting for update" obj=consoleui
t=2026-06-03T14:27:30+0530 lvl=dbug msg="waiting for update" obj=consoleui
t=2026-06-03T14:27:30+0530 lvl=dbug msg="waiting for update" obj=consoleui
t=2026-06-03T14:27:31+0530 lvl=dbug msg="got response for request" id=0bf85be952c0 typ=proxy reqpath=/sign-in
t=2026-06-03T14:27:31+0530 lvl=dbug msg="add entry" obj=storage entrysz=420 sz=9834
t=2026-06-03T14:27:31+0530 lvl=dbug msg="add entry" obj=storage entrysz=420 sz=9834
t=2026-06-03T14:27:31+0530 lvl=dbug msg="waiting for update" obj=consoleui
t=2026-06-03T14:27:31+0530 lvl=dbug msg="waiting for update" obj=consoleui
t=2026-06-03T14:27:31+0530 lvl=dbug msg="waiting for update" obj=consoleui
t=2026-06-03T14:27:31+0530 lvl=dbug msg="heartbeat received" obj=tunnels.session obj=csess id=6c675a7035d1 clientid=7b31d0ea5646d09e1d2ee4f665dc47ac latency_ms=125
t=2026-06-03T14:27:31+0530 lvl=dbug msg="waiting for update" obj=consoleui
t=2026-06-03T14:27:32+0530 lvl=dbug msg="waiting for update" obj=consoleui
t=2026-06-03T14:27:33+0530 lvl=dbug msg="waiting for update" obj=consoleui
t=2026-06-03T14:27:34+0530 lvl=dbug msg="waiting for update" obj=consoleui
t=2026-06-03T14:27:35+0530 lvl=dbug msg="waiting for update" obj=consoleui
t=2026-06-03T14:27:36+0530 lvl=dbug msg="waiting for update" obj=consoleui
t=2026-06-03T14:27:37+0530 lvl=dbug msg="half join complete" obj=join id=b8895bc82b42 from=[::1]:3000 to=171.48.2.44:62585 nbytes=194 err=nil
t=2026-06-03T14:27:37+0530 lvl=dbug msg=close obj=tunnels.session obj=csess id=6c675a7035d1 clientid=7b31d0ea5646d09e1d2ee4f665dc47ac id=381e4afa55b7 type=proxy sess=7b31d0ea5646d09e1d2ee4f665dc47ac err=nil
t=2026-06-03T14:27:37+0530 lvl=dbug msg=close id=0bf85be952c0 typ=proxy err=nil
t=2026-06-03T14:27:37+0530 lvl=dbug msg=close id=b6c2010c3e28 err=nil
t=2026-06-03T14:27:37+0530 lvl=dbug msg=http.ReadRequest id=0bf85be952c0 typ=proxy err=EOF
t=2026-06-03T14:27:37+0530 lvl=dbug msg=http.ReadResponse id=0bf85be952c0 typ=proxy err="unexpected EOF"
t=2026-06-03T14:27:37+0530 lvl=dbug msg="half join complete" obj=join id=b8895bc82b42 from=171.48.2.44:62585 to=[::1]:3000 nbytes=226 err="readfrom tcp [::1]:62592->[::1]:3000: stream closed"
t=2026-06-03T14:27:37+0530 lvl=dbug msg=close obj=tunnels.session obj=csess id=6c675a7035d1 clientid=7b31d0ea5646d09e1d2ee4f665dc47ac id=381e4afa55b7 type=proxy sess=7b31d0ea5646d09e1d2ee4f665dc47ac err=nil
t=2026-06-03T14:27:37+0530 lvl=dbug msg=close id=0bf85be952c0 typ=proxy err=nil
t=2026-06-03T14:27:37+0530 lvl=dbug msg=close id=b6c2010c3e28 err=nil
t=2026-06-03T14:27:37+0530 lvl=dbug msg=close obj=tunnels.session obj=csess id=6c675a7035d1 clientid=7b31d0ea5646d09e1d2ee4f665dc47ac id=381e4afa55b7 type=proxy sess=7b31d0ea5646d09e1d2ee4f665dc47ac err=nil
t=2026-06-03T14:27:37+0530 lvl=dbug msg=close id=0bf85be952c0 typ=proxy err=nil
t=2026-06-03T14:27:37+0530 lvl=dbug msg=close obj=tunnels.session obj=csess id=6c675a7035d1 clientid=7b31d0ea5646d09e1d2ee4f665dc47ac id=381e4afa55b7 type=proxy sess=7b31d0ea5646d09e1d2ee4f665dc47ac err=nil
t=2026-06-03T14:27:37+0530 lvl=dbug msg=close id=0bf85be952c0 typ=proxy err=nil
t=2026-06-03T14:27:37+0530 lvl=dbug msg=close obj=tunnels.session obj=csess id=6c675a7035d1 clientid=7b31d0ea5646d09e1d2ee4f665dc47ac id=381e4afa55b7 type=proxy sess=7b31d0ea5646d09e1d2ee4f665dc47ac err=nil
t=2026-06-03T14:27:37+0530 lvl=dbug msg=close id=0bf85be952c0 typ=proxy err=nil
t=2026-06-03T14:27:37+0530 lvl=dbug msg="waiting for update" obj=consoleui
t=2026-06-03T14:27:37+0530 lvl=dbug msg="waiting for update" obj=consoleui
t=2026-06-03T14:27:38+0530 lvl=dbug msg="waiting for update" obj=consoleui
t=2026-06-03T14:27:39+0530 lvl=dbug msg="waiting for update" obj=consoleui
t=2026-06-03T14:27:40+0530 lvl=dbug msg="waiting for update" obj=consoleui
t=2026-06-03T14:27:41+0530 lvl=dbug msg="heartbeat received" obj=tunnels.session obj=csess id=6c675a7035d1 clientid=7b31d0ea5646d09e1d2ee4f665dc47ac latency_ms=130
t=2026-06-03T14:27:41+0530 lvl=dbug msg="waiting for update" obj=consoleui
t=2026-06-03T14:27:42+0530 lvl=dbug msg="waiting for update" obj=consoleui
t=2026-06-03T14:27:43+0530 lvl=dbug msg="waiting for update" obj=consoleui
t=2026-06-03T14:27:44+0530 lvl=dbug msg="waiting for update" obj=consoleui
t=2026-06-03T14:27:45+0530 lvl=dbug msg="waiting for update" obj=consoleui
t=2026-06-03T14:27:46+0530 lvl=dbug msg="waiting for update" obj=consoleui
t=2026-06-03T14:27:47+0530 lvl=dbug msg="waiting for update" obj=consoleui
t=2026-06-03T14:27:48+0530 lvl=dbug msg="waiting for update" obj=consoleui
t=2026-06-03T14:27:49+0530 lvl=dbug msg="waiting for update" obj=consoleui
t=2026-06-03T14:27:50+0530 lvl=dbug msg="waiting for update" obj=consoleui
t=2026-06-03T14:27:51+0530 lvl=dbug msg="heartbeat received" obj=tunnels.session obj=csess id=6c675a7035d1 clientid=7b31d0ea5646d09e1d2ee4f665dc47ac latency_ms=138
t=2026-06-03T14:27:51+0530 lvl=dbug msg="waiting for update" obj=consoleui
t=2026-06-03T14:27:52+0530 lvl=dbug msg="waiting for update" obj=consoleui
t=2026-06-03T14:27:53+0530 lvl=dbug msg="waiting for update" obj=consoleui
t=2026-06-03T14:27:54+0530 lvl=dbug msg="waiting for update" obj=consoleui
t=2026-06-03T14:27:55+0530 lvl=dbug msg="waiting for update" obj=consoleui
t=2026-06-03T14:27:56+0530 lvl=dbug msg="waiting for update" obj=consoleui
t=2026-06-03T14:27:57+0530 lvl=dbug msg="waiting for update" obj=consoleui
t=2026-06-03T14:27:58+0530 lvl=dbug msg="waiting for update" obj=consoleui
t=2026-06-03T14:27:59+0530 lvl=dbug msg="waiting for update" obj=consoleui
t=2026-06-03T14:28:00+0530 lvl=dbug msg="waiting for update" obj=consoleui
t=2026-06-03T14:28:01+0530 lvl=dbug msg="heartbeat received" obj=tunnels.session obj=csess id=6c675a7035d1 clientid=7b31d0ea5646d09e1d2ee4f665dc47ac latency_ms=134
t=2026-06-03T14:28:01+0530 lvl=dbug msg="waiting for update" obj=consoleui
t=2026-06-03T14:28:02+0530 lvl=dbug msg="waiting for update" obj=consoleui
t=2026-06-03T14:28:03+0530 lvl=dbug msg="waiting for update" obj=consoleui
t=2026-06-03T14:28:04+0530 lvl=dbug msg="waiting for update" obj=consoleui
t=2026-06-03T14:28:05+0530 lvl=dbug msg="waiting for update" obj=consoleui
t=2026-06-03T14:28:06+0530 lvl=dbug msg="waiting for update" obj=consoleui
t=2026-06-03T14:28:07+0530 lvl=dbug msg="waiting for update" obj=consoleui
t=2026-06-03T14:28:08+0530 lvl=dbug msg="waiting for update" obj=consoleui
t=2026-06-03T14:28:09+0530 lvl=dbug msg="waiting for update" obj=consoleui
t=2026-06-03T14:28:10+0530 lvl=dbug msg="waiting for update" obj=consoleui
t=2026-06-03T14:28:11+0530 lvl=dbug msg="heartbeat received" obj=tunnels.session obj=csess id=6c675a7035d1 clientid=7b31d0ea5646d09e1d2ee4f665dc47ac latency_ms=155
t=2026-06-03T14:28:11+0530 lvl=dbug msg="waiting for update" obj=consoleui
t=2026-06-03T14:28:12+0530 lvl=dbug msg="waiting for update" obj=consoleui
t=2026-06-03T14:28:13+0530 lvl=dbug msg="waiting for update" obj=consoleui
t=2026-06-03T14:28:14+0530 lvl=dbug msg="waiting for update" obj=consoleui
t=2026-06-03T14:28:15+0530 lvl=dbug msg="waiting for update" obj=consoleui
t=2026-06-03T14:28:16+0530 lvl=dbug msg="waiting for update" obj=consoleui
t=2026-06-03T14:28:17+0530 lvl=dbug msg="waiting for update" obj=consoleui
t=2026-06-03T14:28:18+0530 lvl=dbug msg="waiting for update" obj=consoleui
t=2026-06-03T14:28:19+0530 lvl=dbug msg="waiting for update" obj=consoleui
t=2026-06-03T14:28:20+0530 lvl=dbug msg="waiting for update" obj=consoleui
t=2026-06-03T14:28:21+0530 lvl=dbug msg="heartbeat received" obj=tunnels.session obj=csess id=6c675a7035d1 clientid=7b31d0ea5646d09e1d2ee4f665dc47ac latency_ms=89
t=2026-06-03T14:28:21+0530 lvl=dbug msg="waiting for update" obj=consoleui
t=2026-06-03T14:28:22+0530 lvl=dbug msg="waiting for update" obj=consoleui
t=2026-06-03T14:28:23+0530 lvl=dbug msg="waiting for update" obj=consoleui
t=2026-06-03T14:28:24+0530 lvl=dbug msg="waiting for update" obj=consoleui
t=2026-06-03T14:28:25+0530 lvl=dbug msg="waiting for update" obj=consoleui
t=2026-06-03T14:28:26+0530 lvl=dbug msg="waiting for update" obj=consoleui
t=2026-06-03T14:28:27+0530 lvl=dbug msg="waiting for update" obj=consoleui
t=2026-06-03T14:28:28+0530 lvl=dbug msg="waiting for update" obj=consoleui
t=2026-06-03T14:28:29+0530 lvl=dbug msg="waiting for update" obj=consoleui
t=2026-06-03T14:28:30+0530 lvl=dbug msg="waiting for update" obj=consoleui
t=2026-06-03T14:28:31+0530 lvl=dbug msg="heartbeat received" obj=tunnels.session obj=csess id=6c675a7035d1 clientid=7b31d0ea5646d09e1d2ee4f665dc47ac latency_ms=344
t=2026-06-03T14:28:31+0530 lvl=dbug msg="waiting for update" obj=consoleui
t=2026-06-03T14:28:32+0530 lvl=dbug msg="waiting for update" obj=consoleui
t=2026-06-03T14:28:33+0530 lvl=dbug msg="waiting for update" obj=consoleui
t=2026-06-03T14:28:34+0530 lvl=dbug msg="waiting for update" obj=consoleui
t=2026-06-03T14:28:35+0530 lvl=dbug msg="waiting for update" obj=consoleui
t=2026-06-03T14:28:36+0530 lvl=dbug msg="waiting for update" obj=consoleui
t=2026-06-03T14:28:37+0530 lvl=dbug msg="waiting for update" obj=consoleui
t=2026-06-03T14:28:38+0530 lvl=dbug msg="waiting for update" obj=consoleui
t=2026-06-03T14:28:39+0530 lvl=dbug msg="waiting for update" obj=consoleui
t=2026-06-03T14:28:40+0530 lvl=dbug msg="waiting for update" obj=consoleui
t=2026-06-03T14:28:41+0530 lvl=dbug msg="heartbeat received" obj=tunnels.session obj=csess id=6c675a7035d1 clientid=7b31d0ea5646d09e1d2ee4f665dc47ac latency_ms=175
t=2026-06-03T14:28:41+0530 lvl=dbug msg="waiting for update" obj=consoleui
t=2026-06-03T14:28:42+0530 lvl=dbug msg="waiting for update" obj=consoleui
t=2026-06-03T14:28:43+0530 lvl=dbug msg="waiting for update" obj=consoleui
t=2026-06-03T14:28:44+0530 lvl=dbug msg="waiting for update" obj=consoleui
t=2026-06-03T14:28:45+0530 lvl=dbug msg="waiting for update" obj=consoleui
t=2026-06-03T14:28:46+0530 lvl=dbug msg="waiting for update" obj=consoleui
t=2026-06-03T14:28:47+0530 lvl=dbug msg="waiting for update" obj=consoleui
t=2026-06-03T14:28:48+0530 lvl=dbug msg="waiting for update" obj=consoleui
t=2026-06-03T14:28:49+0530 lvl=dbug msg="waiting for update" obj=consoleui
t=2026-06-03T14:28:50+0530 lvl=dbug msg="waiting for update" obj=consoleui
t=2026-06-03T14:28:51+0530 lvl=dbug msg="heartbeat received" obj=tunnels.session obj=csess id=6c675a7035d1 clientid=7b31d0ea5646d09e1d2ee4f665dc47ac latency_ms=124
t=2026-06-03T14:28:51+0530 lvl=dbug msg="waiting for update" obj=consoleui
t=2026-06-03T14:28:52+0530 lvl=dbug msg="waiting for update" obj=consoleui
t=2026-06-03T14:28:53+0530 lvl=dbug msg="waiting for update" obj=consoleui
t=2026-06-03T14:28:54+0530 lvl=dbug msg="waiting for update" obj=consoleui
t=2026-06-03T14:28:55+0530 lvl=dbug msg="waiting for update" obj=consoleui
t=2026-06-03T14:28:56+0530 lvl=dbug msg="waiting for update" obj=consoleui
t=2026-06-03T14:28:57+0530 lvl=dbug msg="waiting for update" obj=consoleui
t=2026-06-03T14:28:58+0530 lvl=dbug msg="waiting for update" obj=consoleui
t=2026-06-03T14:28:59+0530 lvl=dbug msg="waiting for update" obj=consoleui
t=2026-06-03T14:29:00+0530 lvl=dbug msg="waiting for update" obj=consoleui
t=2026-06-03T14:29:01+0530 lvl=dbug msg="heartbeat received" obj=tunnels.session obj=csess id=6c675a7035d1 clientid=7b31d0ea5646d09e1d2ee4f665dc47ac latency_ms=144
t=2026-06-03T14:29:01+0530 lvl=dbug msg="waiting for update" obj=consoleui
t=2026-06-03T14:29:02+0530 lvl=dbug msg="waiting for update" obj=consoleui
t=2026-06-03T14:29:03+0530 lvl=dbug msg="waiting for update" obj=consoleui
t=2026-06-03T14:29:04+0530 lvl=dbug msg="waiting for update" obj=consoleui
t=2026-06-03T14:29:05+0530 lvl=dbug msg="waiting for update" obj=consoleui
t=2026-06-03T14:29:06+0530 lvl=dbug msg="waiting for update" obj=consoleui
t=2026-06-03T14:29:07+0530 lvl=dbug msg="waiting for update" obj=consoleui
t=2026-06-03T14:29:08+0530 lvl=dbug msg="waiting for update" obj=consoleui
t=2026-06-03T14:29:09+0530 lvl=dbug msg="waiting for update" obj=consoleui
t=2026-06-03T14:29:10+0530 lvl=dbug msg="waiting for update" obj=consoleui
t=2026-06-03T14:29:11+0530 lvl=dbug msg="heartbeat received" obj=tunnels.session obj=csess id=6c675a7035d1 clientid=7b31d0ea5646d09e1d2ee4f665dc47ac latency_ms=112
t=2026-06-03T14:29:11+0530 lvl=dbug msg="waiting for update" obj=consoleui
t=2026-06-03T14:29:12+0530 lvl=dbug msg="waiting for update" obj=consoleui
t=2026-06-03T14:29:13+0530 lvl=dbug msg="waiting for update" obj=consoleui
t=2026-06-03T14:29:14+0530 lvl=dbug msg="waiting for update" obj=consoleui
t=2026-06-03T14:29:15+0530 lvl=dbug msg="waiting for update" obj=consoleui
t=2026-06-03T14:29:16+0530 lvl=dbug msg="waiting for update" obj=consoleui
t=2026-06-03T14:29:17+0530 lvl=dbug msg="waiting for update" obj=consoleui
t=2026-06-03T14:29:18+0530 lvl=dbug msg="waiting for update" obj=consoleui
t=2026-06-03T14:29:19+0530 lvl=dbug msg="waiting for update" obj=consoleui
t=2026-06-03T14:29:20+0530 lvl=dbug msg="waiting for update" obj=consoleui
t=2026-06-03T14:29:21+0530 lvl=dbug msg="heartbeat received" obj=tunnels.session obj=csess id=6c675a7035d1 clientid=7b31d0ea5646d09e1d2ee4f665dc47ac latency_ms=141
t=2026-06-03T14:29:21+0530 lvl=dbug msg="waiting for update" obj=consoleui
t=2026-06-03T14:29:22+0530 lvl=dbug msg="waiting for update" obj=consoleui
t=2026-06-03T14:29:23+0530 lvl=dbug msg="waiting for update" obj=consoleui
t=2026-06-03T14:29:24+0530 lvl=dbug msg="waiting for update" obj=consoleui
t=2026-06-03T14:29:25+0530 lvl=dbug msg="waiting for update" obj=consoleui
t=2026-06-03T14:29:26+0530 lvl=dbug msg="waiting for update" obj=consoleui
t=2026-06-03T14:29:27+0530 lvl=dbug msg="waiting for update" obj=consoleui
t=2026-06-03T14:29:28+0530 lvl=dbug msg="waiting for update" obj=consoleui
t=2026-06-03T14:29:29+0530 lvl=dbug msg="waiting for update" obj=consoleui
t=2026-06-03T14:29:30+0530 lvl=dbug msg="waiting for update" obj=consoleui
t=2026-06-03T14:29:31+0530 lvl=dbug msg="heartbeat received" obj=tunnels.session obj=csess id=6c675a7035d1 clientid=7b31d0ea5646d09e1d2ee4f665dc47ac latency_ms=355
t=2026-06-03T14:29:31+0530 lvl=dbug msg="waiting for update" obj=consoleui
t=2026-06-03T14:29:32+0530 lvl=dbug msg="waiting for update" obj=consoleui
t=2026-06-03T14:29:33+0530 lvl=dbug msg="waiting for update" obj=consoleui
t=2026-06-03T14:29:34+0530 lvl=dbug msg="waiting for update" obj=consoleui
t=2026-06-03T14:29:35+0530 lvl=dbug msg="waiting for update" obj=consoleui
t=2026-06-03T14:29:36+0530 lvl=dbug msg="waiting for update" obj=consoleui
t=2026-06-03T14:29:37+0530 lvl=dbug msg="waiting for update" obj=consoleui
t=2026-06-03T14:29:38+0530 lvl=dbug msg="waiting for update" obj=consoleui
t=2026-06-03T14:29:39+0530 lvl=dbug msg="waiting for update" obj=consoleui
t=2026-06-03T14:29:40+0530 lvl=dbug msg="waiting for update" obj=consoleui
t=2026-06-03T14:29:41+0530 lvl=dbug msg="heartbeat received" obj=tunnels.session obj=csess id=6c675a7035d1 clientid=7b31d0ea5646d09e1d2ee4f665dc47ac latency_ms=140
t=2026-06-03T14:29:41+0530 lvl=dbug msg="waiting for update" obj=consoleui
t=2026-06-03T14:29:42+0530 lvl=dbug msg="waiting for update" obj=consoleui
t=2026-06-03T14:29:43+0530 lvl=dbug msg="waiting for update" obj=consoleui
t=2026-06-03T14:29:44+0530 lvl=dbug msg="waiting for update" obj=consoleui
t=2026-06-03T14:29:45+0530 lvl=dbug msg="waiting for update" obj=consoleui
t=2026-06-03T14:29:46+0530 lvl=dbug msg="waiting for update" obj=consoleui
t=2026-06-03T14:29:47+0530 lvl=dbug msg="waiting for update" obj=consoleui
t=2026-06-03T14:29:48+0530 lvl=dbug msg="waiting for update" obj=consoleui
t=2026-06-03T14:29:49+0530 lvl=dbug msg="waiting for update" obj=consoleui
t=2026-06-03T14:29:50+0530 lvl=dbug msg="waiting for update" obj=consoleui
t=2026-06-03T14:29:51+0530 lvl=dbug msg="heartbeat received" obj=tunnels.session obj=csess id=6c675a7035d1 clientid=7b31d0ea5646d09e1d2ee4f665dc47ac latency_ms=164
t=2026-06-03T14:29:51+0530 lvl=dbug msg="waiting for update" obj=consoleui
t=2026-06-03T14:29:52+0530 lvl=dbug msg="waiting for update" obj=consoleui
t=2026-06-03T14:29:53+0530 lvl=dbug msg="waiting for update" obj=consoleui
t=2026-06-03T14:29:54+0530 lvl=dbug msg="waiting for update" obj=consoleui
t=2026-06-03T14:29:55+0530 lvl=dbug msg="waiting for update" obj=consoleui
t=2026-06-03T14:29:56+0530 lvl=dbug msg="waiting for update" obj=consoleui
t=2026-06-03T14:29:57+0530 lvl=dbug msg="waiting for update" obj=consoleui
t=2026-06-03T14:29:58+0530 lvl=dbug msg="waiting for update" obj=consoleui
t=2026-06-03T14:29:59+0530 lvl=dbug msg="waiting for update" obj=consoleui
t=2026-06-03T14:30:00+0530 lvl=dbug msg="waiting for update" obj=consoleui
t=2026-06-03T14:30:01+0530 lvl=dbug msg="heartbeat received" obj=tunnels.session obj=csess id=6c675a7035d1 clientid=7b31d0ea5646d09e1d2ee4f665dc47ac latency_ms=122
t=2026-06-03T14:30:01+0530 lvl=dbug msg="waiting for update" obj=consoleui
t=2026-06-03T14:30:02+0530 lvl=dbug msg="waiting for update" obj=consoleui
t=2026-06-03T14:30:03+0530 lvl=dbug msg="waiting for update" obj=consoleui
t=2026-06-03T14:30:04+0530 lvl=dbug msg="waiting for update" obj=consoleui
t=2026-06-03T14:30:05+0530 lvl=dbug msg="waiting for update" obj=consoleui
t=2026-06-03T14:30:06+0530 lvl=dbug msg="waiting for update" obj=consoleui
t=2026-06-03T14:30:07+0530 lvl=dbug msg="waiting for update" obj=consoleui
t=2026-06-03T14:30:08+0530 lvl=dbug msg="waiting for update" obj=consoleui
t=2026-06-03T14:30:09+0530 lvl=dbug msg="waiting for update" obj=consoleui
t=2026-06-03T14:30:10+0530 lvl=dbug msg="waiting for update" obj=consoleui
t=2026-06-03T14:30:11+0530 lvl=dbug msg="heartbeat received" obj=tunnels.session obj=csess id=6c675a7035d1 clientid=7b31d0ea5646d09e1d2ee4f665dc47ac latency_ms=61
t=2026-06-03T14:30:11+0530 lvl=dbug msg="waiting for update" obj=consoleui
t=2026-06-03T14:30:12+0530 lvl=dbug msg="waiting for update" obj=consoleui
t=2026-06-03T14:30:13+0530 lvl=dbug msg="waiting for update" obj=consoleui
t=2026-06-03T14:30:14+0530 lvl=dbug msg="waiting for update" obj=consoleui
t=2026-06-03T14:30:15+0530 lvl=dbug msg="waiting for update" obj=consoleui
t=2026-06-03T14:30:16+0530 lvl=dbug msg="waiting for update" obj=consoleui
t=2026-06-03T14:30:17+0530 lvl=dbug msg="waiting for update" obj=consoleui
t=2026-06-03T14:30:18+0530 lvl=dbug msg="waiting for update" obj=consoleui
t=2026-06-03T14:30:19+0530 lvl=dbug msg="waiting for update" obj=consoleui
t=2026-06-03T14:30:20+0530 lvl=dbug msg="waiting for update" obj=consoleui
t=2026-06-03T14:30:21+0530 lvl=dbug msg="heartbeat received" obj=tunnels.session obj=csess id=6c675a7035d1 clientid=7b31d0ea5646d09e1d2ee4f665dc47ac latency_ms=141
t=2026-06-03T14:30:21+0530 lvl=dbug msg="waiting for update" obj=consoleui
t=2026-06-03T14:30:22+0530 lvl=dbug msg="waiting for update" obj=consoleui
t=2026-06-03T14:30:23+0530 lvl=dbug msg="waiting for update" obj=consoleui
t=2026-06-03T14:30:24+0530 lvl=dbug msg="waiting for update" obj=consoleui
t=2026-06-03T14:30:25+0530 lvl=dbug msg="waiting for update" obj=consoleui
t=2026-06-03T14:30:26+0530 lvl=dbug msg="waiting for update" obj=consoleui
t=2026-06-03T14:30:27+0530 lvl=dbug msg="waiting for update" obj=consoleui
t=2026-06-03T14:30:28+0530 lvl=dbug msg="waiting for update" obj=consoleui
t=2026-06-03T14:30:29+0530 lvl=dbug msg="waiting for update" obj=consoleui
t=2026-06-03T14:30:30+0530 lvl=dbug msg="waiting for update" obj=consoleui
t=2026-06-03T14:30:31+0530 lvl=dbug msg="heartbeat received" obj=tunnels.session obj=csess id=6c675a7035d1 clientid=7b31d0ea5646d09e1d2ee4f665dc47ac latency_ms=127
t=2026-06-03T14:30:31+0530 lvl=dbug msg="waiting for update" obj=consoleui
t=2026-06-03T14:30:32+0530 lvl=dbug msg="waiting for update" obj=consoleui
t=2026-06-03T14:30:33+0530 lvl=dbug msg="waiting for update" obj=consoleui
t=2026-06-03T14:30:34+0530 lvl=dbug msg="waiting for update" obj=consoleui
t=2026-06-03T14:30:35+0530 lvl=dbug msg="waiting for update" obj=consoleui
t=2026-06-03T14:30:36+0530 lvl=dbug msg="waiting for update" obj=consoleui
t=2026-06-03T14:30:37+0530 lvl=dbug msg="waiting for update" obj=consoleui
t=2026-06-03T14:30:38+0530 lvl=dbug msg="waiting for update" obj=consoleui
t=2026-06-03T14:30:39+0530 lvl=dbug msg="waiting for update" obj=consoleui
t=2026-06-03T14:30:40+0530 lvl=dbug msg="waiting for update" obj=consoleui
t=2026-06-03T14:30:41+0530 lvl=dbug msg="heartbeat received" obj=tunnels.session obj=csess id=6c675a7035d1 clientid=7b31d0ea5646d09e1d2ee4f665dc47ac latency_ms=62
t=2026-06-03T14:30:41+0530 lvl=dbug msg="waiting for update" obj=consoleui
t=2026-06-03T14:30:42+0530 lvl=dbug msg="waiting for update" obj=consoleui
t=2026-06-03T14:30:43+0530 lvl=dbug msg="waiting for update" obj=consoleui
t=2026-06-03T14:30:44+0530 lvl=dbug msg="waiting for update" obj=consoleui
t=2026-06-03T14:30:45+0530 lvl=dbug msg="waiting for update" obj=consoleui
t=2026-06-03T14:30:46+0530 lvl=dbug msg="waiting for update" obj=consoleui
t=2026-06-03T14:30:47+0530 lvl=dbug msg="waiting for update" obj=consoleui
t=2026-06-03T14:30:48+0530 lvl=dbug msg="waiting for update" obj=consoleui
t=2026-06-03T14:30:49+0530 lvl=dbug msg="waiting for update" obj=consoleui
t=2026-06-03T14:30:50+0530 lvl=dbug msg="waiting for update" obj=consoleui
t=2026-06-03T14:30:51+0530 lvl=dbug msg="heartbeat received" obj=tunnels.session obj=csess id=6c675a7035d1 clientid=7b31d0ea5646d09e1d2ee4f665dc47ac latency_ms=80
t=2026-06-03T14:30:51+0530 lvl=dbug msg="waiting for update" obj=consoleui
t=2026-06-03T14:30:52+0530 lvl=dbug msg="waiting for update" obj=consoleui
t=2026-06-03T14:30:53+0530 lvl=dbug msg="waiting for update" obj=consoleui
t=2026-06-03T14:30:54+0530 lvl=dbug msg="waiting for update" obj=consoleui
t=2026-06-03T14:30:55+0530 lvl=dbug msg="waiting for update" obj=consoleui
t=2026-06-03T14:30:56+0530 lvl=dbug msg="waiting for update" obj=consoleui
t=2026-06-03T14:30:57+0530 lvl=dbug msg="waiting for update" obj=consoleui
t=2026-06-03T14:30:58+0530 lvl=dbug msg="waiting for update" obj=consoleui
t=2026-06-03T14:30:59+0530 lvl=dbug msg="waiting for update" obj=consoleui
t=2026-06-03T14:31:00+0530 lvl=dbug msg="waiting for update" obj=consoleui
t=2026-06-03T14:31:01+0530 lvl=dbug msg="heartbeat received" obj=tunnels.session obj=csess id=6c675a7035d1 clientid=7b31d0ea5646d09e1d2ee4f665dc47ac latency_ms=30
t=2026-06-03T14:31:01+0530 lvl=dbug msg="waiting for update" obj=consoleui
t=2026-06-03T14:31:02+0530 lvl=dbug msg="waiting for update" obj=consoleui
t=2026-06-03T14:31:03+0530 lvl=dbug msg="waiting for update" obj=consoleui
t=2026-06-03T14:31:04+0530 lvl=dbug msg="waiting for update" obj=consoleui
t=2026-06-03T14:31:05+0530 lvl=dbug msg="waiting for update" obj=consoleui
t=2026-06-03T14:31:06+0530 lvl=dbug msg="waiting for update" obj=consoleui
t=2026-06-03T14:31:07+0530 lvl=dbug msg="waiting for update" obj=consoleui
t=2026-06-03T14:31:08+0530 lvl=dbug msg="waiting for update" obj=consoleui
t=2026-06-03T14:31:09+0530 lvl=dbug msg="waiting for update" obj=consoleui
t=2026-06-03T14:31:10+0530 lvl=dbug msg="waiting for update" obj=consoleui
t=2026-06-03T14:31:11+0530 lvl=dbug msg="heartbeat received" obj=tunnels.session obj=csess id=6c675a7035d1 clientid=7b31d0ea5646d09e1d2ee4f665dc47ac latency_ms=65
t=2026-06-03T14:31:11+0530 lvl=dbug msg="waiting for update" obj=consoleui
t=2026-06-03T14:31:12+0530 lvl=dbug msg="waiting for update" obj=consoleui
t=2026-06-03T14:31:13+0530 lvl=dbug msg="waiting for update" obj=consoleui
t=2026-06-03T14:31:14+0530 lvl=dbug msg="waiting for update" obj=consoleui
t=2026-06-03T14:31:15+0530 lvl=dbug msg="waiting for update" obj=consoleui
t=2026-06-03T14:31:16+0530 lvl=dbug msg="waiting for update" obj=consoleui
t=2026-06-03T14:31:17+0530 lvl=dbug msg="waiting for update" obj=consoleui
t=2026-06-03T14:31:18+0530 lvl=dbug msg="waiting for update" obj=consoleui
t=2026-06-03T14:31:19+0530 lvl=dbug msg="waiting for update" obj=consoleui
t=2026-06-03T14:31:20+0530 lvl=dbug msg="waiting for update" obj=consoleui
t=2026-06-03T14:31:21+0530 lvl=dbug msg="heartbeat received" obj=tunnels.session obj=csess id=6c675a7035d1 clientid=7b31d0ea5646d09e1d2ee4f665dc47ac latency_ms=95
t=2026-06-03T14:31:21+0530 lvl=dbug msg="waiting for update" obj=consoleui
t=2026-06-03T14:31:22+0530 lvl=dbug msg="waiting for update" obj=consoleui
t=2026-06-03T14:31:23+0530 lvl=dbug msg="waiting for update" obj=consoleui
t=2026-06-03T14:31:24+0530 lvl=dbug msg="waiting for update" obj=consoleui
t=2026-06-03T14:31:25+0530 lvl=dbug msg="waiting for update" obj=consoleui
t=2026-06-03T14:31:26+0530 lvl=dbug msg="waiting for update" obj=consoleui
t=2026-06-03T14:31:27+0530 lvl=dbug msg="waiting for update" obj=consoleui
t=2026-06-03T14:31:28+0530 lvl=dbug msg="waiting for update" obj=consoleui
t=2026-06-03T14:31:29+0530 lvl=dbug msg="waiting for update" obj=consoleui
t=2026-06-03T14:31:30+0530 lvl=dbug msg="waiting for update" obj=consoleui
t=2026-06-03T14:31:31+0530 lvl=dbug msg="heartbeat received" obj=tunnels.session obj=csess id=6c675a7035d1 clientid=7b31d0ea5646d09e1d2ee4f665dc47ac latency_ms=108
t=2026-06-03T14:31:31+0530 lvl=dbug msg="waiting for update" obj=consoleui
t=2026-06-03T14:31:32+0530 lvl=dbug msg="waiting for update" obj=consoleui
t=2026-06-03T14:31:33+0530 lvl=dbug msg="waiting for update" obj=consoleui
t=2026-06-03T14:31:34+0530 lvl=dbug msg="waiting for update" obj=consoleui
t=2026-06-03T14:31:35+0530 lvl=dbug msg="waiting for update" obj=consoleui
t=2026-06-03T14:31:36+0530 lvl=dbug msg="waiting for update" obj=consoleui
t=2026-06-03T14:31:37+0530 lvl=dbug msg="waiting for update" obj=consoleui
t=2026-06-03T14:31:38+0530 lvl=dbug msg="waiting for update" obj=consoleui
t=2026-06-03T14:31:39+0530 lvl=dbug msg="waiting for update" obj=consoleui
t=2026-06-03T14:31:40+0530 lvl=dbug msg="waiting for update" obj=consoleui
t=2026-06-03T14:31:41+0530 lvl=dbug msg="heartbeat received" obj=tunnels.session obj=csess id=6c675a7035d1 clientid=7b31d0ea5646d09e1d2ee4f665dc47ac latency_ms=64
t=2026-06-03T14:31:41+0530 lvl=dbug msg="waiting for update" obj=consoleui
t=2026-06-03T14:31:42+0530 lvl=dbug msg="waiting for update" obj=consoleui
t=2026-06-03T14:31:43+0530 lvl=dbug msg="waiting for update" obj=consoleui
t=2026-06-03T14:31:44+0530 lvl=dbug msg="waiting for update" obj=consoleui
t=2026-06-03T14:31:45+0530 lvl=dbug msg="waiting for update" obj=consoleui
t=2026-06-03T14:31:46+0530 lvl=dbug msg="waiting for update" obj=consoleui
t=2026-06-03T14:31:47+0530 lvl=dbug msg="waiting for update" obj=consoleui
t=2026-06-03T14:31:48+0530 lvl=dbug msg="waiting for update" obj=consoleui
t=2026-06-03T14:31:49+0530 lvl=dbug msg="waiting for update" obj=consoleui
t=2026-06-03T14:31:50+0530 lvl=dbug msg="waiting for update" obj=consoleui
t=2026-06-03T14:31:51+0530 lvl=dbug msg="heartbeat received" obj=tunnels.session obj=csess id=6c675a7035d1 clientid=7b31d0ea5646d09e1d2ee4f665dc47ac latency_ms=156
t=2026-06-03T14:31:51+0530 lvl=dbug msg="waiting for update" obj=consoleui
t=2026-06-03T14:31:52+0530 lvl=dbug msg="waiting for update" obj=consoleui
t=2026-06-03T14:31:53+0530 lvl=dbug msg="waiting for update" obj=consoleui
t=2026-06-03T14:31:54+0530 lvl=dbug msg="waiting for update" obj=consoleui
t=2026-06-03T14:31:55+0530 lvl=dbug msg="waiting for update" obj=consoleui
t=2026-06-03T14:31:56+0530 lvl=dbug msg="waiting for update" obj=consoleui
t=2026-06-03T14:31:57+0530 lvl=dbug msg="waiting for update" obj=consoleui
t=2026-06-03T14:31:58+0530 lvl=dbug msg="waiting for update" obj=consoleui
t=2026-06-03T14:31:59+0530 lvl=dbug msg="waiting for update" obj=consoleui
t=2026-06-03T14:32:00+0530 lvl=dbug msg="waiting for update" obj=consoleui
t=2026-06-03T14:32:01+0530 lvl=dbug msg="waiting for update" obj=consoleui
t=2026-06-03T14:32:01+0530 lvl=dbug msg="heartbeat received" obj=tunnels.session obj=csess id=6c675a7035d1 clientid=7b31d0ea5646d09e1d2ee4f665dc47ac latency_ms=802
t=2026-06-03T14:32:02+0530 lvl=dbug msg="waiting for update" obj=consoleui
t=2026-06-03T14:32:03+0530 lvl=dbug msg="waiting for update" obj=consoleui
t=2026-06-03T14:32:04+0530 lvl=dbug msg="waiting for update" obj=consoleui
t=2026-06-03T14:32:05+0530 lvl=dbug msg="waiting for update" obj=consoleui
t=2026-06-03T14:32:06+0530 lvl=dbug msg="waiting for update" obj=consoleui
t=2026-06-03T14:32:07+0530 lvl=dbug msg="waiting for update" obj=consoleui
t=2026-06-03T14:32:08+0530 lvl=dbug msg="waiting for update" obj=consoleui
t=2026-06-03T14:32:09+0530 lvl=dbug msg="waiting for update" obj=consoleui
t=2026-06-03T14:32:10+0530 lvl=dbug msg="waiting for update" obj=consoleui
t=2026-06-03T14:32:11+0530 lvl=dbug msg="heartbeat received" obj=tunnels.session obj=csess id=6c675a7035d1 clientid=7b31d0ea5646d09e1d2ee4f665dc47ac latency_ms=149
t=2026-06-03T14:32:11+0530 lvl=dbug msg="waiting for update" obj=consoleui
t=2026-06-03T14:32:12+0530 lvl=dbug msg="waiting for update" obj=consoleui
t=2026-06-03T14:32:13+0530 lvl=dbug msg="waiting for update" obj=consoleui
t=2026-06-03T14:32:14+0530 lvl=dbug msg="waiting for update" obj=consoleui
t=2026-06-03T14:32:15+0530 lvl=dbug msg="waiting for update" obj=consoleui
t=2026-06-03T14:32:16+0530 lvl=dbug msg="waiting for update" obj=consoleui
t=2026-06-03T14:32:17+0530 lvl=dbug msg="waiting for update" obj=consoleui
t=2026-06-03T14:32:18+0530 lvl=dbug msg="waiting for update" obj=consoleui
t=2026-06-03T14:32:19+0530 lvl=dbug msg="waiting for update" obj=consoleui
t=2026-06-03T14:32:20+0530 lvl=dbug msg="waiting for update" obj=consoleui
t=2026-06-03T14:32:21+0530 lvl=dbug msg="heartbeat received" obj=tunnels.session obj=csess id=6c675a7035d1 clientid=7b31d0ea5646d09e1d2ee4f665dc47ac latency_ms=214
t=2026-06-03T14:32:21+0530 lvl=dbug msg="waiting for update" obj=consoleui
t=2026-06-03T14:32:22+0530 lvl=dbug msg="waiting for update" obj=consoleui
t=2026-06-03T14:32:23+0530 lvl=dbug msg="waiting for update" obj=consoleui
t=2026-06-03T14:32:24+0530 lvl=dbug msg="waiting for update" obj=consoleui
t=2026-06-03T14:32:25+0530 lvl=dbug msg="waiting for update" obj=consoleui
t=2026-06-03T14:32:26+0530 lvl=dbug msg="waiting for update" obj=consoleui
t=2026-06-03T14:32:27+0530 lvl=dbug msg="waiting for update" obj=consoleui
t=2026-06-03T14:32:28+0530 lvl=dbug msg="waiting for update" obj=consoleui
t=2026-06-03T14:32:29+0530 lvl=dbug msg="waiting for update" obj=consoleui
t=2026-06-03T14:32:30+0530 lvl=dbug msg="waiting for update" obj=consoleui
t=2026-06-03T14:32:31+0530 lvl=dbug msg="waiting for update" obj=consoleui
t=2026-06-03T14:32:32+0530 lvl=dbug msg="waiting for update" obj=consoleui
t=2026-06-03T14:32:33+0530 lvl=dbug msg="heartbeat received" obj=tunnels.session obj=csess id=6c675a7035d1 clientid=7b31d0ea5646d09e1d2ee4f665dc47ac latency_ms=2429
t=2026-06-03T14:32:33+0530 lvl=dbug msg="waiting for update" obj=consoleui
t=2026-06-03T14:32:34+0530 lvl=dbug msg="waiting for update" obj=consoleui
t=2026-06-03T14:32:35+0530 lvl=dbug msg="waiting for update" obj=consoleui
t=2026-06-03T14:32:36+0530 lvl=dbug msg="waiting for update" obj=consoleui
t=2026-06-03T14:32:37+0530 lvl=dbug msg="waiting for update" obj=consoleui
t=2026-06-03T14:32:38+0530 lvl=dbug msg="waiting for update" obj=consoleui
t=2026-06-03T14:32:39+0530 lvl=dbug msg="waiting for update" obj=consoleui
t=2026-06-03T14:32:40+0530 lvl=dbug msg="waiting for update" obj=consoleui
t=2026-06-03T14:32:41+0530 lvl=dbug msg="heartbeat received" obj=tunnels.session obj=csess id=6c675a7035d1 clientid=7b31d0ea5646d09e1d2ee4f665dc47ac latency_ms=105
t=2026-06-03T14:32:41+0530 lvl=dbug msg="waiting for update" obj=consoleui
t=2026-06-03T14:32:42+0530 lvl=dbug msg="waiting for update" obj=consoleui
t=2026-06-03T14:32:43+0530 lvl=dbug msg="waiting for update" obj=consoleui
t=2026-06-03T14:32:44+0530 lvl=dbug msg="waiting for update" obj=consoleui
t=2026-06-03T14:32:45+0530 lvl=dbug msg="waiting for update" obj=consoleui
t=2026-06-03T14:32:46+0530 lvl=dbug msg="waiting for update" obj=consoleui
t=2026-06-03T14:32:47+0530 lvl=dbug msg="waiting for update" obj=consoleui
t=2026-06-03T14:32:48+0530 lvl=dbug msg="waiting for update" obj=consoleui
t=2026-06-03T14:32:49+0530 lvl=dbug msg="waiting for update" obj=consoleui
t=2026-06-03T14:32:50+0530 lvl=dbug msg="waiting for update" obj=consoleui
t=2026-06-03T14:32:51+0530 lvl=dbug msg="heartbeat received" obj=tunnels.session obj=csess id=6c675a7035d1 clientid=7b31d0ea5646d09e1d2ee4f665dc47ac latency_ms=135
t=2026-06-03T14:32:51+0530 lvl=dbug msg="waiting for update" obj=consoleui
t=2026-06-03T14:32:52+0530 lvl=dbug msg="waiting for update" obj=consoleui
t=2026-06-03T14:32:53+0530 lvl=dbug msg="waiting for update" obj=consoleui
t=2026-06-03T14:32:54+0530 lvl=dbug msg="waiting for update" obj=consoleui
t=2026-06-03T14:32:55+0530 lvl=dbug msg="waiting for update" obj=consoleui
t=2026-06-03T14:32:56+0530 lvl=dbug msg="waiting for update" obj=consoleui
t=2026-06-03T14:32:57+0530 lvl=dbug msg="waiting for update" obj=consoleui
t=2026-06-03T14:32:58+0530 lvl=dbug msg="waiting for update" obj=consoleui
t=2026-06-03T14:32:59+0530 lvl=dbug msg="waiting for update" obj=consoleui
t=2026-06-03T14:33:00+0530 lvl=dbug msg="waiting for update" obj=consoleui
t=2026-06-03T14:33:01+0530 lvl=dbug msg="heartbeat received" obj=tunnels.session obj=csess id=6c675a7035d1 clientid=7b31d0ea5646d09e1d2ee4f665dc47ac latency_ms=118
t=2026-06-03T14:33:01+0530 lvl=dbug msg="waiting for update" obj=consoleui
t=2026-06-03T14:33:02+0530 lvl=dbug msg="waiting for update" obj=consoleui
t=2026-06-03T14:33:03+0530 lvl=dbug msg="waiting for update" obj=consoleui
t=2026-06-03T14:33:04+0530 lvl=dbug msg="waiting for update" obj=consoleui
t=2026-06-03T14:33:05+0530 lvl=dbug msg="waiting for update" obj=consoleui
t=2026-06-03T14:33:06+0530 lvl=dbug msg="waiting for update" obj=consoleui
t=2026-06-03T14:33:07+0530 lvl=dbug msg="waiting for update" obj=consoleui
t=2026-06-03T14:33:08+0530 lvl=dbug msg="waiting for update" obj=consoleui
t=2026-06-03T14:33:09+0530 lvl=dbug msg="waiting for update" obj=consoleui
t=2026-06-03T14:33:10+0530 lvl=dbug msg="waiting for update" obj=consoleui
t=2026-06-03T14:33:11+0530 lvl=dbug msg="waiting for update" obj=consoleui
t=2026-06-03T14:33:12+0530 lvl=dbug msg="waiting for update" obj=consoleui
t=2026-06-03T14:33:13+0530 lvl=dbug msg="waiting for update" obj=consoleui
t=2026-06-03T14:33:14+0530 lvl=dbug msg="heartbeat received" obj=tunnels.session obj=csess id=6c675a7035d1 clientid=7b31d0ea5646d09e1d2ee4f665dc47ac latency_ms=3411
t=2026-06-03T14:33:14+0530 lvl=dbug msg="waiting for update" obj=consoleui
t=2026-06-03T14:33:15+0530 lvl=dbug msg="waiting for update" obj=consoleui
t=2026-06-03T14:33:16+0530 lvl=dbug msg="waiting for update" obj=consoleui
t=2026-06-03T14:33:17+0530 lvl=dbug msg="waiting for update" obj=consoleui
t=2026-06-03T14:33:18+0530 lvl=dbug msg="waiting for update" obj=consoleui
t=2026-06-03T14:33:19+0530 lvl=dbug msg="waiting for update" obj=consoleui
t=2026-06-03T14:33:20+0530 lvl=dbug msg="waiting for update" obj=consoleui
t=2026-06-03T14:33:21+0530 lvl=dbug msg="heartbeat received" obj=tunnels.session obj=csess id=6c675a7035d1 clientid=7b31d0ea5646d09e1d2ee4f665dc47ac latency_ms=175
t=2026-06-03T14:33:21+0530 lvl=dbug msg="waiting for update" obj=consoleui
t=2026-06-03T14:33:22+0530 lvl=dbug msg="waiting for update" obj=consoleui
t=2026-06-03T14:33:23+0530 lvl=dbug msg="waiting for update" obj=consoleui
t=2026-06-03T14:33:24+0530 lvl=dbug msg="waiting for update" obj=consoleui
t=2026-06-03T14:33:25+0530 lvl=dbug msg="waiting for update" obj=consoleui
t=2026-06-03T14:33:26+0530 lvl=dbug msg="waiting for update" obj=consoleui
t=2026-06-03T14:33:27+0530 lvl=dbug msg="waiting for update" obj=consoleui
t=2026-06-03T14:33:28+0530 lvl=dbug msg="waiting for update" obj=consoleui
t=2026-06-03T14:33:29+0530 lvl=dbug msg="waiting for update" obj=consoleui
t=2026-06-03T14:33:30+0530 lvl=dbug msg="waiting for update" obj=consoleui
t=2026-06-03T14:33:31+0530 lvl=dbug msg="heartbeat received" obj=tunnels.session obj=csess id=6c675a7035d1 clientid=7b31d0ea5646d09e1d2ee4f665dc47ac latency_ms=99
t=2026-06-03T14:33:31+0530 lvl=dbug msg="waiting for update" obj=consoleui
t=2026-06-03T14:33:32+0530 lvl=dbug msg="waiting for update" obj=consoleui
t=2026-06-03T14:33:33+0530 lvl=dbug msg="waiting for update" obj=consoleui
t=2026-06-03T14:33:34+0530 lvl=dbug msg="waiting for update" obj=consoleui
t=2026-06-03T14:33:35+0530 lvl=dbug msg="waiting for update" obj=consoleui
t=2026-06-03T14:33:36+0530 lvl=dbug msg="waiting for update" obj=consoleui
t=2026-06-03T14:33:37+0530 lvl=dbug msg="waiting for update" obj=consoleui
t=2026-06-03T14:33:38+0530 lvl=dbug msg="waiting for update" obj=consoleui
t=2026-06-03T14:33:39+0530 lvl=dbug msg="waiting for update" obj=consoleui
t=2026-06-03T14:33:40+0530 lvl=dbug msg="waiting for update" obj=consoleui
t=2026-06-03T14:33:41+0530 lvl=dbug msg="heartbeat received" obj=tunnels.session obj=csess id=6c675a7035d1 clientid=7b31d0ea5646d09e1d2ee4f665dc47ac latency_ms=31
t=2026-06-03T14:33:41+0530 lvl=dbug msg="waiting for update" obj=consoleui
t=2026-06-03T14:33:42+0530 lvl=dbug msg="waiting for update" obj=consoleui
t=2026-06-03T14:33:43+0530 lvl=dbug msg="waiting for update" obj=consoleui
t=2026-06-03T14:33:44+0530 lvl=dbug msg="waiting for update" obj=consoleui
t=2026-06-03T14:33:45+0530 lvl=dbug msg="waiting for update" obj=consoleui
t=2026-06-03T14:33:46+0530 lvl=dbug msg="waiting for update" obj=consoleui
t=2026-06-03T14:33:47+0530 lvl=dbug msg="waiting for update" obj=consoleui
t=2026-06-03T14:33:48+0530 lvl=dbug msg="waiting for update" obj=consoleui
t=2026-06-03T14:33:49+0530 lvl=dbug msg="waiting for update" obj=consoleui
t=2026-06-03T14:33:50+0530 lvl=dbug msg="waiting for update" obj=consoleui
t=2026-06-03T14:33:51+0530 lvl=dbug msg="heartbeat received" obj=tunnels.session obj=csess id=6c675a7035d1 clientid=7b31d0ea5646d09e1d2ee4f665dc47ac latency_ms=208
t=2026-06-03T14:33:51+0530 lvl=dbug msg="waiting for update" obj=consoleui
t=2026-06-03T14:33:52+0530 lvl=dbug msg="waiting for update" obj=consoleui
t=2026-06-03T14:33:53+0530 lvl=dbug msg="waiting for update" obj=consoleui
t=2026-06-03T14:33:54+0530 lvl=dbug msg="waiting for update" obj=consoleui
t=2026-06-03T14:33:55+0530 lvl=dbug msg="waiting for update" obj=consoleui
t=2026-06-03T14:33:56+0530 lvl=dbug msg="waiting for update" obj=consoleui
t=2026-06-03T14:33:57+0530 lvl=dbug msg="waiting for update" obj=consoleui
t=2026-06-03T14:33:58+0530 lvl=dbug msg="waiting for update" obj=consoleui
t=2026-06-03T14:33:59+0530 lvl=dbug msg="waiting for update" obj=consoleui
t=2026-06-03T14:34:00+0530 lvl=dbug msg="waiting for update" obj=consoleui
t=2026-06-03T14:34:01+0530 lvl=dbug msg="waiting for update" obj=consoleui
t=2026-06-03T14:34:02+0530 lvl=dbug msg="waiting for update" obj=consoleui
t=2026-06-03T14:34:03+0530 lvl=dbug msg="waiting for update" obj=consoleui
t=2026-06-03T14:34:04+0530 lvl=dbug msg="waiting for update" obj=consoleui
t=2026-06-03T14:34:05+0530 lvl=dbug msg="waiting for update" obj=consoleui
t=2026-06-03T14:34:05+0530 lvl=dbug msg="heartbeat received" obj=tunnels.session obj=csess id=6c675a7035d1 clientid=7b31d0ea5646d09e1d2ee4f665dc47ac latency_ms=4688
t=2026-06-03T14:34:06+0530 lvl=dbug msg="waiting for update" obj=consoleui
t=2026-06-03T14:34:07+0530 lvl=dbug msg="waiting for update" obj=consoleui
t=2026-06-03T14:34:08+0530 lvl=dbug msg="waiting for update" obj=consoleui
t=2026-06-03T14:34:09+0530 lvl=dbug msg="waiting for update" obj=consoleui
t=2026-06-03T14:34:10+0530 lvl=dbug msg="waiting for update" obj=consoleui
t=2026-06-03T14:34:11+0530 lvl=dbug msg="heartbeat received" obj=tunnels.session obj=csess id=6c675a7035d1 clientid=7b31d0ea5646d09e1d2ee4f665dc47ac latency_ms=134
t=2026-06-03T14:34:11+0530 lvl=dbug msg="waiting for update" obj=consoleui
t=2026-06-03T14:34:12+0530 lvl=dbug msg="waiting for update" obj=consoleui
t=2026-06-03T14:34:13+0530 lvl=dbug msg="waiting for update" obj=consoleui
t=2026-06-03T14:34:14+0530 lvl=dbug msg="waiting for update" obj=consoleui
t=2026-06-03T14:34:15+0530 lvl=dbug msg="waiting for update" obj=consoleui
t=2026-06-03T14:34:16+0530 lvl=dbug msg="waiting for update" obj=consoleui
t=2026-06-03T14:34:17+0530 lvl=dbug msg="waiting for update" obj=consoleui
t=2026-06-03T14:34:18+0530 lvl=dbug msg="waiting for update" obj=consoleui
t=2026-06-03T14:34:19+0530 lvl=dbug msg="waiting for update" obj=consoleui
t=2026-06-03T14:34:20+0530 lvl=dbug msg="waiting for update" obj=consoleui
t=2026-06-03T14:34:21+0530 lvl=dbug msg="heartbeat received" obj=tunnels.session obj=csess id=6c675a7035d1 clientid=7b31d0ea5646d09e1d2ee4f665dc47ac latency_ms=154
t=2026-06-03T14:34:21+0530 lvl=dbug msg="waiting for update" obj=consoleui
t=2026-06-03T14:34:22+0530 lvl=dbug msg="waiting for update" obj=consoleui
t=2026-06-03T14:34:23+0530 lvl=dbug msg="waiting for update" obj=consoleui
t=2026-06-03T14:34:24+0530 lvl=dbug msg="waiting for update" obj=consoleui
t=2026-06-03T14:34:25+0530 lvl=dbug msg="waiting for update" obj=consoleui
t=2026-06-03T14:34:26+0530 lvl=dbug msg="waiting for update" obj=consoleui
t=2026-06-03T14:34:27+0530 lvl=dbug msg="waiting for update" obj=consoleui
t=2026-06-03T14:34:28+0530 lvl=dbug msg="waiting for update" obj=consoleui
t=2026-06-03T14:34:29+0530 lvl=dbug msg="waiting for update" obj=consoleui
t=2026-06-03T14:34:30+0530 lvl=dbug msg="waiting for update" obj=consoleui
t=2026-06-03T14:34:31+0530 lvl=dbug msg="heartbeat received" obj=tunnels.session obj=csess id=6c675a7035d1 clientid=7b31d0ea5646d09e1d2ee4f665dc47ac latency_ms=142
t=2026-06-03T14:34:31+0530 lvl=dbug msg="waiting for update" obj=consoleui
t=2026-06-03T14:34:32+0530 lvl=dbug msg="waiting for update" obj=consoleui
t=2026-06-03T14:34:33+0530 lvl=dbug msg="waiting for update" obj=consoleui
t=2026-06-03T14:34:34+0530 lvl=dbug msg="waiting for update" obj=consoleui
t=2026-06-03T14:34:35+0530 lvl=dbug msg="waiting for update" obj=consoleui
t=2026-06-03T14:34:36+0530 lvl=dbug msg="waiting for update" obj=consoleui
t=2026-06-03T14:34:37+0530 lvl=dbug msg="tunnel Accept" obj=tunnels.session obj=csess id=6c675a7035d1 clientid=7b31d0ea5646d09e1d2ee4f665dc47ac reqType=3 remoteAddr=13.127.105.236:443
t=2026-06-03T14:34:37+0530 lvl=dbug msg="waiting for update" obj=consoleui
t=2026-06-03T14:34:37+0530 lvl=dbug msg="dial private connection" id=65020cebe93f addr=localhost:3000 err=nil
t=2026-06-03T14:34:37+0530 lvl=dbug msg="joining tunnel conn to backend" id=65020cebe93f header="{ID:45531bfe77b61f34a2ebdeb8dcdfff6c ClientAddr:171.48.2.44:53119 Proto:https EdgeType:0 PassthroughTLS:false}"
t=2026-06-03T14:34:37+0530 lvl=info msg="join connections" obj=join id=c86d568842ca l=[::1]:3000 r=171.48.2.44:53119
t=2026-06-03T14:34:37+0530 lvl=dbug msg="got request" id=a807e09800f0 typ=proxy path=/sign-in
t=2026-06-03T14:34:37+0530 lvl=dbug msg="add entry" obj=storage entrysz=226 sz=10254
t=2026-06-03T14:34:37+0530 lvl=dbug msg="add entry" obj=storage entrysz=226 sz=10254
t=2026-06-03T14:34:37+0530 lvl=dbug msg="waiting for update" obj=consoleui
t=2026-06-03T14:34:37+0530 lvl=dbug msg="waiting for update" obj=consoleui
t=2026-06-03T14:34:37+0530 lvl=dbug msg="got response for request" id=a807e09800f0 typ=proxy reqpath=/sign-in
t=2026-06-03T14:34:37+0530 lvl=dbug msg="add entry" obj=storage entrysz=621 sz=10254
t=2026-06-03T14:34:37+0530 lvl=dbug msg="add entry" obj=storage entrysz=621 sz=10254
t=2026-06-03T14:34:37+0530 lvl=dbug msg="waiting for update" obj=consoleui
t=2026-06-03T14:34:37+0530 lvl=dbug msg="waiting for update" obj=consoleui
t=2026-06-03T14:34:37+0530 lvl=dbug msg="waiting for update" obj=consoleui
t=2026-06-03T14:34:37+0530 lvl=dbug msg="waiting for update" obj=consoleui
t=2026-06-03T14:34:38+0530 lvl=dbug msg="waiting for update" obj=consoleui
t=2026-06-03T14:34:39+0530 lvl=dbug msg="waiting for update" obj=consoleui
t=2026-06-03T14:34:40+0530 lvl=dbug msg="waiting for update" obj=consoleui
t=2026-06-03T14:34:41+0530 lvl=dbug msg="heartbeat received" obj=tunnels.session obj=csess id=6c675a7035d1 clientid=7b31d0ea5646d09e1d2ee4f665dc47ac latency_ms=256
t=2026-06-03T14:34:41+0530 lvl=dbug msg="waiting for update" obj=consoleui
t=2026-06-03T14:34:42+0530 lvl=dbug msg="waiting for update" obj=consoleui
t=2026-06-03T14:34:43+0530 lvl=dbug msg="half join complete" obj=join id=c86d568842ca from=[::1]:3000 to=171.48.2.44:53119 nbytes=395 err=nil
t=2026-06-03T14:34:43+0530 lvl=dbug msg="half join complete" obj=join id=c86d568842ca from=171.48.2.44:53119 to=[::1]:3000 nbytes=226 err=nil
t=2026-06-03T14:34:43+0530 lvl=dbug msg=http.ReadRequest id=a807e09800f0 typ=proxy err=EOF
t=2026-06-03T14:34:43+0530 lvl=dbug msg=close obj=tunnels.session obj=csess id=6c675a7035d1 clientid=7b31d0ea5646d09e1d2ee4f665dc47ac id=06a03b573dd5 type=proxy sess=7b31d0ea5646d09e1d2ee4f665dc47ac err=nil
t=2026-06-03T14:34:43+0530 lvl=dbug msg=close id=a807e09800f0 typ=proxy err=nil
t=2026-06-03T14:34:43+0530 lvl=dbug msg=close id=65020cebe93f err=nil
t=2026-06-03T14:34:43+0530 lvl=dbug msg=http.ReadResponse id=a807e09800f0 typ=proxy err="unexpected EOF"
t=2026-06-03T14:34:43+0530 lvl=dbug msg=close obj=tunnels.session obj=csess id=6c675a7035d1 clientid=7b31d0ea5646d09e1d2ee4f665dc47ac id=06a03b573dd5 type=proxy sess=7b31d0ea5646d09e1d2ee4f665dc47ac err=nil
t=2026-06-03T14:34:43+0530 lvl=dbug msg=close id=a807e09800f0 typ=proxy err=nil
t=2026-06-03T14:34:43+0530 lvl=dbug msg=close id=65020cebe93f err=nil
t=2026-06-03T14:34:43+0530 lvl=dbug msg=close obj=tunnels.session obj=csess id=6c675a7035d1 clientid=7b31d0ea5646d09e1d2ee4f665dc47ac id=06a03b573dd5 type=proxy sess=7b31d0ea5646d09e1d2ee4f665dc47ac err=nil
t=2026-06-03T14:34:43+0530 lvl=dbug msg=close id=a807e09800f0 typ=proxy err=nil
t=2026-06-03T14:34:43+0530 lvl=dbug msg=close obj=tunnels.session obj=csess id=6c675a7035d1 clientid=7b31d0ea5646d09e1d2ee4f665dc47ac id=06a03b573dd5 type=proxy sess=7b31d0ea5646d09e1d2ee4f665dc47ac err=nil
t=2026-06-03T14:34:43+0530 lvl=dbug msg=close id=a807e09800f0 typ=proxy err=nil
t=2026-06-03T14:34:43+0530 lvl=dbug msg=close obj=tunnels.session obj=csess id=6c675a7035d1 clientid=7b31d0ea5646d09e1d2ee4f665dc47ac id=06a03b573dd5 type=proxy sess=7b31d0ea5646d09e1d2ee4f665dc47ac err=nil
t=2026-06-03T14:34:43+0530 lvl=dbug msg=close id=a807e09800f0 typ=proxy err=nil
t=2026-06-03T14:34:43+0530 lvl=dbug msg="waiting for update" obj=consoleui
t=2026-06-03T14:34:43+0530 lvl=dbug msg="waiting for update" obj=consoleui
t=2026-06-03T14:34:44+0530 lvl=dbug msg="waiting for update" obj=consoleui
t=2026-06-03T14:34:45+0530 lvl=dbug msg="waiting for update" obj=consoleui
t=2026-06-03T14:34:46+0530 lvl=dbug msg="waiting for update" obj=consoleui
t=2026-06-03T14:34:47+0530 lvl=dbug msg="waiting for update" obj=consoleui
t=2026-06-03T14:34:48+0530 lvl=dbug msg="waiting for update" obj=consoleui
t=2026-06-03T14:34:49+0530 lvl=dbug msg="waiting for update" obj=consoleui
t=2026-06-03T14:34:50+0530 lvl=dbug msg="waiting for update" obj=consoleui
t=2026-06-03T14:34:51+0530 lvl=dbug msg="heartbeat received" obj=tunnels.session obj=csess id=6c675a7035d1 clientid=7b31d0ea5646d09e1d2ee4f665dc47ac latency_ms=180
t=2026-06-03T14:34:51+0530 lvl=dbug msg="waiting for update" obj=consoleui
t=2026-06-03T14:34:52+0530 lvl=dbug msg="waiting for update" obj=consoleui
t=2026-06-03T14:34:53+0530 lvl=dbug msg="waiting for update" obj=consoleui
t=2026-06-03T14:34:54+0530 lvl=dbug msg="waiting for update" obj=consoleui
t=2026-06-03T14:34:55+0530 lvl=dbug msg="waiting for update" obj=consoleui
t=2026-06-03T14:34:56+0530 lvl=dbug msg="waiting for update" obj=consoleui
t=2026-06-03T14:34:57+0530 lvl=dbug msg="waiting for update" obj=consoleui
t=2026-06-03T14:34:58+0530 lvl=dbug msg="waiting for update" obj=consoleui
t=2026-06-03T14:34:59+0530 lvl=dbug msg="waiting for update" obj=consoleui
t=2026-06-03T14:35:00+0530 lvl=dbug msg="waiting for update" obj=consoleui
t=2026-06-03T14:35:01+0530 lvl=dbug msg="heartbeat received" obj=tunnels.session obj=csess id=6c675a7035d1 clientid=7b31d0ea5646d09e1d2ee4f665dc47ac latency_ms=89
t=2026-06-03T14:35:01+0530 lvl=dbug msg="waiting for update" obj=consoleui
t=2026-06-03T14:35:02+0530 lvl=dbug msg="waiting for update" obj=consoleui
t=2026-06-03T14:35:03+0530 lvl=dbug msg="waiting for update" obj=consoleui
t=2026-06-03T14:35:04+0530 lvl=dbug msg="waiting for update" obj=consoleui
t=2026-06-03T14:35:05+0530 lvl=dbug msg="waiting for update" obj=consoleui
t=2026-06-03T14:35:06+0530 lvl=dbug msg="waiting for update" obj=consoleui
t=2026-06-03T14:35:07+0530 lvl=dbug msg="waiting for update" obj=consoleui
t=2026-06-03T14:35:08+0530 lvl=dbug msg="waiting for update" obj=consoleui
t=2026-06-03T14:35:09+0530 lvl=dbug msg="waiting for update" obj=consoleui
t=2026-06-03T14:35:10+0530 lvl=dbug msg="waiting for update" obj=consoleui
t=2026-06-03T14:35:11+0530 lvl=dbug msg="heartbeat received" obj=tunnels.session obj=csess id=6c675a7035d1 clientid=7b31d0ea5646d09e1d2ee4f665dc47ac latency_ms=159
t=2026-06-03T14:35:11+0530 lvl=dbug msg="waiting for update" obj=consoleui
t=2026-06-03T14:35:12+0530 lvl=dbug msg="waiting for update" obj=consoleui
t=2026-06-03T14:35:13+0530 lvl=dbug msg="waiting for update" obj=consoleui
t=2026-06-03T14:35:14+0530 lvl=dbug msg="waiting for update" obj=consoleui
t=2026-06-03T14:35:15+0530 lvl=dbug msg="waiting for update" obj=consoleui
t=2026-06-03T14:35:16+0530 lvl=dbug msg="waiting for update" obj=consoleui
t=2026-06-03T14:35:17+0530 lvl=dbug msg="waiting for update" obj=consoleui
t=2026-06-03T14:35:18+0530 lvl=dbug msg="waiting for update" obj=consoleui
t=2026-06-03T14:35:19+0530 lvl=dbug msg="waiting for update" obj=consoleui
t=2026-06-03T14:35:20+0530 lvl=dbug msg="waiting for update" obj=consoleui
t=2026-06-03T14:35:21+0530 lvl=dbug msg="heartbeat received" obj=tunnels.session obj=csess id=6c675a7035d1 clientid=7b31d0ea5646d09e1d2ee4f665dc47ac latency_ms=121
t=2026-06-03T14:35:21+0530 lvl=dbug msg="waiting for update" obj=consoleui
t=2026-06-03T14:35:22+0530 lvl=dbug msg="waiting for update" obj=consoleui
t=2026-06-03T14:35:23+0530 lvl=dbug msg="waiting for update" obj=consoleui
t=2026-06-03T14:35:24+0530 lvl=dbug msg="waiting for update" obj=consoleui
t=2026-06-03T14:35:25+0530 lvl=dbug msg="waiting for update" obj=consoleui
t=2026-06-03T14:35:26+0530 lvl=dbug msg="waiting for update" obj=consoleui
t=2026-06-03T14:35:27+0530 lvl=dbug msg="waiting for update" obj=consoleui
t=2026-06-03T14:35:28+0530 lvl=dbug msg="waiting for update" obj=consoleui
t=2026-06-03T14:35:29+0530 lvl=dbug msg="waiting for update" obj=consoleui
t=2026-06-03T14:35:30+0530 lvl=dbug msg="waiting for update" obj=consoleui
t=2026-06-03T14:35:31+0530 lvl=dbug msg="heartbeat received" obj=tunnels.session obj=csess id=6c675a7035d1 clientid=7b31d0ea5646d09e1d2ee4f665dc47ac latency_ms=141
t=2026-06-03T14:35:31+0530 lvl=dbug msg="waiting for update" obj=consoleui
t=2026-06-03T14:35:32+0530 lvl=dbug msg="waiting for update" obj=consoleui
t=2026-06-03T14:35:33+0530 lvl=dbug msg="waiting for update" obj=consoleui
t=2026-06-03T14:35:34+0530 lvl=dbug msg="waiting for update" obj=consoleui
t=2026-06-03T14:35:35+0530 lvl=dbug msg="waiting for update" obj=consoleui
t=2026-06-03T14:35:36+0530 lvl=dbug msg="waiting for update" obj=consoleui
t=2026-06-03T14:35:37+0530 lvl=dbug msg="waiting for update" obj=consoleui
t=2026-06-03T14:35:38+0530 lvl=dbug msg="waiting for update" obj=consoleui
t=2026-06-03T14:35:39+0530 lvl=dbug msg="waiting for update" obj=consoleui
t=2026-06-03T14:35:40+0530 lvl=dbug msg="waiting for update" obj=consoleui
t=2026-06-03T14:35:41+0530 lvl=dbug msg="heartbeat received" obj=tunnels.session obj=csess id=6c675a7035d1 clientid=7b31d0ea5646d09e1d2ee4f665dc47ac latency_ms=124
t=2026-06-03T14:35:41+0530 lvl=dbug msg="waiting for update" obj=consoleui
t=2026-06-03T14:35:42+0530 lvl=dbug msg="waiting for update" obj=consoleui
t=2026-06-03T14:35:43+0530 lvl=dbug msg="waiting for update" obj=consoleui
t=2026-06-03T14:35:44+0530 lvl=dbug msg="waiting for update" obj=consoleui
t=2026-06-03T14:35:45+0530 lvl=dbug msg="waiting for update" obj=consoleui
t=2026-06-03T14:35:46+0530 lvl=dbug msg="waiting for update" obj=consoleui
t=2026-06-03T14:35:47+0530 lvl=dbug msg="waiting for update" obj=consoleui
t=2026-06-03T14:35:48+0530 lvl=dbug msg="waiting for update" obj=consoleui
t=2026-06-03T14:35:49+0530 lvl=dbug msg="waiting for update" obj=consoleui
t=2026-06-03T14:35:50+0530 lvl=dbug msg="waiting for update" obj=consoleui
t=2026-06-03T14:35:51+0530 lvl=dbug msg="heartbeat received" obj=tunnels.session obj=csess id=6c675a7035d1 clientid=7b31d0ea5646d09e1d2ee4f665dc47ac latency_ms=136
t=2026-06-03T14:35:51+0530 lvl=dbug msg="waiting for update" obj=consoleui
t=2026-06-03T14:35:52+0530 lvl=dbug msg="waiting for update" obj=consoleui
t=2026-06-03T14:35:53+0530 lvl=dbug msg="waiting for update" obj=consoleui
t=2026-06-03T14:35:53+0530 lvl=dbug msg="tunnel Accept" obj=tunnels.session obj=csess id=6c675a7035d1 clientid=7b31d0ea5646d09e1d2ee4f665dc47ac reqType=3 remoteAddr=13.127.105.236:443
t=2026-06-03T14:35:53+0530 lvl=dbug msg="dial private connection" id=7a712d16199a addr=localhost:3000 err=nil
t=2026-06-03T14:35:53+0530 lvl=dbug msg="joining tunnel conn to backend" id=7a712d16199a header="{ID:45531bfe77b61f34a2ebdeb8dcdfff6c ClientAddr:171.48.2.44:55032 Proto:https EdgeType:0 PassthroughTLS:false}"
t=2026-06-03T14:35:53+0530 lvl=info msg="join connections" obj=join id=a8d328ffa56b l=[::1]:3000 r=171.48.2.44:55032
t=2026-06-03T14:35:53+0530 lvl=dbug msg="got request" id=cfe35661c715 typ=proxy path=/dashboard/projects/k5789ppk594hk0852ag58rapq987wvy9/style-guide
t=2026-06-03T14:35:53+0530 lvl=dbug msg="add entry" obj=storage entrysz=1834 sz=10875
t=2026-06-03T14:35:53+0530 lvl=dbug msg="add entry" obj=storage entrysz=1834 sz=10875
t=2026-06-03T14:35:53+0530 lvl=dbug msg="waiting for update" obj=consoleui
t=2026-06-03T14:35:53+0530 lvl=dbug msg="waiting for update" obj=consoleui
t=2026-06-03T14:35:53+0530 lvl=dbug msg="waiting for update" obj=consoleui
t=2026-06-03T14:35:54+0530 lvl=dbug msg="waiting for update" obj=consoleui
t=2026-06-03T14:35:55+0530 lvl=dbug msg="waiting for update" obj=consoleui
t=2026-06-03T14:35:56+0530 lvl=dbug msg="waiting for update" obj=consoleui
t=2026-06-03T14:35:57+0530 lvl=dbug msg="waiting for update" obj=consoleui
t=2026-06-03T14:35:58+0530 lvl=dbug msg="got response for request" id=cfe35661c715 typ=proxy reqpath=/dashboard/projects/k5789ppk594hk0852ag58rapq987wvy9/style-guide
t=2026-06-03T14:35:58+0530 lvl=dbug msg="add entry" obj=storage entrysz=2240 sz=10875
t=2026-06-03T14:35:58+0530 lvl=dbug msg="add entry" obj=storage entrysz=3232 sz=10875
t=2026-06-03T14:35:58+0530 lvl=dbug msg="waiting for update" obj=consoleui
t=2026-06-03T14:35:58+0530 lvl=dbug msg="gzip decode"
t=2026-06-03T14:35:58+0530 lvl=dbug msg="waiting for update" obj=consoleui
t=2026-06-03T14:35:58+0530 lvl=dbug msg="waiting for update" obj=consoleui
t=2026-06-03T14:35:58+0530 lvl=dbug msg="waiting for update" obj=consoleui
t=2026-06-03T14:35:58+0530 lvl=dbug msg="got request" id=cfe35661c715 typ=proxy path=/_next/static/chunks/webpack.js
t=2026-06-03T14:35:58+0530 lvl=dbug msg="add entry" obj=storage entrysz=1596 sz=14107
t=2026-06-03T14:35:58+0530 lvl=dbug msg="add entry" obj=storage entrysz=1596 sz=14107
t=2026-06-03T14:35:58+0530 lvl=dbug msg="waiting for update" obj=consoleui
t=2026-06-03T14:35:58+0530 lvl=dbug msg="tunnel Accept" obj=tunnels.session obj=csess id=6c675a7035d1 clientid=7b31d0ea5646d09e1d2ee4f665dc47ac reqType=3 remoteAddr=13.127.105.236:443
t=2026-06-03T14:35:58+0530 lvl=dbug msg="dial private connection" id=50535c181d23 addr=localhost:3000 err=nil
t=2026-06-03T14:35:58+0530 lvl=dbug msg="joining tunnel conn to backend" id=50535c181d23 header="{ID:45531bfe77b61f34a2ebdeb8dcdfff6c ClientAddr:171.48.2.44:55032 Proto:https EdgeType:0 PassthroughTLS:false}"
t=2026-06-03T14:35:58+0530 lvl=info msg="join connections" obj=join id=9e7ce4afd5f9 l=[::1]:3000 r=171.48.2.44:55032
t=2026-06-03T14:35:58+0530 lvl=dbug msg="waiting for update" obj=consoleui
t=2026-06-03T14:35:58+0530 lvl=dbug msg="got response for request" id=cfe35661c715 typ=proxy reqpath=/_next/static/chunks/webpack.js
t=2026-06-03T14:35:58+0530 lvl=dbug msg="add entry" obj=storage entrysz=1966 sz=14107
t=2026-06-03T14:35:58+0530 lvl=dbug msg="add entry" obj=storage entrysz=30133 sz=14107
t=2026-06-03T14:35:58+0530 lvl=dbug msg="waiting for update" obj=consoleui
t=2026-06-03T14:35:58+0530 lvl=dbug msg="gzip decode"
t=2026-06-03T14:35:58+0530 lvl=dbug msg="waiting for update" obj=consoleui
t=2026-06-03T14:35:58+0530 lvl=dbug msg="waiting for update" obj=consoleui
t=2026-06-03T14:35:58+0530 lvl=dbug msg="tunnel Accept" obj=tunnels.session obj=csess id=6c675a7035d1 clientid=7b31d0ea5646d09e1d2ee4f665dc47ac reqType=3 remoteAddr=13.127.105.236:443
t=2026-06-03T14:35:58+0530 lvl=dbug msg="tunnel Accept" obj=tunnels.session obj=csess id=6c675a7035d1 clientid=7b31d0ea5646d09e1d2ee4f665dc47ac reqType=3 remoteAddr=13.127.105.236:443
t=2026-06-03T14:35:58+0530 lvl=dbug msg="tunnel Accept" obj=tunnels.session obj=csess id=6c675a7035d1 clientid=7b31d0ea5646d09e1d2ee4f665dc47ac reqType=3 remoteAddr=13.127.105.236:443
t=2026-06-03T14:35:58+0530 lvl=dbug msg="tunnel Accept" obj=tunnels.session obj=csess id=6c675a7035d1 clientid=7b31d0ea5646d09e1d2ee4f665dc47ac reqType=3 remoteAddr=13.127.105.236:443
t=2026-06-03T14:35:58+0530 lvl=dbug msg="got request" id=28d1cc0e4c4e typ=proxy path=/_next/static/development/_buildManifest.js
t=2026-06-03T14:35:58+0530 lvl=dbug msg="add entry" obj=storage entrysz=1608 sz=44240
t=2026-06-03T14:35:58+0530 lvl=dbug msg="add entry" obj=storage entrysz=1608 sz=44240
t=2026-06-03T14:35:58+0530 lvl=dbug msg="waiting for update" obj=consoleui
t=2026-06-03T14:35:58+0530 lvl=dbug msg="waiting for update" obj=consoleui
t=2026-06-03T14:35:58+0530 lvl=dbug msg="dial private connection" id=4ebaca29347b addr=localhost:3000 err=nil
t=2026-06-03T14:35:58+0530 lvl=dbug msg="dial private connection" id=9391371a0051 addr=localhost:3000 err=nil
t=2026-06-03T14:35:58+0530 lvl=dbug msg="dial private connection" id=18a66e4cbc22 addr=localhost:3000 err=nil
t=2026-06-03T14:35:58+0530 lvl=dbug msg="joining tunnel conn to backend" id=18a66e4cbc22 header="{ID:45531bfe77b61f34a2ebdeb8dcdfff6c ClientAddr:171.48.2.44:55032 Proto:https EdgeType:0 PassthroughTLS:false}"
t=2026-06-03T14:35:58+0530 lvl=info msg="join connections" obj=join id=a3cd897675ad l=[::1]:3000 r=171.48.2.44:55032
t=2026-06-03T14:35:58+0530 lvl=dbug msg="joining tunnel conn to backend" id=9391371a0051 header="{ID:45531bfe77b61f34a2ebdeb8dcdfff6c ClientAddr:171.48.2.44:55032 Proto:https EdgeType:0 PassthroughTLS:false}"
t=2026-06-03T14:35:58+0530 lvl=info msg="join connections" obj=join id=e0cd8190dc5b l=[::1]:3000 r=171.48.2.44:55032
t=2026-06-03T14:35:58+0530 lvl=dbug msg="dial private connection" id=02e313cb2512 addr=localhost:3000 err=nil
t=2026-06-03T14:35:58+0530 lvl=dbug msg="joining tunnel conn to backend" id=02e313cb2512 header="{ID:45531bfe77b61f34a2ebdeb8dcdfff6c ClientAddr:171.48.2.44:55032 Proto:https EdgeType:0 PassthroughTLS:false}"
t=2026-06-03T14:35:58+0530 lvl=info msg="join connections" obj=join id=820053943958 l=[::1]:3000 r=171.48.2.44:55032
t=2026-06-03T14:35:58+0530 lvl=dbug msg="joining tunnel conn to backend" id=4ebaca29347b header="{ID:45531bfe77b61f34a2ebdeb8dcdfff6c ClientAddr:171.48.2.44:55032 Proto:https EdgeType:0 PassthroughTLS:false}"
t=2026-06-03T14:35:58+0530 lvl=info msg="join connections" obj=join id=c2dd1a9e377c l=[::1]:3000 r=171.48.2.44:55032
t=2026-06-03T14:35:58+0530 lvl=dbug msg="got request" id=42323f6fe505 typ=proxy path=/_next/static/chunks/pages/_app.js
t=2026-06-03T14:35:58+0530 lvl=dbug msg="add entry" obj=storage entrysz=1599 sz=45848
t=2026-06-03T14:35:58+0530 lvl=dbug msg="add entry" obj=storage entrysz=1599 sz=45848
t=2026-06-03T14:35:58+0530 lvl=dbug msg="got request" id=d2d3bbc927bb typ=proxy path=/_next/static/chunks/main.js
t=2026-06-03T14:35:58+0530 lvl=dbug msg="add entry" obj=storage entrysz=1593 sz=47447
t=2026-06-03T14:35:58+0530 lvl=dbug msg="add entry" obj=storage entrysz=1593 sz=47447
t=2026-06-03T14:35:58+0530 lvl=dbug msg="got request" id=843d2d82994f typ=proxy path=/_next/static/chunks/react-refresh.js
t=2026-06-03T14:35:58+0530 lvl=dbug msg="add entry" obj=storage entrysz=1617 sz=49040
t=2026-06-03T14:35:58+0530 lvl=dbug msg="add entry" obj=storage entrysz=1617 sz=49040
t=2026-06-03T14:35:58+0530 lvl=dbug msg="got request" id=be9987087343 typ=proxy path=/_next/static/chunks/pages/_error.js
t=2026-06-03T14:35:58+0530 lvl=dbug msg="add entry" obj=storage entrysz=1601 sz=50657
t=2026-06-03T14:35:58+0530 lvl=dbug msg="add entry" obj=storage entrysz=1601 sz=50657
t=2026-06-03T14:35:58+0530 lvl=dbug msg="waiting for update" obj=consoleui
t=2026-06-03T14:35:58+0530 lvl=dbug msg="waiting for update" obj=consoleui
t=2026-06-03T14:35:58+0530 lvl=dbug msg="waiting for update" obj=consoleui
t=2026-06-03T14:35:58+0530 lvl=dbug msg="waiting for update" obj=consoleui
t=2026-06-03T14:35:58+0530 lvl=dbug msg="waiting for update" obj=consoleui
t=2026-06-03T14:35:58+0530 lvl=dbug msg="waiting for update" obj=consoleui
t=2026-06-03T14:35:58+0530 lvl=dbug msg="waiting for update" obj=consoleui
t=2026-06-03T14:35:58+0530 lvl=dbug msg="waiting for update" obj=consoleui
t=2026-06-03T14:35:58+0530 lvl=dbug msg="waiting for update" obj=consoleui
t=2026-06-03T14:35:59+0530 lvl=dbug msg="got response for request" id=28d1cc0e4c4e typ=proxy reqpath=/_next/static/development/_buildManifest.js
t=2026-06-03T14:35:59+0530 lvl=dbug msg="add entry" obj=storage entrysz=1945 sz=50650
t=2026-06-03T14:35:59+0530 lvl=dbug msg="add entry" obj=storage entrysz=2257 sz=50650
t=2026-06-03T14:35:59+0530 lvl=dbug msg="waiting for update" obj=consoleui
t=2026-06-03T14:35:59+0530 lvl=dbug msg="waiting for update" obj=consoleui
t=2026-06-03T14:35:59+0530 lvl=dbug msg="got response for request" id=42323f6fe505 typ=proxy reqpath=/_next/static/chunks/pages/_app.js
t=2026-06-03T14:35:59+0530 lvl=dbug msg="add entry" obj=storage entrysz=1968 sz=51308
t=2026-06-03T14:35:59+0530 lvl=dbug msg="got response for request" id=d2d3bbc927bb typ=proxy reqpath=/_next/static/chunks/main.js
t=2026-06-03T14:35:59+0530 lvl=dbug msg="add entry" obj=storage entrysz=1964 sz=51683
t=2026-06-03T14:35:59+0530 lvl=dbug msg="waiting for update" obj=consoleui
t=2026-06-03T14:35:59+0530 lvl=dbug msg="waiting for update" obj=consoleui
t=2026-06-03T14:35:59+0530 lvl=dbug msg="add entry" obj=storage entrysz=6739 sz=51679
t=2026-06-03T14:35:59+0530 lvl=dbug msg="gzip decode"
t=2026-06-03T14:35:59+0530 lvl=dbug msg="waiting for update" obj=consoleui
t=2026-06-03T14:35:59+0530 lvl=dbug msg="got response for request" id=843d2d82994f typ=proxy reqpath=/_next/static/chunks/react-refresh.js
t=2026-06-03T14:35:59+0530 lvl=dbug msg="add entry" obj=storage entrysz=1987 sz=56801
t=2026-06-03T14:35:59+0530 lvl=dbug msg="waiting for update" obj=consoleui
t=2026-06-03T14:35:59+0530 lvl=dbug msg="waiting for update" obj=consoleui
t=2026-06-03T14:35:59+0530 lvl=dbug msg="add entry" obj=storage entrysz=27437 sz=56801
t=2026-06-03T14:35:59+0530 lvl=dbug msg="got response for request" id=be9987087343 typ=proxy reqpath=/_next/static/chunks/pages/_error.js
t=2026-06-03T14:35:59+0530 lvl=dbug msg="add entry" obj=storage entrysz=1971 sz=82637
t=2026-06-03T14:35:59+0530 lvl=dbug msg="gzip decode"
t=2026-06-03T14:35:59+0530 lvl=dbug msg="waiting for update" obj=consoleui
t=2026-06-03T14:35:59+0530 lvl=dbug msg="waiting for update" obj=consoleui
t=2026-06-03T14:35:59+0530 lvl=dbug msg="waiting for update" obj=consoleui
t=2026-06-03T14:35:59+0530 lvl=dbug msg="half join complete" obj=join id=9e7ce4afd5f9 from=171.48.2.44:55032 to=[::1]:3000 nbytes=1608 err=nil
t=2026-06-03T14:35:59+0530 lvl=dbug msg=http.ReadRequest id=28d1cc0e4c4e typ=proxy err=EOF
t=2026-06-03T14:35:59+0530 lvl=dbug msg="half join complete" obj=join id=9e7ce4afd5f9 from=[::1]:3000 to=171.48.2.44:55032 nbytes=649 err="writeto tcp [::1]:50873->[::1]:3000: read tcp [::1]:50873->[::1]:3000: use of closed network connection"
t=2026-06-03T14:35:59+0530 lvl=dbug msg="add entry" obj=storage entrysz=21780 sz=82637
t=2026-06-03T14:35:59+0530 lvl=dbug msg="gzip decode"
t=2026-06-03T14:35:59+0530 lvl=dbug msg="waiting for update" obj=consoleui
t=2026-06-03T14:35:59+0530 lvl=dbug msg="got request" id=42323f6fe505 typ=proxy path=/_next/static/development/_ssgManifest.js
t=2026-06-03T14:35:59+0530 lvl=dbug msg="add entry" obj=storage entrysz=1606 sz=104417
t=2026-06-03T14:35:59+0530 lvl=dbug msg="add entry" obj=storage entrysz=1606 sz=104417
t=2026-06-03T14:35:59+0530 lvl=dbug msg="waiting for update" obj=consoleui
t=2026-06-03T14:35:59+0530 lvl=dbug msg="waiting for update" obj=consoleui
t=2026-06-03T14:35:59+0530 lvl=dbug msg="waiting for update" obj=consoleui
t=2026-06-03T14:35:59+0530 lvl=dbug msg="waiting for update" obj=consoleui
t=2026-06-03T14:35:59+0530 lvl=dbug msg="got response for request" id=42323f6fe505 typ=proxy reqpath=/_next/static/development/_ssgManifest.js
t=2026-06-03T14:35:59+0530 lvl=dbug msg="add entry" obj=storage entrysz=1941 sz=104417
t=2026-06-03T14:35:59+0530 lvl=dbug msg="add entry" obj=storage entrysz=2017 sz=104417
t=2026-06-03T14:35:59+0530 lvl=dbug msg=close obj=tunnels.session obj=csess id=6c675a7035d1 clientid=7b31d0ea5646d09e1d2ee4f665dc47ac id=3219bd720596 type=proxy sess=7b31d0ea5646d09e1d2ee4f665dc47ac err=nil
t=2026-06-03T14:35:59+0530 lvl=dbug msg=close id=28d1cc0e4c4e typ=proxy err=nil
t=2026-06-03T14:35:59+0530 lvl=dbug msg=close id=50535c181d23 err=nil
t=2026-06-03T14:35:59+0530 lvl=dbug msg=http.ReadResponse id=28d1cc0e4c4e typ=proxy err="unexpected EOF"
t=2026-06-03T14:35:59+0530 lvl=dbug msg="waiting for update" obj=consoleui
t=2026-06-03T14:35:59+0530 lvl=dbug msg="waiting for update" obj=consoleui
t=2026-06-03T14:35:59+0530 lvl=dbug msg="waiting for update" obj=consoleui
t=2026-06-03T14:35:59+0530 lvl=dbug msg=close obj=tunnels.session obj=csess id=6c675a7035d1 clientid=7b31d0ea5646d09e1d2ee4f665dc47ac id=3219bd720596 type=proxy sess=7b31d0ea5646d09e1d2ee4f665dc47ac err=nil
t=2026-06-03T14:35:59+0530 lvl=dbug msg=close id=28d1cc0e4c4e typ=proxy err=nil
t=2026-06-03T14:35:59+0530 lvl=dbug msg=close id=50535c181d23 err=nil
t=2026-06-03T14:35:59+0530 lvl=dbug msg="half join complete" obj=join id=a3cd897675ad from=171.48.2.44:55032 to=[::1]:3000 nbytes=1601 err=nil
t=2026-06-03T14:35:59+0530 lvl=dbug msg=http.ReadRequest id=be9987087343 typ=proxy err=EOF
t=2026-06-03T14:35:59+0530 lvl=dbug msg="half join complete" obj=join id=a3cd897675ad from=[::1]:3000 to=171.48.2.44:55032 nbytes=20179 err="writeto tcp [::1]:50877->[::1]:3000: read tcp [::1]:50877->[::1]:3000: use of closed network connection"
t=2026-06-03T14:36:00+0530 lvl=dbug msg="half join complete" obj=join id=820053943958 from=171.48.2.44:55032 to=[::1]:3000 nbytes=3205 err=nil
t=2026-06-03T14:36:00+0530 lvl=dbug msg=http.ReadRequest id=42323f6fe505 typ=proxy err=EOF
t=2026-06-03T14:36:00+0530 lvl=dbug msg="half join complete" obj=join id=820053943958 from=[::1]:3000 to=171.48.2.44:55032 nbytes=5551 err="writeto tcp [::1]:50876->[::1]:3000: read tcp [::1]:50876->[::1]:3000: use of closed network connection"
t=2026-06-03T14:36:00+0530 lvl=dbug msg=close obj=tunnels.session obj=csess id=6c675a7035d1 clientid=7b31d0ea5646d09e1d2ee4f665dc47ac id=3219bd720596 type=proxy sess=7b31d0ea5646d09e1d2ee4f665dc47ac err=nil
t=2026-06-03T14:36:00+0530 lvl=dbug msg=close id=28d1cc0e4c4e typ=proxy err=nil
t=2026-06-03T14:36:00+0530 lvl=dbug msg=close obj=tunnels.session obj=csess id=6c675a7035d1 clientid=7b31d0ea5646d09e1d2ee4f665dc47ac id=8f2d63415d1c type=proxy sess=7b31d0ea5646d09e1d2ee4f665dc47ac err=nil
t=2026-06-03T14:36:00+0530 lvl=dbug msg=close id=be9987087343 typ=proxy err=nil
t=2026-06-03T14:36:00+0530 lvl=dbug msg=close id=18a66e4cbc22 err=nil
t=2026-06-03T14:36:00+0530 lvl=dbug msg=http.ReadResponse id=be9987087343 typ=proxy err="unexpected EOF"
t=2026-06-03T14:36:00+0530 lvl=dbug msg=close obj=tunnels.session obj=csess id=6c675a7035d1 clientid=7b31d0ea5646d09e1d2ee4f665dc47ac id=bc6549df2044 type=proxy sess=7b31d0ea5646d09e1d2ee4f665dc47ac err=nil
t=2026-06-03T14:36:00+0530 lvl=dbug msg=close id=42323f6fe505 typ=proxy err=nil
t=2026-06-03T14:36:00+0530 lvl=dbug msg=close id=02e313cb2512 err=nil
t=2026-06-03T14:36:00+0530 lvl=dbug msg=close obj=tunnels.session obj=csess id=6c675a7035d1 clientid=7b31d0ea5646d09e1d2ee4f665dc47ac id=3219bd720596 type=proxy sess=7b31d0ea5646d09e1d2ee4f665dc47ac err=nil
t=2026-06-03T14:36:00+0530 lvl=dbug msg=close id=28d1cc0e4c4e typ=proxy err=nil
t=2026-06-03T14:36:00+0530 lvl=dbug msg=close obj=tunnels.session obj=csess id=6c675a7035d1 clientid=7b31d0ea5646d09e1d2ee4f665dc47ac id=8f2d63415d1c type=proxy sess=7b31d0ea5646d09e1d2ee4f665dc47ac err=nil
t=2026-06-03T14:36:00+0530 lvl=dbug msg=close id=be9987087343 typ=proxy err=nil
t=2026-06-03T14:36:00+0530 lvl=dbug msg=close id=18a66e4cbc22 err=nil
t=2026-06-03T14:36:00+0530 lvl=dbug msg=http.ReadResponse id=42323f6fe505 typ=proxy err="unexpected EOF"
t=2026-06-03T14:36:00+0530 lvl=dbug msg="waiting for update" obj=consoleui
t=2026-06-03T14:36:00+0530 lvl=dbug msg=close obj=tunnels.session obj=csess id=6c675a7035d1 clientid=7b31d0ea5646d09e1d2ee4f665dc47ac id=bc6549df2044 type=proxy sess=7b31d0ea5646d09e1d2ee4f665dc47ac err=nil
t=2026-06-03T14:36:00+0530 lvl=dbug msg=close id=42323f6fe505 typ=proxy err=nil
t=2026-06-03T14:36:00+0530 lvl=dbug msg=close id=02e313cb2512 err=nil
t=2026-06-03T14:36:00+0530 lvl=dbug msg=close obj=tunnels.session obj=csess id=6c675a7035d1 clientid=7b31d0ea5646d09e1d2ee4f665dc47ac id=3219bd720596 type=proxy sess=7b31d0ea5646d09e1d2ee4f665dc47ac err=nil
t=2026-06-03T14:36:00+0530 lvl=dbug msg=close obj=tunnels.session obj=csess id=6c675a7035d1 clientid=7b31d0ea5646d09e1d2ee4f665dc47ac id=8f2d63415d1c type=proxy sess=7b31d0ea5646d09e1d2ee4f665dc47ac err=nil
t=2026-06-03T14:36:00+0530 lvl=dbug msg=close id=be9987087343 typ=proxy err=nil
t=2026-06-03T14:36:00+0530 lvl=dbug msg=close id=28d1cc0e4c4e typ=proxy err=nil
t=2026-06-03T14:36:00+0530 lvl=dbug msg="waiting for update" obj=consoleui
t=2026-06-03T14:36:00+0530 lvl=dbug msg=close obj=tunnels.session obj=csess id=6c675a7035d1 clientid=7b31d0ea5646d09e1d2ee4f665dc47ac id=bc6549df2044 type=proxy sess=7b31d0ea5646d09e1d2ee4f665dc47ac err=nil
t=2026-06-03T14:36:00+0530 lvl=dbug msg=close id=42323f6fe505 typ=proxy err=nil
t=2026-06-03T14:36:00+0530 lvl=dbug msg=close obj=tunnels.session obj=csess id=6c675a7035d1 clientid=7b31d0ea5646d09e1d2ee4f665dc47ac id=8f2d63415d1c type=proxy sess=7b31d0ea5646d09e1d2ee4f665dc47ac err=nil
t=2026-06-03T14:36:00+0530 lvl=dbug msg=close id=be9987087343 typ=proxy err=nil
t=2026-06-03T14:36:00+0530 lvl=dbug msg="waiting for update" obj=consoleui
t=2026-06-03T14:36:00+0530 lvl=dbug msg=close obj=tunnels.session obj=csess id=6c675a7035d1 clientid=7b31d0ea5646d09e1d2ee4f665dc47ac id=8f2d63415d1c type=proxy sess=7b31d0ea5646d09e1d2ee4f665dc47ac err=nil
t=2026-06-03T14:36:00+0530 lvl=dbug msg=close id=be9987087343 typ=proxy err=nil
t=2026-06-03T14:36:00+0530 lvl=dbug msg=close obj=tunnels.session obj=csess id=6c675a7035d1 clientid=7b31d0ea5646d09e1d2ee4f665dc47ac id=bc6549df2044 type=proxy sess=7b31d0ea5646d09e1d2ee4f665dc47ac err=nil
t=2026-06-03T14:36:00+0530 lvl=dbug msg=close id=42323f6fe505 typ=proxy err=nil
t=2026-06-03T14:36:00+0530 lvl=dbug msg=close obj=tunnels.session obj=csess id=6c675a7035d1 clientid=7b31d0ea5646d09e1d2ee4f665dc47ac id=bc6549df2044 type=proxy sess=7b31d0ea5646d09e1d2ee4f665dc47ac err=nil
t=2026-06-03T14:36:00+0530 lvl=dbug msg=close id=42323f6fe505 typ=proxy err=nil
t=2026-06-03T14:36:00+0530 lvl=dbug msg="waiting for update" obj=consoleui
t=2026-06-03T14:36:01+0530 lvl=dbug msg="waiting for update" obj=consoleui
t=2026-06-03T14:36:01+0530 lvl=dbug msg="heartbeat received" obj=tunnels.session obj=csess id=6c675a7035d1 clientid=7b31d0ea5646d09e1d2ee4f665dc47ac latency_ms=596
t=2026-06-03T14:36:02+0530 lvl=dbug msg="waiting for update" obj=consoleui
t=2026-06-03T14:36:03+0530 lvl=dbug msg="add entry" obj=storage entrysz=1483996 sz=104470
t=2026-06-03T14:36:03+0530 lvl=dbug msg="waiting for update" obj=consoleui
t=2026-06-03T14:36:03+0530 lvl=dbug msg="gzip decode"
t=2026-06-03T14:36:03+0530 lvl=dbug msg="waiting for update" obj=consoleui
t=2026-06-03T14:36:03+0530 lvl=dbug msg="waiting for update" obj=consoleui
t=2026-06-03T14:36:04+0530 lvl=dbug msg="waiting for update" obj=consoleui
t=2026-06-03T14:36:04+0530 lvl=dbug msg="half join complete" obj=join id=e0cd8190dc5b from=171.48.2.44:55032 to=[::1]:3000 nbytes=1593 err=nil
t=2026-06-03T14:36:04+0530 lvl=dbug msg=http.ReadRequest id=d2d3bbc927bb typ=proxy err=EOF
t=2026-06-03T14:36:04+0530 lvl=dbug msg="half join complete" obj=join id=e0cd8190dc5b from=[::1]:3000 to=171.48.2.44:55032 nbytes=1482403 err="writeto tcp [::1]:50874->[::1]:3000: read tcp [::1]:50874->[::1]:3000: use of closed network connection"
t=2026-06-03T14:36:04+0530 lvl=dbug msg=close obj=tunnels.session obj=csess id=6c675a7035d1 clientid=7b31d0ea5646d09e1d2ee4f665dc47ac id=8f58e4c2f760 type=proxy sess=7b31d0ea5646d09e1d2ee4f665dc47ac err=nil
t=2026-06-03T14:36:04+0530 lvl=dbug msg=close id=d2d3bbc927bb typ=proxy err=nil
t=2026-06-03T14:36:04+0530 lvl=dbug msg=close id=9391371a0051 err=nil
t=2026-06-03T14:36:04+0530 lvl=dbug msg=http.ReadResponse id=d2d3bbc927bb typ=proxy err="unexpected EOF"
t=2026-06-03T14:36:04+0530 lvl=dbug msg=close obj=tunnels.session obj=csess id=6c675a7035d1 clientid=7b31d0ea5646d09e1d2ee4f665dc47ac id=8f58e4c2f760 type=proxy sess=7b31d0ea5646d09e1d2ee4f665dc47ac err=nil
t=2026-06-03T14:36:04+0530 lvl=dbug msg=close id=d2d3bbc927bb typ=proxy err=nil
t=2026-06-03T14:36:04+0530 lvl=dbug msg=close id=9391371a0051 err=nil
t=2026-06-03T14:36:04+0530 lvl=dbug msg=close obj=tunnels.session obj=csess id=6c675a7035d1 clientid=7b31d0ea5646d09e1d2ee4f665dc47ac id=8f58e4c2f760 type=proxy sess=7b31d0ea5646d09e1d2ee4f665dc47ac err=nil
t=2026-06-03T14:36:04+0530 lvl=dbug msg=close id=d2d3bbc927bb typ=proxy err=nil
t=2026-06-03T14:36:04+0530 lvl=dbug msg=close obj=tunnels.session obj=csess id=6c675a7035d1 clientid=7b31d0ea5646d09e1d2ee4f665dc47ac id=8f58e4c2f760 type=proxy sess=7b31d0ea5646d09e1d2ee4f665dc47ac err=nil
t=2026-06-03T14:36:04+0530 lvl=dbug msg=close id=d2d3bbc927bb typ=proxy err=nil
t=2026-06-03T14:36:04+0530 lvl=dbug msg=close obj=tunnels.session obj=csess id=6c675a7035d1 clientid=7b31d0ea5646d09e1d2ee4f665dc47ac id=8f58e4c2f760 type=proxy sess=7b31d0ea5646d09e1d2ee4f665dc47ac err=nil
t=2026-06-03T14:36:04+0530 lvl=dbug msg=close id=d2d3bbc927bb typ=proxy err=nil
t=2026-06-03T14:36:04+0530 lvl=dbug msg="waiting for update" obj=consoleui
t=2026-06-03T14:36:04+0530 lvl=dbug msg="half join complete" obj=join id=a8d328ffa56b from=[::1]:3000 to=171.48.2.44:55032 nbytes=29935 err=nil
t=2026-06-03T14:36:04+0530 lvl=dbug msg="half join complete" obj=join id=a8d328ffa56b from=171.48.2.44:55032 to=[::1]:3000 nbytes=3430 err=nil
t=2026-06-03T14:36:04+0530 lvl=dbug msg=close obj=tunnels.session obj=csess id=6c675a7035d1 clientid=7b31d0ea5646d09e1d2ee4f665dc47ac id=46f0787b147d type=proxy sess=7b31d0ea5646d09e1d2ee4f665dc47ac err=nil
t=2026-06-03T14:36:04+0530 lvl=dbug msg=close id=cfe35661c715 typ=proxy err=nil
t=2026-06-03T14:36:04+0530 lvl=dbug msg=close id=7a712d16199a err=nil
t=2026-06-03T14:36:04+0530 lvl=dbug msg=http.ReadRequest id=cfe35661c715 typ=proxy err=EOF
t=2026-06-03T14:36:04+0530 lvl=dbug msg=http.ReadResponse id=cfe35661c715 typ=proxy err="unexpected EOF"
t=2026-06-03T14:36:04+0530 lvl=dbug msg=close obj=tunnels.session obj=csess id=6c675a7035d1 clientid=7b31d0ea5646d09e1d2ee4f665dc47ac id=46f0787b147d type=proxy sess=7b31d0ea5646d09e1d2ee4f665dc47ac err=nil
t=2026-06-03T14:36:04+0530 lvl=dbug msg=close id=cfe35661c715 typ=proxy err=nil
t=2026-06-03T14:36:04+0530 lvl=dbug msg=close id=7a712d16199a err=nil
t=2026-06-03T14:36:04+0530 lvl=dbug msg=close obj=tunnels.session obj=csess id=6c675a7035d1 clientid=7b31d0ea5646d09e1d2ee4f665dc47ac id=46f0787b147d type=proxy sess=7b31d0ea5646d09e1d2ee4f665dc47ac err=nil
t=2026-06-03T14:36:04+0530 lvl=dbug msg=close id=cfe35661c715 typ=proxy err=nil
t=2026-06-03T14:36:04+0530 lvl=dbug msg=close obj=tunnels.session obj=csess id=6c675a7035d1 clientid=7b31d0ea5646d09e1d2ee4f665dc47ac id=46f0787b147d type=proxy sess=7b31d0ea5646d09e1d2ee4f665dc47ac err=nil
t=2026-06-03T14:36:04+0530 lvl=dbug msg=close id=cfe35661c715 typ=proxy err=nil
t=2026-06-03T14:36:04+0530 lvl=dbug msg=close obj=tunnels.session obj=csess id=6c675a7035d1 clientid=7b31d0ea5646d09e1d2ee4f665dc47ac id=46f0787b147d type=proxy sess=7b31d0ea5646d09e1d2ee4f665dc47ac err=nil
t=2026-06-03T14:36:04+0530 lvl=dbug msg=close id=cfe35661c715 typ=proxy err=nil
t=2026-06-03T14:36:04+0530 lvl=dbug msg="waiting for update" obj=consoleui
t=2026-06-03T14:36:05+0530 lvl=dbug msg="tunnel Accept" obj=tunnels.session obj=csess id=6c675a7035d1 clientid=7b31d0ea5646d09e1d2ee4f665dc47ac reqType=3 remoteAddr=13.127.105.236:443
t=2026-06-03T14:36:05+0530 lvl=dbug msg="got request" id=843d2d82994f typ=proxy path=/_next/static/development/_devMiddlewareManifest.json
t=2026-06-03T14:36:05+0530 lvl=dbug msg="add entry" obj=storage entrysz=1632 sz=1588466
t=2026-06-03T14:36:05+0530 lvl=dbug msg="add entry" obj=storage entrysz=1632 sz=1588466
t=2026-06-03T14:36:05+0530 lvl=dbug msg="waiting for update" obj=consoleui
t=2026-06-03T14:36:05+0530 lvl=dbug msg="waiting for update" obj=consoleui
t=2026-06-03T14:36:05+0530 lvl=dbug msg="waiting for update" obj=consoleui
t=2026-06-03T14:36:05+0530 lvl=dbug msg="got response for request" id=843d2d82994f typ=proxy reqpath=/_next/static/development/_devMiddlewareManifest.json
t=2026-06-03T14:36:05+0530 lvl=dbug msg="add entry" obj=storage entrysz=1833 sz=1588466
t=2026-06-03T14:36:05+0530 lvl=dbug msg="add entry" obj=storage entrysz=2220 sz=1588466
t=2026-06-03T14:36:05+0530 lvl=dbug msg="waiting for update" obj=consoleui
t=2026-06-03T14:36:05+0530 lvl=dbug msg="waiting for update" obj=consoleui
t=2026-06-03T14:36:05+0530 lvl=dbug msg="dial private connection" id=199c348e6630 addr=localhost:3000 err=nil
t=2026-06-03T14:36:05+0530 lvl=dbug msg="joining tunnel conn to backend" id=199c348e6630 header="{ID:45531bfe77b61f34a2ebdeb8dcdfff6c ClientAddr:171.48.2.44:55032 Proto:https EdgeType:0 PassthroughTLS:false}"
t=2026-06-03T14:36:05+0530 lvl=info msg="join connections" obj=join id=10568c006c58 l=[::1]:3000 r=171.48.2.44:55032
t=2026-06-03T14:36:05+0530 lvl=dbug msg="got request" id=a601527770e9 typ=proxy path=/favicon.ico
t=2026-06-03T14:36:05+0530 lvl=dbug msg="add entry" obj=storage entrysz=1655 sz=1590686
t=2026-06-03T14:36:05+0530 lvl=dbug msg="add entry" obj=storage entrysz=1655 sz=1590686
t=2026-06-03T14:36:05+0530 lvl=dbug msg="waiting for update" obj=consoleui
t=2026-06-03T14:36:05+0530 lvl=dbug msg="waiting for update" obj=consoleui
t=2026-06-03T14:36:05+0530 lvl=dbug msg="waiting for update" obj=consoleui
t=2026-06-03T14:36:05+0530 lvl=dbug msg="tunnel Accept" obj=tunnels.session obj=csess id=6c675a7035d1 clientid=7b31d0ea5646d09e1d2ee4f665dc47ac reqType=3 remoteAddr=13.127.105.236:443
t=2026-06-03T14:36:05+0530 lvl=dbug msg="dial private connection" id=2e29db8b62b3 addr=localhost:3000 err=nil
t=2026-06-03T14:36:05+0530 lvl=dbug msg="joining tunnel conn to backend" id=2e29db8b62b3 header="{ID:45531bfe77b61f34a2ebdeb8dcdfff6c ClientAddr:171.48.2.44:64695 Proto:https EdgeType:0 PassthroughTLS:false}"
t=2026-06-03T14:36:05+0530 lvl=info msg="join connections" obj=join id=c340b7ce35b2 l=[::1]:3000 r=171.48.2.44:64695
t=2026-06-03T14:36:05+0530 lvl=dbug msg="got request" id=87965e300925 typ=proxy path=/_next/webpack-hmr
t=2026-06-03T14:36:05+0530 lvl=dbug msg="add entry" obj=storage entrysz=1514 sz=1592341
t=2026-06-03T14:36:05+0530 lvl=dbug msg="add entry" obj=storage entrysz=1514 sz=1592341
t=2026-06-03T14:36:05+0530 lvl=dbug msg="http client requested connection upgrade" id=87965e300925 typ=proxy
t=2026-06-03T14:36:05+0530 lvl=dbug msg="waiting for update" obj=consoleui
t=2026-06-03T14:36:05+0530 lvl=dbug msg="waiting for update" obj=consoleui
t=2026-06-03T14:36:05+0530 lvl=dbug msg="got response for request" id=87965e300925 typ=proxy reqpath=/_next/webpack-hmr
t=2026-06-03T14:36:05+0530 lvl=dbug msg="add entry" obj=storage entrysz=1643 sz=1592341
t=2026-06-03T14:36:05+0530 lvl=dbug msg="add entry" obj=storage entrysz=1643 sz=1592341
t=2026-06-03T14:36:05+0530 lvl=dbug msg="server accepted upgrade request, switching protocols" id=87965e300925 typ=proxy to=websocket
t=2026-06-03T14:36:05+0530 lvl=dbug msg="client switching protocols" id=87965e300925 typ=proxy to=websocket
t=2026-06-03T14:36:05+0530 lvl=dbug msg="waiting for update" obj=consoleui
t=2026-06-03T14:36:05+0530 lvl=dbug msg="waiting for update" obj=consoleui
t=2026-06-03T14:36:05+0530 lvl=dbug msg="waiting for update" obj=consoleui
t=2026-06-03T14:36:05+0530 lvl=dbug msg="got request" id=843d2d82994f typ=proxy path=/__nextjs_original-stack-frames
t=2026-06-03T14:36:05+0530 lvl=dbug msg="add entry" obj=storage entrysz=1730 sz=1593984
t=2026-06-03T14:36:05+0530 lvl=dbug msg="add entry" obj=storage entrysz=3161 sz=1593984
t=2026-06-03T14:36:05+0530 lvl=dbug msg="waiting for update" obj=consoleui
t=2026-06-03T14:36:05+0530 lvl=dbug msg="waiting for update" obj=consoleui
t=2026-06-03T14:36:05+0530 lvl=dbug msg="got response for request" id=a601527770e9 typ=proxy reqpath=/favicon.ico
t=2026-06-03T14:36:05+0530 lvl=dbug msg="add entry" obj=storage entrysz=1973 sz=1595490
t=2026-06-03T14:36:05+0530 lvl=dbug msg="waiting for update" obj=consoleui
t=2026-06-03T14:36:05+0530 lvl=dbug msg="add entry" obj=storage entrysz=27917 sz=1595490
t=2026-06-03T14:36:05+0530 lvl=dbug msg="waiting for update" obj=consoleui
t=2026-06-03T14:36:05+0530 lvl=dbug msg="got response for request" id=843d2d82994f typ=proxy reqpath=/__nextjs_original-stack-frames
t=2026-06-03T14:36:05+0530 lvl=dbug msg="add entry" obj=storage entrysz=3493 sz=1620246
t=2026-06-03T14:36:05+0530 lvl=dbug msg="add entry" obj=storage entrysz=4141 sz=1620246
t=2026-06-03T14:36:05+0530 lvl=dbug msg="gzip decode"
t=2026-06-03T14:36:05+0530 lvl=dbug msg="waiting for update" obj=consoleui
t=2026-06-03T14:36:05+0530 lvl=dbug msg="waiting for update" obj=consoleui
t=2026-06-03T14:36:05+0530 lvl=dbug msg="waiting for update" obj=consoleui
t=2026-06-03T14:36:05+0530 lvl=dbug msg="waiting for update" obj=consoleui
t=2026-06-03T14:36:06+0530 lvl=dbug msg="waiting for update" obj=consoleui
t=2026-06-03T14:36:07+0530 lvl=dbug msg="waiting for update" obj=consoleui
t=2026-06-03T14:36:08+0530 lvl=dbug msg="waiting for update" obj=consoleui
t=2026-06-03T14:36:09+0530 lvl=dbug msg="waiting for update" obj=consoleui
t=2026-06-03T14:36:10+0530 lvl=dbug msg="waiting for update" obj=consoleui
t=2026-06-03T14:36:11+0530 lvl=dbug msg="heartbeat received" obj=tunnels.session obj=csess id=6c675a7035d1 clientid=7b31d0ea5646d09e1d2ee4f665dc47ac latency_ms=161
t=2026-06-03T14:36:11+0530 lvl=dbug msg="half join complete" obj=join id=10568c006c58 from=[::1]:3000 to=171.48.2.44:55032 nbytes=26262 err=nil
t=2026-06-03T14:36:11+0530 lvl=dbug msg="half join complete" obj=join id=c2dd1a9e377c from=[::1]:3000 to=171.48.2.44:55032 nbytes=27388 err=nil
t=2026-06-03T14:36:11+0530 lvl=dbug msg=close obj=tunnels.session obj=csess id=6c675a7035d1 clientid=7b31d0ea5646d09e1d2ee4f665dc47ac id=d8fb0ab64c43 type=proxy sess=7b31d0ea5646d09e1d2ee4f665dc47ac err=nil
t=2026-06-03T14:36:11+0530 lvl=dbug msg=close id=a601527770e9 typ=proxy err=nil
t=2026-06-03T14:36:11+0530 lvl=dbug msg=close id=199c348e6630 err=nil
t=2026-06-03T14:36:11+0530 lvl=dbug msg="half join complete" obj=join id=10568c006c58 from=171.48.2.44:55032 to=[::1]:3000 nbytes=1655 err=nil
t=2026-06-03T14:36:11+0530 lvl=dbug msg=close obj=tunnels.session obj=csess id=6c675a7035d1 clientid=7b31d0ea5646d09e1d2ee4f665dc47ac id=70a6a7088b4c type=proxy sess=7b31d0ea5646d09e1d2ee4f665dc47ac err=nil
t=2026-06-03T14:36:11+0530 lvl=dbug msg=close id=843d2d82994f typ=proxy err=nil
t=2026-06-03T14:36:11+0530 lvl=dbug msg="half join complete" obj=join id=c2dd1a9e377c from=171.48.2.44:55032 to=[::1]:3000 nbytes=6410 err="readfrom tcp [::1]:50875->[::1]:3000: stream closed"
t=2026-06-03T14:36:11+0530 lvl=dbug msg=close id=4ebaca29347b err=nil
t=2026-06-03T14:36:11+0530 lvl=dbug msg=http.ReadRequest id=a601527770e9 typ=proxy err=EOF
t=2026-06-03T14:36:11+0530 lvl=dbug msg=http.ReadRequest id=843d2d82994f typ=proxy err=EOF
t=2026-06-03T14:36:11+0530 lvl=dbug msg=http.ReadResponse id=a601527770e9 typ=proxy err="unexpected EOF"
t=2026-06-03T14:36:11+0530 lvl=dbug msg=close obj=tunnels.session obj=csess id=6c675a7035d1 clientid=7b31d0ea5646d09e1d2ee4f665dc47ac id=d8fb0ab64c43 type=proxy sess=7b31d0ea5646d09e1d2ee4f665dc47ac err=nil
t=2026-06-03T14:36:11+0530 lvl=dbug msg=http.ReadResponse id=843d2d82994f typ=proxy err="unexpected EOF"
t=2026-06-03T14:36:11+0530 lvl=dbug msg=close id=a601527770e9 typ=proxy err=nil
t=2026-06-03T14:36:11+0530 lvl=dbug msg=close id=199c348e6630 err=nil
t=2026-06-03T14:36:11+0530 lvl=dbug msg=close obj=tunnels.session obj=csess id=6c675a7035d1 clientid=7b31d0ea5646d09e1d2ee4f665dc47ac id=d8fb0ab64c43 type=proxy sess=7b31d0ea5646d09e1d2ee4f665dc47ac err=nil
t=2026-06-03T14:36:11+0530 lvl=dbug msg=close id=a601527770e9 typ=proxy err=nil
t=2026-06-03T14:36:11+0530 lvl=dbug msg=close obj=tunnels.session obj=csess id=6c675a7035d1 clientid=7b31d0ea5646d09e1d2ee4f665dc47ac id=70a6a7088b4c type=proxy sess=7b31d0ea5646d09e1d2ee4f665dc47ac err=nil
t=2026-06-03T14:36:11+0530 lvl=dbug msg=close id=843d2d82994f typ=proxy err=nil
t=2026-06-03T14:36:11+0530 lvl=dbug msg=close id=4ebaca29347b err=nil
t=2026-06-03T14:36:11+0530 lvl=dbug msg=close obj=tunnels.session obj=csess id=6c675a7035d1 clientid=7b31d0ea5646d09e1d2ee4f665dc47ac id=d8fb0ab64c43 type=proxy sess=7b31d0ea5646d09e1d2ee4f665dc47ac err=nil
t=2026-06-03T14:36:11+0530 lvl=dbug msg=close id=a601527770e9 typ=proxy err=nil
t=2026-06-03T14:36:11+0530 lvl=dbug msg=close obj=tunnels.session obj=csess id=6c675a7035d1 clientid=7b31d0ea5646d09e1d2ee4f665dc47ac id=d8fb0ab64c43 type=proxy sess=7b31d0ea5646d09e1d2ee4f665dc47ac err=nil
t=2026-06-03T14:36:11+0530 lvl=dbug msg=close id=a601527770e9 typ=proxy err=nil
t=2026-06-03T14:36:11+0530 lvl=dbug msg=close obj=tunnels.session obj=csess id=6c675a7035d1 clientid=7b31d0ea5646d09e1d2ee4f665dc47ac id=70a6a7088b4c type=proxy sess=7b31d0ea5646d09e1d2ee4f665dc47ac err=nil
t=2026-06-03T14:36:11+0530 lvl=dbug msg=close id=843d2d82994f typ=proxy err=nil
t=2026-06-03T14:36:11+0530 lvl=dbug msg=close obj=tunnels.session obj=csess id=6c675a7035d1 clientid=7b31d0ea5646d09e1d2ee4f665dc47ac id=70a6a7088b4c type=proxy sess=7b31d0ea5646d09e1d2ee4f665dc47ac err=nil
t=2026-06-03T14:36:11+0530 lvl=dbug msg=close id=843d2d82994f typ=proxy err=nil
t=2026-06-03T14:36:11+0530 lvl=dbug msg=close obj=tunnels.session obj=csess id=6c675a7035d1 clientid=7b31d0ea5646d09e1d2ee4f665dc47ac id=70a6a7088b4c type=proxy sess=7b31d0ea5646d09e1d2ee4f665dc47ac err=nil
t=2026-06-03T14:36:11+0530 lvl=dbug msg=close id=843d2d82994f typ=proxy err=nil
t=2026-06-03T14:36:11+0530 lvl=dbug msg="waiting for update" obj=consoleui
t=2026-06-03T14:36:11+0530 lvl=dbug msg="waiting for update" obj=consoleui
t=2026-06-03T14:36:12+0530 lvl=dbug msg="waiting for update" obj=consoleui
t=2026-06-03T14:36:13+0530 lvl=dbug msg="waiting for update" obj=consoleui
t=2026-06-03T14:36:14+0530 lvl=dbug msg="waiting for update" obj=consoleui
t=2026-06-03T14:36:15+0530 lvl=dbug msg="waiting for update" obj=consoleui
t=2026-06-03T14:36:16+0530 lvl=dbug msg="waiting for update" obj=consoleui
t=2026-06-03T14:36:17+0530 lvl=dbug msg="waiting for update" obj=consoleui
t=2026-06-03T14:36:18+0530 lvl=dbug msg="waiting for update" obj=consoleui
t=2026-06-03T14:36:19+0530 lvl=dbug msg="waiting for update" obj=consoleui
t=2026-06-03T14:36:20+0530 lvl=dbug msg="waiting for update" obj=consoleui
t=2026-06-03T14:36:21+0530 lvl=dbug msg="heartbeat received" obj=tunnels.session obj=csess id=6c675a7035d1 clientid=7b31d0ea5646d09e1d2ee4f665dc47ac latency_ms=110
t=2026-06-03T14:36:21+0530 lvl=dbug msg="waiting for update" obj=consoleui
t=2026-06-03T14:36:22+0530 lvl=dbug msg="waiting for update" obj=consoleui
t=2026-06-03T14:36:23+0530 lvl=dbug msg="waiting for update" obj=consoleui
t=2026-06-03T14:36:24+0530 lvl=dbug msg="waiting for update" obj=consoleui
t=2026-06-03T14:36:25+0530 lvl=dbug msg="waiting for update" obj=consoleui
t=2026-06-03T14:36:26+0530 lvl=dbug msg="waiting for update" obj=consoleui
t=2026-06-03T14:36:27+0530 lvl=dbug msg="waiting for update" obj=consoleui
t=2026-06-03T14:36:28+0530 lvl=dbug msg="waiting for update" obj=consoleui
t=2026-06-03T14:36:29+0530 lvl=dbug msg="waiting for update" obj=consoleui
t=2026-06-03T14:36:30+0530 lvl=dbug msg="waiting for update" obj=consoleui
t=2026-06-03T14:36:31+0530 lvl=dbug msg="waiting for update" obj=consoleui
t=2026-06-03T14:36:32+0530 lvl=dbug msg="heartbeat received" obj=tunnels.session obj=csess id=6c675a7035d1 clientid=7b31d0ea5646d09e1d2ee4f665dc47ac latency_ms=1060
t=2026-06-03T14:36:32+0530 lvl=dbug msg="waiting for update" obj=consoleui
t=2026-06-03T14:36:33+0530 lvl=dbug msg="waiting for update" obj=consoleui
t=2026-06-03T14:36:34+0530 lvl=dbug msg="waiting for update" obj=consoleui
t=2026-06-03T14:36:35+0530 lvl=dbug msg="waiting for update" obj=consoleui
t=2026-06-03T14:36:36+0530 lvl=dbug msg="waiting for update" obj=consoleui
t=2026-06-03T14:36:37+0530 lvl=dbug msg="waiting for update" obj=consoleui
t=2026-06-03T14:36:38+0530 lvl=dbug msg="waiting for update" obj=consoleui
t=2026-06-03T14:36:39+0530 lvl=dbug msg="waiting for update" obj=consoleui
t=2026-06-03T14:36:40+0530 lvl=dbug msg="waiting for update" obj=consoleui
t=2026-06-03T14:36:41+0530 lvl=dbug msg="heartbeat received" obj=tunnels.session obj=csess id=6c675a7035d1 clientid=7b31d0ea5646d09e1d2ee4f665dc47ac latency_ms=119
t=2026-06-03T14:36:41+0530 lvl=dbug msg="waiting for update" obj=consoleui
t=2026-06-03T14:36:42+0530 lvl=dbug msg="waiting for update" obj=consoleui
t=2026-06-03T14:36:43+0530 lvl=dbug msg="waiting for update" obj=consoleui
t=2026-06-03T14:36:44+0530 lvl=dbug msg="waiting for update" obj=consoleui
t=2026-06-03T14:36:45+0530 lvl=dbug msg="waiting for update" obj=consoleui
t=2026-06-03T14:36:46+0530 lvl=dbug msg="waiting for update" obj=consoleui
t=2026-06-03T14:36:47+0530 lvl=dbug msg="waiting for update" obj=consoleui
t=2026-06-03T14:36:48+0530 lvl=dbug msg="waiting for update" obj=consoleui
t=2026-06-03T14:36:49+0530 lvl=dbug msg="waiting for update" obj=consoleui
t=2026-06-03T14:36:50+0530 lvl=dbug msg="waiting for update" obj=consoleui
t=2026-06-03T14:36:51+0530 lvl=dbug msg="heartbeat received" obj=tunnels.session obj=csess id=6c675a7035d1 clientid=7b31d0ea5646d09e1d2ee4f665dc47ac latency_ms=150
t=2026-06-03T14:36:51+0530 lvl=dbug msg="waiting for update" obj=consoleui
t=2026-06-03T14:36:52+0530 lvl=dbug msg="waiting for update" obj=consoleui
t=2026-06-03T14:36:53+0530 lvl=dbug msg="waiting for update" obj=consoleui
t=2026-06-03T14:36:54+0530 lvl=dbug msg="waiting for update" obj=consoleui
t=2026-06-03T14:36:55+0530 lvl=dbug msg="waiting for update" obj=consoleui
t=2026-06-03T14:36:56+0530 lvl=dbug msg="waiting for update" obj=consoleui
t=2026-06-03T14:36:57+0530 lvl=dbug msg="waiting for update" obj=consoleui
t=2026-06-03T14:36:58+0530 lvl=dbug msg="waiting for update" obj=consoleui
t=2026-06-03T14:36:59+0530 lvl=dbug msg="waiting for update" obj=consoleui
t=2026-06-03T14:37:00+0530 lvl=dbug msg="waiting for update" obj=consoleui
t=2026-06-03T14:37:01+0530 lvl=dbug msg="heartbeat received" obj=tunnels.session obj=csess id=6c675a7035d1 clientid=7b31d0ea5646d09e1d2ee4f665dc47ac latency_ms=130
t=2026-06-03T14:37:01+0530 lvl=dbug msg="waiting for update" obj=consoleui
t=2026-06-03T14:37:02+0530 lvl=dbug msg="waiting for update" obj=consoleui
t=2026-06-03T14:37:03+0530 lvl=dbug msg="waiting for update" obj=consoleui
t=2026-06-03T14:37:04+0530 lvl=dbug msg="waiting for update" obj=consoleui
t=2026-06-03T14:37:05+0530 lvl=dbug msg="half join complete" obj=join id=c340b7ce35b2 from=[::1]:3000 to=171.48.2.44:64695 nbytes=367 err="writeto tcp [::1]:64697->[::1]:3000: read tcp [::1]:64697->[::1]:3000: wsarecv: An existing connection was forcibly closed by the remote host."
t=2026-06-03T14:37:05+0530 lvl=dbug msg="half join complete" obj=join id=c340b7ce35b2 from=171.48.2.44:64695 to=[::1]:3000 nbytes=2468 err=nil
t=2026-06-03T14:37:05+0530 lvl=dbug msg=http.ReadRequest id=87965e300925 typ=proxy err=EOF
t=2026-06-03T14:37:05+0530 lvl=dbug msg=close obj=tunnels.session obj=csess id=6c675a7035d1 clientid=7b31d0ea5646d09e1d2ee4f665dc47ac id=316dd7d8e4d8 type=proxy sess=7b31d0ea5646d09e1d2ee4f665dc47ac err=nil
t=2026-06-03T14:37:05+0530 lvl=dbug msg=close id=87965e300925 typ=proxy err=nil
t=2026-06-03T14:37:05+0530 lvl=dbug msg=close id=2e29db8b62b3 err=nil
t=2026-06-03T14:37:05+0530 lvl=dbug msg=close obj=tunnels.session obj=csess id=6c675a7035d1 clientid=7b31d0ea5646d09e1d2ee4f665dc47ac id=316dd7d8e4d8 type=proxy sess=7b31d0ea5646d09e1d2ee4f665dc47ac err=nil
t=2026-06-03T14:37:05+0530 lvl=dbug msg=close id=87965e300925 typ=proxy err=nil
t=2026-06-03T14:37:05+0530 lvl=dbug msg=http.ReadResponse id=87965e300925 typ=proxy err="unexpected EOF"
t=2026-06-03T14:37:05+0530 lvl=dbug msg=close id=2e29db8b62b3 err=nil
t=2026-06-03T14:37:05+0530 lvl=dbug msg=close obj=tunnels.session obj=csess id=6c675a7035d1 clientid=7b31d0ea5646d09e1d2ee4f665dc47ac id=316dd7d8e4d8 type=proxy sess=7b31d0ea5646d09e1d2ee4f665dc47ac err=nil
t=2026-06-03T14:37:05+0530 lvl=dbug msg=close id=87965e300925 typ=proxy err=nil
t=2026-06-03T14:37:05+0530 lvl=dbug msg=close obj=tunnels.session obj=csess id=6c675a7035d1 clientid=7b31d0ea5646d09e1d2ee4f665dc47ac id=316dd7d8e4d8 type=proxy sess=7b31d0ea5646d09e1d2ee4f665dc47ac err=nil
t=2026-06-03T14:37:05+0530 lvl=dbug msg=close id=87965e300925 typ=proxy err=nil
t=2026-06-03T14:37:05+0530 lvl=dbug msg=close obj=tunnels.session obj=csess id=6c675a7035d1 clientid=7b31d0ea5646d09e1d2ee4f665dc47ac id=316dd7d8e4d8 type=proxy sess=7b31d0ea5646d09e1d2ee4f665dc47ac err=nil
t=2026-06-03T14:37:05+0530 lvl=dbug msg=close id=87965e300925 typ=proxy err=nil
t=2026-06-03T14:37:05+0530 lvl=dbug msg="waiting for update" obj=consoleui
t=2026-06-03T14:37:05+0530 lvl=dbug msg="waiting for update" obj=consoleui
t=2026-06-03T14:37:06+0530 lvl=dbug msg="tunnel Accept" obj=tunnels.session obj=csess id=6c675a7035d1 clientid=7b31d0ea5646d09e1d2ee4f665dc47ac reqType=3 remoteAddr=13.127.105.236:443
t=2026-06-03T14:37:06+0530 lvl=dbug msg="dial private connection" id=d61248853993 addr=localhost:3000 err="dial tcp [::1]:3000: connectex: No connection could be made because the target machine actively refused it."
t=2026-06-03T14:37:06+0530 lvl=warn msg="failed to open private leg" id=d61248853993 privaddr=localhost:3000 err="dial tcp [::1]:3000: connectex: No connection could be made because the target machine actively refused it."
t=2026-06-03T14:37:06+0530 lvl=dbug msg="responding with 502" id=d61248853993
t=2026-06-03T14:37:06+0530 lvl=dbug msg="got request" id=96b04f70810a typ=proxy path=/_next/webpack-hmr
t=2026-06-03T14:37:06+0530 lvl=dbug msg="add entry" obj=storage entrysz=1514 sz=1624387
t=2026-06-03T14:37:06+0530 lvl=dbug msg="add entry" obj=storage entrysz=1514 sz=1624387
t=2026-06-03T14:37:06+0530 lvl=dbug msg="http client requested connection upgrade" id=96b04f70810a typ=proxy
t=2026-06-03T14:37:06+0530 lvl=dbug msg="waiting for update" obj=consoleui
t=2026-06-03T14:37:06+0530 lvl=dbug msg="waiting for update" obj=consoleui
t=2026-06-03T14:37:06+0530 lvl=dbug msg="got response for request" id=96b04f70810a typ=proxy reqpath=/_next/webpack-hmr
t=2026-06-03T14:37:06+0530 lvl=dbug msg="add entry" obj=storage entrysz=2225 sz=1624387
t=2026-06-03T14:37:06+0530 lvl=dbug msg="add entry" obj=storage entrysz=41326 sz=1624387
t=2026-06-03T14:37:06+0530 lvl=dbug msg=close obj=tunnels.session obj=csess id=6c675a7035d1 clientid=7b31d0ea5646d09e1d2ee4f665dc47ac id=5c5ba1d23877 type=proxy sess=7b31d0ea5646d09e1d2ee4f665dc47ac err=nil
t=2026-06-03T14:37:06+0530 lvl=dbug msg=close id=96b04f70810a typ=proxy err=nil
t=2026-06-03T14:37:06+0530 lvl=dbug msg=close id=d61248853993 err=nil
t=2026-06-03T14:37:06+0530 lvl=dbug msg=http.ReadRequest id=96b04f70810a typ=proxy err=EOF
t=2026-06-03T14:37:06+0530 lvl=dbug msg=close obj=tunnels.session obj=csess id=6c675a7035d1 clientid=7b31d0ea5646d09e1d2ee4f665dc47ac id=5c5ba1d23877 type=proxy sess=7b31d0ea5646d09e1d2ee4f665dc47ac err=nil
t=2026-06-03T14:37:06+0530 lvl=dbug msg=close id=96b04f70810a typ=proxy err=nil
t=2026-06-03T14:37:06+0530 lvl=dbug msg="waiting for update" obj=consoleui
t=2026-06-03T14:37:06+0530 lvl=dbug msg=http.ReadResponse id=96b04f70810a typ=proxy err="unexpected EOF"
t=2026-06-03T14:37:06+0530 lvl=dbug msg=close obj=tunnels.session obj=csess id=6c675a7035d1 clientid=7b31d0ea5646d09e1d2ee4f665dc47ac id=5c5ba1d23877 type=proxy sess=7b31d0ea5646d09e1d2ee4f665dc47ac err=nil
t=2026-06-03T14:37:06+0530 lvl=dbug msg=close id=96b04f70810a typ=proxy err=nil
t=2026-06-03T14:37:06+0530 lvl=dbug msg=close obj=tunnels.session obj=csess id=6c675a7035d1 clientid=7b31d0ea5646d09e1d2ee4f665dc47ac id=5c5ba1d23877 type=proxy sess=7b31d0ea5646d09e1d2ee4f665dc47ac err=nil
t=2026-06-03T14:37:06+0530 lvl=dbug msg=close id=96b04f70810a typ=proxy err=nil
t=2026-06-03T14:37:06+0530 lvl=dbug msg="waiting for update" obj=consoleui
t=2026-06-03T14:37:06+0530 lvl=dbug msg="waiting for update" obj=consoleui
t=2026-06-03T14:37:06+0530 lvl=dbug msg="waiting for update" obj=consoleui
t=2026-06-03T14:37:07+0530 lvl=dbug msg="waiting for update" obj=consoleui
t=2026-06-03T14:37:08+0530 lvl=dbug msg="tunnel Accept" obj=tunnels.session obj=csess id=6c675a7035d1 clientid=7b31d0ea5646d09e1d2ee4f665dc47ac reqType=3 remoteAddr=13.127.105.236:443
t=2026-06-03T14:37:08+0530 lvl=dbug msg="dial private connection" id=860f0580d92a addr=localhost:3000 err=nil
t=2026-06-03T14:37:08+0530 lvl=dbug msg="joining tunnel conn to backend" id=860f0580d92a header="{ID:45531bfe77b61f34a2ebdeb8dcdfff6c ClientAddr:171.48.2.44:64239 Proto:https EdgeType:0 PassthroughTLS:false}"
t=2026-06-03T14:37:08+0530 lvl=info msg="join connections" obj=join id=904e2a5cd86e l=[::1]:3000 r=171.48.2.44:64239
t=2026-06-03T14:37:08+0530 lvl=dbug msg="got request" id=315b38356baa typ=proxy path=/_next/webpack-hmr
t=2026-06-03T14:37:08+0530 lvl=dbug msg="add entry" obj=storage entrysz=1514 sz=1665713
t=2026-06-03T14:37:08+0530 lvl=dbug msg="add entry" obj=storage entrysz=1514 sz=1665713
t=2026-06-03T14:37:08+0530 lvl=dbug msg="http client requested connection upgrade" id=315b38356baa typ=proxy
t=2026-06-03T14:37:08+0530 lvl=dbug msg="waiting for update" obj=consoleui
t=2026-06-03T14:37:08+0530 lvl=dbug msg="waiting for update" obj=consoleui
t=2026-06-03T14:37:08+0530 lvl=dbug msg="waiting for update" obj=consoleui
t=2026-06-03T14:37:08+0530 lvl=dbug msg="waiting for update" obj=consoleui
t=2026-06-03T14:37:09+0530 lvl=dbug msg="got response for request" id=315b38356baa typ=proxy reqpath=/_next/webpack-hmr
t=2026-06-03T14:37:09+0530 lvl=dbug msg="add entry" obj=storage entrysz=1643 sz=1665713
t=2026-06-03T14:37:09+0530 lvl=dbug msg="add entry" obj=storage entrysz=1643 sz=1665713
t=2026-06-03T14:37:09+0530 lvl=dbug msg="server accepted upgrade request, switching protocols" id=315b38356baa typ=proxy to=websocket
t=2026-06-03T14:37:09+0530 lvl=dbug msg="client switching protocols" id=315b38356baa typ=proxy to=websocket
t=2026-06-03T14:37:09+0530 lvl=dbug msg="waiting for update" obj=consoleui
t=2026-06-03T14:37:09+0530 lvl=dbug msg="waiting for update" obj=consoleui
t=2026-06-03T14:37:09+0530 lvl=dbug msg="waiting for update" obj=consoleui
t=2026-06-03T14:37:09+0530 lvl=dbug msg="waiting for update" obj=consoleui
t=2026-06-03T14:37:09+0530 lvl=dbug msg="tunnel Accept" obj=tunnels.session obj=csess id=6c675a7035d1 clientid=7b31d0ea5646d09e1d2ee4f665dc47ac reqType=3 remoteAddr=13.127.105.236:443
t=2026-06-03T14:37:09+0530 lvl=dbug msg="dial private connection" id=916ab572144f addr=localhost:3000 err=nil
t=2026-06-03T14:37:09+0530 lvl=dbug msg="joining tunnel conn to backend" id=916ab572144f header="{ID:45531bfe77b61f34a2ebdeb8dcdfff6c ClientAddr:171.48.2.44:55032 Proto:https EdgeType:0 PassthroughTLS:false}"
t=2026-06-03T14:37:09+0530 lvl=info msg="join connections" obj=join id=1a42e017b396 l=[::1]:3000 r=171.48.2.44:55032
t=2026-06-03T14:37:09+0530 lvl=dbug msg="got request" id=c7e53d892160 typ=proxy path=/_next/static/webpack/44f878d5b32c7309.webpack.hot-update.json
t=2026-06-03T14:37:09+0530 lvl=dbug msg="add entry" obj=storage entrysz=1641 sz=1667356
t=2026-06-03T14:37:09+0530 lvl=dbug msg="add entry" obj=storage entrysz=1641 sz=1667356
t=2026-06-03T14:37:09+0530 lvl=dbug msg="waiting for update" obj=consoleui
t=2026-06-03T14:37:09+0530 lvl=dbug msg="waiting for update" obj=consoleui
t=2026-06-03T14:37:09+0530 lvl=dbug msg="waiting for update" obj=consoleui
t=2026-06-03T14:37:09+0530 lvl=dbug msg="tunnel Accept" obj=tunnels.session obj=csess id=6c675a7035d1 clientid=7b31d0ea5646d09e1d2ee4f665dc47ac reqType=3 remoteAddr=13.127.105.236:443
t=2026-06-03T14:37:09+0530 lvl=dbug msg="dial private connection" id=eb467f47927f addr=localhost:3000 err=nil
t=2026-06-03T14:37:09+0530 lvl=dbug msg="joining tunnel conn to backend" id=eb467f47927f header="{ID:45531bfe77b61f34a2ebdeb8dcdfff6c ClientAddr:171.48.2.44:55032 Proto:https EdgeType:0 PassthroughTLS:false}"
t=2026-06-03T14:37:09+0530 lvl=info msg="join connections" obj=join id=a43f3135caa9 l=[::1]:3000 r=171.48.2.44:55032
t=2026-06-03T14:37:09+0530 lvl=dbug msg="got request" id=229ce62103fc typ=proxy path=/dashboard/projects/k5789ppk594hk0852ag58rapq987wvy9/style-guide
t=2026-06-03T14:37:09+0530 lvl=dbug msg="add entry" obj=storage entrysz=1868 sz=1668997
t=2026-06-03T14:37:09+0530 lvl=dbug msg="add entry" obj=storage entrysz=1868 sz=1668997
t=2026-06-03T14:37:09+0530 lvl=dbug msg="waiting for update" obj=consoleui
t=2026-06-03T14:37:09+0530 lvl=dbug msg="waiting for update" obj=consoleui
t=2026-06-03T14:37:09+0530 lvl=dbug msg="waiting for update" obj=consoleui
t=2026-06-03T14:37:10+0530 lvl=dbug msg="waiting for update" obj=consoleui
t=2026-06-03T14:37:11+0530 lvl=dbug msg="heartbeat received" obj=tunnels.session obj=csess id=6c675a7035d1 clientid=7b31d0ea5646d09e1d2ee4f665dc47ac latency_ms=167
t=2026-06-03T14:37:11+0530 lvl=dbug msg="waiting for update" obj=consoleui
t=2026-06-03T14:37:12+0530 lvl=dbug msg="waiting for update" obj=consoleui
t=2026-06-03T14:37:13+0530 lvl=dbug msg="waiting for update" obj=consoleui
t=2026-06-03T14:37:14+0530 lvl=dbug msg="waiting for update" obj=consoleui
t=2026-06-03T14:37:15+0530 lvl=dbug msg="got response for request" id=c7e53d892160 typ=proxy reqpath=/_next/static/webpack/44f878d5b32c7309.webpack.hot-update.json
t=2026-06-03T14:37:15+0530 lvl=dbug msg="add entry" obj=storage entrysz=2095 sz=1669224
t=2026-06-03T14:37:15+0530 lvl=dbug msg="waiting for update" obj=consoleui
t=2026-06-03T14:37:15+0530 lvl=dbug msg="waiting for update" obj=consoleui
t=2026-06-03T14:37:15+0530 lvl=dbug msg="add entry" obj=storage entrysz=8799 sz=1669224
t=2026-06-03T14:37:15+0530 lvl=dbug msg="gzip decode"
t=2026-06-03T14:37:15+0530 lvl=dbug msg="waiting for update" obj=consoleui
t=2026-06-03T14:37:15+0530 lvl=dbug msg="waiting for update" obj=consoleui
t=2026-06-03T14:37:15+0530 lvl=dbug msg="tunnel Accept" obj=tunnels.session obj=csess id=6c675a7035d1 clientid=7b31d0ea5646d09e1d2ee4f665dc47ac reqType=3 remoteAddr=13.127.105.236:443
t=2026-06-03T14:37:15+0530 lvl=dbug msg="dial private connection" id=cc7cf382ff83 addr=localhost:3000 err=nil
t=2026-06-03T14:37:15+0530 lvl=dbug msg="joining tunnel conn to backend" id=cc7cf382ff83 header="{ID:45531bfe77b61f34a2ebdeb8dcdfff6c ClientAddr:171.48.2.44:55032 Proto:https EdgeType:0 PassthroughTLS:false}"
t=2026-06-03T14:37:15+0530 lvl=info msg="join connections" obj=join id=ae9425abe00f l=[::1]:3000 r=171.48.2.44:55032
t=2026-06-03T14:37:15+0530 lvl=dbug msg="got request" id=08257e4c80c0 typ=proxy path=/_next/static/css/app/layout.css
t=2026-06-03T14:37:15+0530 lvl=dbug msg="add entry" obj=storage entrysz=1520 sz=1678023
t=2026-06-03T14:37:15+0530 lvl=dbug msg="add entry" obj=storage entrysz=1520 sz=1678023
t=2026-06-03T14:37:15+0530 lvl=dbug msg="waiting for update" obj=consoleui
t=2026-06-03T14:37:15+0530 lvl=dbug msg="waiting for update" obj=consoleui
t=2026-06-03T14:37:15+0530 lvl=dbug msg="got response for request" id=08257e4c80c0 typ=proxy reqpath=/_next/static/css/app/layout.css
t=2026-06-03T14:37:15+0530 lvl=dbug msg="add entry" obj=storage entrysz=1876 sz=1678023
t=2026-06-03T14:37:15+0530 lvl=dbug msg="waiting for update" obj=consoleui
t=2026-06-03T14:37:15+0530 lvl=dbug msg="add entry" obj=storage entrysz=29045 sz=1678023
t=2026-06-03T14:37:15+0530 lvl=dbug msg="gzip decode"
t=2026-06-03T14:37:15+0530 lvl=dbug msg="waiting for update" obj=consoleui
t=2026-06-03T14:37:15+0530 lvl=dbug msg="waiting for update" obj=consoleui
t=2026-06-03T14:37:15+0530 lvl=dbug msg="half join complete" obj=join id=a43f3135caa9 from=171.48.2.44:55032 to=[::1]:3000 nbytes=1868 err=nil
t=2026-06-03T14:37:15+0530 lvl=dbug msg=http.ReadRequest id=229ce62103fc typ=proxy err=EOF
t=2026-06-03T14:37:15+0530 lvl=dbug msg="half join complete" obj=join id=a43f3135caa9 from=[::1]:3000 to=171.48.2.44:55032 nbytes=0 err="writeto tcp [::1]:64243->[::1]:3000: read tcp [::1]:64243->[::1]:3000: use of closed network connection"
t=2026-06-03T14:37:15+0530 lvl=dbug msg=close obj=tunnels.session obj=csess id=6c675a7035d1 clientid=7b31d0ea5646d09e1d2ee4f665dc47ac id=96f95fa2c549 type=proxy sess=7b31d0ea5646d09e1d2ee4f665dc47ac err=nil
t=2026-06-03T14:37:15+0530 lvl=dbug msg=close id=229ce62103fc typ=proxy err=nil
t=2026-06-03T14:37:15+0530 lvl=dbug msg=close id=eb467f47927f err=nil
t=2026-06-03T14:37:15+0530 lvl=dbug msg=http.ReadResponse id=229ce62103fc typ=proxy err="unexpected EOF"
t=2026-06-03T14:37:15+0530 lvl=dbug msg=close obj=tunnels.session obj=csess id=6c675a7035d1 clientid=7b31d0ea5646d09e1d2ee4f665dc47ac id=96f95fa2c549 type=proxy sess=7b31d0ea5646d09e1d2ee4f665dc47ac err=nil
t=2026-06-03T14:37:15+0530 lvl=dbug msg=close id=229ce62103fc typ=proxy err=nil
t=2026-06-03T14:37:15+0530 lvl=dbug msg=close id=eb467f47927f err=nil
t=2026-06-03T14:37:15+0530 lvl=dbug msg=close obj=tunnels.session obj=csess id=6c675a7035d1 clientid=7b31d0ea5646d09e1d2ee4f665dc47ac id=96f95fa2c549 type=proxy sess=7b31d0ea5646d09e1d2ee4f665dc47ac err=nil
t=2026-06-03T14:37:15+0530 lvl=dbug msg=close id=229ce62103fc typ=proxy err=nil
t=2026-06-03T14:37:15+0530 lvl=dbug msg=close obj=tunnels.session obj=csess id=6c675a7035d1 clientid=7b31d0ea5646d09e1d2ee4f665dc47ac id=96f95fa2c549 type=proxy sess=7b31d0ea5646d09e1d2ee4f665dc47ac err=nil
t=2026-06-03T14:37:15+0530 lvl=dbug msg=close id=229ce62103fc typ=proxy err=nil
t=2026-06-03T14:37:15+0530 lvl=dbug msg=close obj=tunnels.session obj=csess id=6c675a7035d1 clientid=7b31d0ea5646d09e1d2ee4f665dc47ac id=96f95fa2c549 type=proxy sess=7b31d0ea5646d09e1d2ee4f665dc47ac err=nil
t=2026-06-03T14:37:15+0530 lvl=dbug msg=close id=229ce62103fc typ=proxy err=nil
t=2026-06-03T14:37:15+0530 lvl=dbug msg="waiting for update" obj=consoleui
t=2026-06-03T14:37:16+0530 lvl=dbug msg="tunnel Accept" obj=tunnels.session obj=csess id=6c675a7035d1 clientid=7b31d0ea5646d09e1d2ee4f665dc47ac reqType=3 remoteAddr=13.127.105.236:443
t=2026-06-03T14:37:16+0530 lvl=dbug msg="dial private connection" id=7b8f32df594d addr=localhost:3000 err=nil
t=2026-06-03T14:37:16+0530 lvl=dbug msg="joining tunnel conn to backend" id=7b8f32df594d header="{ID:45531bfe77b61f34a2ebdeb8dcdfff6c ClientAddr:171.48.2.44:55938 Proto:https EdgeType:0 PassthroughTLS:false}"
t=2026-06-03T14:37:16+0530 lvl=info msg="join connections" obj=join id=11f7f8757ced l=[::1]:3000 r=171.48.2.44:55938
t=2026-06-03T14:37:16+0530 lvl=dbug msg="got request" id=eb2fc5ea435e typ=proxy path=/dashboard/projects/k5789ppk594hk0852ag58rapq987wvy9/style-guide
t=2026-06-03T14:37:16+0530 lvl=dbug msg="add entry" obj=storage entrysz=1868 sz=1707068
t=2026-06-03T14:37:16+0530 lvl=dbug msg="add entry" obj=storage entrysz=1868 sz=1707068
t=2026-06-03T14:37:16+0530 lvl=dbug msg="waiting for update" obj=consoleui
t=2026-06-03T14:37:16+0530 lvl=dbug msg="waiting for update" obj=consoleui
t=2026-06-03T14:37:16+0530 lvl=dbug msg="waiting for update" obj=consoleui
t=2026-06-03T14:37:16+0530 lvl=dbug msg="waiting for update" obj=consoleui
t=2026-06-03T14:37:17+0530 lvl=dbug msg="waiting for update" obj=consoleui
t=2026-06-03T14:37:18+0530 lvl=dbug msg="tunnel Accept" obj=tunnels.session obj=csess id=6c675a7035d1 clientid=7b31d0ea5646d09e1d2ee4f665dc47ac reqType=3 remoteAddr=13.127.105.236:443
t=2026-06-03T14:37:18+0530 lvl=dbug msg="dial private connection" id=92aba0c4a2b4 addr=localhost:3000 err=nil
t=2026-06-03T14:37:18+0530 lvl=dbug msg="joining tunnel conn to backend" id=92aba0c4a2b4 header="{ID:45531bfe77b61f34a2ebdeb8dcdfff6c ClientAddr:171.48.2.44:55938 Proto:https EdgeType:0 PassthroughTLS:false}"
t=2026-06-03T14:37:18+0530 lvl=info msg="join connections" obj=join id=e91181e1c2c0 l=[::1]:3000 r=171.48.2.44:55938
t=2026-06-03T14:37:18+0530 lvl=dbug msg="got request" id=65ad9e8851a2 typ=proxy path=/_next/static/webpack/44f878d5b32c7309.webpack.hot-update.json
t=2026-06-03T14:37:18+0530 lvl=dbug msg="add entry" obj=storage entrysz=1641 sz=1708936
t=2026-06-03T14:37:18+0530 lvl=dbug msg="add entry" obj=storage entrysz=1641 sz=1708936
t=2026-06-03T14:37:18+0530 lvl=dbug msg="waiting for update" obj=consoleui
t=2026-06-03T14:37:18+0530 lvl=dbug msg="waiting for update" obj=consoleui
t=2026-06-03T14:37:18+0530 lvl=dbug msg="waiting for update" obj=consoleui
t=2026-06-03T14:37:18+0530 lvl=dbug msg="waiting for update" obj=consoleui
t=2026-06-03T14:37:18+0530 lvl=dbug msg="got response for request" id=65ad9e8851a2 typ=proxy reqpath=/_next/static/webpack/44f878d5b32c7309.webpack.hot-update.json
t=2026-06-03T14:37:18+0530 lvl=dbug msg="add entry" obj=storage entrysz=2095 sz=1708936
t=2026-06-03T14:37:18+0530 lvl=dbug msg="waiting for update" obj=consoleui
t=2026-06-03T14:37:18+0530 lvl=dbug msg="add entry" obj=storage entrysz=8799 sz=1708936
t=2026-06-03T14:37:18+0530 lvl=dbug msg="gzip decode"
t=2026-06-03T14:37:18+0530 lvl=dbug msg="waiting for update" obj=consoleui
t=2026-06-03T14:37:18+0530 lvl=dbug msg="waiting for update" obj=consoleui
t=2026-06-03T14:37:19+0530 lvl=dbug msg="half join complete" obj=join id=11f7f8757ced from=171.48.2.44:55938 to=[::1]:3000 nbytes=1868 err=nil
t=2026-06-03T14:37:19+0530 lvl=dbug msg=http.ReadRequest id=eb2fc5ea435e typ=proxy err=EOF
t=2026-06-03T14:37:19+0530 lvl=dbug msg="half join complete" obj=join id=11f7f8757ced from=[::1]:3000 to=171.48.2.44:55938 nbytes=0 err="writeto tcp [::1]:55940->[::1]:3000: read tcp [::1]:55940->[::1]:3000: use of closed network connection"
t=2026-06-03T14:37:19+0530 lvl=dbug msg=close obj=tunnels.session obj=csess id=6c675a7035d1 clientid=7b31d0ea5646d09e1d2ee4f665dc47ac id=bb8030767b22 type=proxy sess=7b31d0ea5646d09e1d2ee4f665dc47ac err=nil
t=2026-06-03T14:37:19+0530 lvl=dbug msg=close id=eb2fc5ea435e typ=proxy err=nil
t=2026-06-03T14:37:19+0530 lvl=dbug msg=close id=7b8f32df594d err=nil
t=2026-06-03T14:37:19+0530 lvl=dbug msg=http.ReadResponse id=eb2fc5ea435e typ=proxy err="unexpected EOF"
t=2026-06-03T14:37:19+0530 lvl=dbug msg=close obj=tunnels.session obj=csess id=6c675a7035d1 clientid=7b31d0ea5646d09e1d2ee4f665dc47ac id=bb8030767b22 type=proxy sess=7b31d0ea5646d09e1d2ee4f665dc47ac err=nil
t=2026-06-03T14:37:19+0530 lvl=dbug msg=close id=eb2fc5ea435e typ=proxy err=nil
t=2026-06-03T14:37:19+0530 lvl=dbug msg=close id=7b8f32df594d err=nil
t=2026-06-03T14:37:19+0530 lvl=dbug msg=close obj=tunnels.session obj=csess id=6c675a7035d1 clientid=7b31d0ea5646d09e1d2ee4f665dc47ac id=bb8030767b22 type=proxy sess=7b31d0ea5646d09e1d2ee4f665dc47ac err=nil
t=2026-06-03T14:37:19+0530 lvl=dbug msg=close id=eb2fc5ea435e typ=proxy err=nil
t=2026-06-03T14:37:19+0530 lvl=dbug msg=close obj=tunnels.session obj=csess id=6c675a7035d1 clientid=7b31d0ea5646d09e1d2ee4f665dc47ac id=bb8030767b22 type=proxy sess=7b31d0ea5646d09e1d2ee4f665dc47ac err=nil
t=2026-06-03T14:37:19+0530 lvl=dbug msg=close id=eb2fc5ea435e typ=proxy err=nil
t=2026-06-03T14:37:19+0530 lvl=dbug msg=close obj=tunnels.session obj=csess id=6c675a7035d1 clientid=7b31d0ea5646d09e1d2ee4f665dc47ac id=bb8030767b22 type=proxy sess=7b31d0ea5646d09e1d2ee4f665dc47ac err=nil
t=2026-06-03T14:37:19+0530 lvl=dbug msg=close id=eb2fc5ea435e typ=proxy err=nil
t=2026-06-03T14:37:19+0530 lvl=dbug msg="waiting for update" obj=consoleui
t=2026-06-03T14:37:19+0530 lvl=dbug msg="tunnel Accept" obj=tunnels.session obj=csess id=6c675a7035d1 clientid=7b31d0ea5646d09e1d2ee4f665dc47ac reqType=3 remoteAddr=13.127.105.236:443
t=2026-06-03T14:37:19+0530 lvl=dbug msg="tunnel Accept" obj=tunnels.session obj=csess id=6c675a7035d1 clientid=7b31d0ea5646d09e1d2ee4f665dc47ac reqType=3 remoteAddr=13.127.105.236:443
t=2026-06-03T14:37:19+0530 lvl=dbug msg="dial private connection" id=48189229e343 addr=localhost:3000 err=nil
t=2026-06-03T14:37:19+0530 lvl=dbug msg="joining tunnel conn to backend" id=48189229e343 header="{ID:45531bfe77b61f34a2ebdeb8dcdfff6c ClientAddr:171.48.2.44:60222 Proto:https EdgeType:0 PassthroughTLS:false}"
t=2026-06-03T14:37:19+0530 lvl=info msg="join connections" obj=join id=d09b5b05ef1f l=[::1]:3000 r=171.48.2.44:60222
t=2026-06-03T14:37:19+0530 lvl=dbug msg="got request" id=f2efce37f437 typ=proxy path=/_next/static/css/app/layout.css
t=2026-06-03T14:37:19+0530 lvl=dbug msg="add entry" obj=storage entrysz=1520 sz=1717735
t=2026-06-03T14:37:19+0530 lvl=dbug msg="add entry" obj=storage entrysz=1520 sz=1717735
t=2026-06-03T14:37:19+0530 lvl=dbug msg="waiting for update" obj=consoleui
t=2026-06-03T14:37:19+0530 lvl=dbug msg="dial private connection" id=6ea5f03d0219 addr=localhost:3000 err=nil
t=2026-06-03T14:37:19+0530 lvl=dbug msg="waiting for update" obj=consoleui
t=2026-06-03T14:37:19+0530 lvl=dbug msg="joining tunnel conn to backend" id=6ea5f03d0219 header="{ID:45531bfe77b61f34a2ebdeb8dcdfff6c ClientAddr:171.48.2.44:60222 Proto:https EdgeType:0 PassthroughTLS:false}"
t=2026-06-03T14:37:19+0530 lvl=info msg="join connections" obj=join id=fe23fb7d2bab l=[::1]:3000 r=171.48.2.44:60222
t=2026-06-03T14:37:19+0530 lvl=dbug msg="got request" id=d72257ed2c7a typ=proxy path=/dashboard/projects/k5789ppk594hk0852ag58rapq987wvy9/style-guide
t=2026-06-03T14:37:19+0530 lvl=dbug msg="add entry" obj=storage entrysz=1868 sz=1719255
t=2026-06-03T14:37:19+0530 lvl=dbug msg="add entry" obj=storage entrysz=1868 sz=1719255
t=2026-06-03T14:37:19+0530 lvl=dbug msg="waiting for update" obj=consoleui
t=2026-06-03T14:37:19+0530 lvl=dbug msg="waiting for update" obj=consoleui
t=2026-06-03T14:37:19+0530 lvl=dbug msg="got response for request" id=f2efce37f437 typ=proxy reqpath=/_next/static/css/app/layout.css
t=2026-06-03T14:37:19+0530 lvl=dbug msg="add entry" obj=storage entrysz=1876 sz=1719603
t=2026-06-03T14:37:19+0530 lvl=dbug msg="waiting for update" obj=consoleui
t=2026-06-03T14:37:19+0530 lvl=dbug msg="add entry" obj=storage entrysz=29045 sz=1719603
t=2026-06-03T14:37:19+0530 lvl=dbug msg="gzip decode"
t=2026-06-03T14:37:19+0530 lvl=dbug msg="waiting for update" obj=consoleui
t=2026-06-03T14:37:19+0530 lvl=dbug msg="waiting for update" obj=consoleui
t=2026-06-03T14:37:19+0530 lvl=dbug msg="waiting for update" obj=consoleui
t=2026-06-03T14:37:20+0530 lvl=dbug msg="got response for request" id=d72257ed2c7a typ=proxy reqpath=/dashboard/projects/k5789ppk594hk0852ag58rapq987wvy9/style-guide
t=2026-06-03T14:37:20+0530 lvl=dbug msg="add entry" obj=storage entrysz=2315 sz=1746780
t=2026-06-03T14:37:20+0530 lvl=dbug msg="waiting for update" obj=consoleui
t=2026-06-03T14:37:20+0530 lvl=dbug msg="add entry" obj=storage entrysz=9200 sz=1746780
t=2026-06-03T14:37:20+0530 lvl=dbug msg="gzip decode"
t=2026-06-03T14:37:20+0530 lvl=dbug msg="waiting for update" obj=consoleui
t=2026-06-03T14:37:20+0530 lvl=dbug msg="waiting for update" obj=consoleui
t=2026-06-03T14:37:20+0530 lvl=dbug msg="waiting for update" obj=consoleui
t=2026-06-03T14:37:20+0530 lvl=dbug msg="half join complete" obj=join id=904e2a5cd86e from=171.48.2.44:64239 to=[::1]:3000 nbytes=2174 err=nil
t=2026-06-03T14:37:20+0530 lvl=dbug msg="half join complete" obj=join id=904e2a5cd86e from=[::1]:3000 to=171.48.2.44:64239 nbytes=1157 err="writeto tcp [::1]:64240->[::1]:3000: read tcp [::1]:64240->[::1]:3000: use of closed network connection"
t=2026-06-03T14:37:20+0530 lvl=dbug msg=http.ReadRequest id=315b38356baa typ=proxy err=EOF
t=2026-06-03T14:37:20+0530 lvl=dbug msg=close obj=tunnels.session obj=csess id=6c675a7035d1 clientid=7b31d0ea5646d09e1d2ee4f665dc47ac id=9e1a883926b4 type=proxy sess=7b31d0ea5646d09e1d2ee4f665dc47ac err=nil
t=2026-06-03T14:37:20+0530 lvl=dbug msg=close id=315b38356baa typ=proxy err=nil
t=2026-06-03T14:37:20+0530 lvl=dbug msg=close id=860f0580d92a err=nil
t=2026-06-03T14:37:20+0530 lvl=dbug msg=http.ReadResponse id=315b38356baa typ=proxy err="unexpected EOF"
t=2026-06-03T14:37:20+0530 lvl=dbug msg=close obj=tunnels.session obj=csess id=6c675a7035d1 clientid=7b31d0ea5646d09e1d2ee4f665dc47ac id=9e1a883926b4 type=proxy sess=7b31d0ea5646d09e1d2ee4f665dc47ac err=nil
t=2026-06-03T14:37:20+0530 lvl=dbug msg=close id=315b38356baa typ=proxy err=nil
t=2026-06-03T14:37:20+0530 lvl=dbug msg=close id=860f0580d92a err=nil
t=2026-06-03T14:37:20+0530 lvl=dbug msg=close obj=tunnels.session obj=csess id=6c675a7035d1 clientid=7b31d0ea5646d09e1d2ee4f665dc47ac id=9e1a883926b4 type=proxy sess=7b31d0ea5646d09e1d2ee4f665dc47ac err=nil
t=2026-06-03T14:37:20+0530 lvl=dbug msg=close id=315b38356baa typ=proxy err=nil
t=2026-06-03T14:37:20+0530 lvl=dbug msg=close obj=tunnels.session obj=csess id=6c675a7035d1 clientid=7b31d0ea5646d09e1d2ee4f665dc47ac id=9e1a883926b4 type=proxy sess=7b31d0ea5646d09e1d2ee4f665dc47ac err=nil
t=2026-06-03T14:37:20+0530 lvl=dbug msg=close id=315b38356baa typ=proxy err=nil
t=2026-06-03T14:37:20+0530 lvl=dbug msg=close obj=tunnels.session obj=csess id=6c675a7035d1 clientid=7b31d0ea5646d09e1d2ee4f665dc47ac id=9e1a883926b4 type=proxy sess=7b31d0ea5646d09e1d2ee4f665dc47ac err=nil
t=2026-06-03T14:37:20+0530 lvl=dbug msg=close id=315b38356baa typ=proxy err=nil
t=2026-06-03T14:37:20+0530 lvl=dbug msg="waiting for update" obj=consoleui
t=2026-06-03T14:37:21+0530 lvl=dbug msg="got request" id=d72257ed2c7a typ=proxy path=/_next/static/css/app/layout.css
t=2026-06-03T14:37:21+0530 lvl=dbug msg="add entry" obj=storage entrysz=1642 sz=1755980
t=2026-06-03T14:37:21+0530 lvl=dbug msg="tunnel Accept" obj=tunnels.session obj=csess id=6c675a7035d1 clientid=7b31d0ea5646d09e1d2ee4f665dc47ac reqType=3 remoteAddr=13.127.105.236:443
t=2026-06-03T14:37:21+0530 lvl=dbug msg="got request" id=f2efce37f437 typ=proxy path=/_next/static/chunks/webpack.js
t=2026-06-03T14:37:21+0530 lvl=dbug msg="add entry" obj=storage entrysz=1642 sz=1755980
t=2026-06-03T14:37:21+0530 lvl=dbug msg="add entry" obj=storage entrysz=1612 sz=1757622
t=2026-06-03T14:37:21+0530 lvl=dbug msg="add entry" obj=storage entrysz=1612 sz=1757622
t=2026-06-03T14:37:21+0530 lvl=dbug msg="waiting for update" obj=consoleui
t=2026-06-03T14:37:21+0530 lvl=dbug msg="waiting for update" obj=consoleui
t=2026-06-03T14:37:21+0530 lvl=dbug msg="waiting for update" obj=consoleui
t=2026-06-03T14:37:21+0530 lvl=dbug msg="waiting for update" obj=consoleui
t=2026-06-03T14:37:21+0530 lvl=dbug msg="got response for request" id=f2efce37f437 typ=proxy reqpath=/_next/static/chunks/webpack.js
t=2026-06-03T14:37:21+0530 lvl=dbug msg="add entry" obj=storage entrysz=1982 sz=1757622
t=2026-06-03T14:37:21+0530 lvl=dbug msg="got response for request" id=d72257ed2c7a typ=proxy reqpath=/_next/static/css/app/layout.css
t=2026-06-03T14:37:21+0530 lvl=dbug msg="add entry" obj=storage entrysz=1998 sz=1757962
t=2026-06-03T14:37:21+0530 lvl=dbug msg="dial private connection" id=bc7b9b2d5758 addr=localhost:3000 err=nil
t=2026-06-03T14:37:21+0530 lvl=dbug msg="joining tunnel conn to backend" id=bc7b9b2d5758 header="{ID:45531bfe77b61f34a2ebdeb8dcdfff6c ClientAddr:171.48.2.44:60222 Proto:https EdgeType:0 PassthroughTLS:false}"
t=2026-06-03T14:37:21+0530 lvl=info msg="join connections" obj=join id=20671f67cf46 l=[::1]:3000 r=171.48.2.44:60222
t=2026-06-03T14:37:21+0530 lvl=dbug msg="got request" id=02653fa3e9b6 typ=proxy path=/_next/static/chunks/main-app.js
t=2026-06-03T14:37:21+0530 lvl=dbug msg="add entry" obj=storage entrysz=1613 sz=1759960
t=2026-06-03T14:37:21+0530 lvl=dbug msg="add entry" obj=storage entrysz=1613 sz=1759960
t=2026-06-03T14:37:21+0530 lvl=dbug msg="waiting for update" obj=consoleui
t=2026-06-03T14:37:21+0530 lvl=dbug msg="waiting for update" obj=consoleui
t=2026-06-03T14:37:21+0530 lvl=dbug msg="waiting for update" obj=consoleui
t=2026-06-03T14:37:21+0530 lvl=dbug msg="add entry" obj=storage entrysz=30147 sz=1759591
t=2026-06-03T14:37:21+0530 lvl=dbug msg="waiting for update" obj=consoleui
t=2026-06-03T14:37:21+0530 lvl=dbug msg="gzip decode"
t=2026-06-03T14:37:21+0530 lvl=dbug msg="waiting for update" obj=consoleui
t=2026-06-03T14:37:21+0530 lvl=dbug msg="add entry" obj=storage entrysz=29167 sz=1787740
t=2026-06-03T14:37:21+0530 lvl=dbug msg="gzip decode"
t=2026-06-03T14:37:21+0530 lvl=dbug msg="waiting for update" obj=consoleui
t=2026-06-03T14:37:21+0530 lvl=dbug msg="got response for request" id=02653fa3e9b6 typ=proxy reqpath=/_next/static/chunks/main-app.js
t=2026-06-03T14:37:21+0530 lvl=dbug msg="add entry" obj=storage entrysz=1984 sz=1815294
t=2026-06-03T14:37:21+0530 lvl=dbug msg="waiting for update" obj=consoleui
t=2026-06-03T14:37:21+0530 lvl=dbug msg="waiting for update" obj=consoleui
t=2026-06-03T14:37:21+0530 lvl=dbug msg="waiting for update" obj=consoleui
t=2026-06-03T14:37:21+0530 lvl=dbug msg="half join complete" obj=join id=1a42e017b396 from=[::1]:3000 to=171.48.2.44:55032 nbytes=7158 err=nil
t=2026-06-03T14:37:21+0530 lvl=dbug msg=close obj=tunnels.session obj=csess id=6c675a7035d1 clientid=7b31d0ea5646d09e1d2ee4f665dc47ac id=a9e64468c028 type=proxy sess=7b31d0ea5646d09e1d2ee4f665dc47ac err=nil
t=2026-06-03T14:37:21+0530 lvl=dbug msg=close id=c7e53d892160 typ=proxy err=nil
t=2026-06-03T14:37:21+0530 lvl=dbug msg=close id=916ab572144f err=nil
t=2026-06-03T14:37:21+0530 lvl=dbug msg=http.ReadRequest id=c7e53d892160 typ=proxy err=EOF
t=2026-06-03T14:37:21+0530 lvl=dbug msg=http.ReadResponse id=c7e53d892160 typ=proxy err="unexpected EOF"
t=2026-06-03T14:37:21+0530 lvl=dbug msg="half join complete" obj=join id=1a42e017b396 from=171.48.2.44:55032 to=[::1]:3000 nbytes=1641 err="readfrom tcp [::1]:64242->[::1]:3000: stream closed"
t=2026-06-03T14:37:21+0530 lvl=dbug msg=close obj=tunnels.session obj=csess id=6c675a7035d1 clientid=7b31d0ea5646d09e1d2ee4f665dc47ac id=a9e64468c028 type=proxy sess=7b31d0ea5646d09e1d2ee4f665dc47ac err=nil
t=2026-06-03T14:37:21+0530 lvl=dbug msg=close id=c7e53d892160 typ=proxy err=nil
t=2026-06-03T14:37:21+0530 lvl=dbug msg=close id=916ab572144f err=nil
t=2026-06-03T14:37:21+0530 lvl=dbug msg=close obj=tunnels.session obj=csess id=6c675a7035d1 clientid=7b31d0ea5646d09e1d2ee4f665dc47ac id=a9e64468c028 type=proxy sess=7b31d0ea5646d09e1d2ee4f665dc47ac err=nil
t=2026-06-03T14:37:21+0530 lvl=dbug msg=close id=c7e53d892160 typ=proxy err=nil
t=2026-06-03T14:37:21+0530 lvl=dbug msg=close obj=tunnels.session obj=csess id=6c675a7035d1 clientid=7b31d0ea5646d09e1d2ee4f665dc47ac id=a9e64468c028 type=proxy sess=7b31d0ea5646d09e1d2ee4f665dc47ac err=nil
t=2026-06-03T14:37:21+0530 lvl=dbug msg=close id=c7e53d892160 typ=proxy err=nil
t=2026-06-03T14:37:21+0530 lvl=dbug msg=close obj=tunnels.session obj=csess id=6c675a7035d1 clientid=7b31d0ea5646d09e1d2ee4f665dc47ac id=a9e64468c028 type=proxy sess=7b31d0ea5646d09e1d2ee4f665dc47ac err=nil
t=2026-06-03T14:37:21+0530 lvl=dbug msg=close id=c7e53d892160 typ=proxy err=nil
t=2026-06-03T14:37:21+0530 lvl=dbug msg="waiting for update" obj=consoleui
t=2026-06-03T14:37:21+0530 lvl=dbug msg="half join complete" obj=join id=ae9425abe00f from=[::1]:3000 to=171.48.2.44:55032 nbytes=27525 err=nil
t=2026-06-03T14:37:21+0530 lvl=dbug msg=close obj=tunnels.session obj=csess id=6c675a7035d1 clientid=7b31d0ea5646d09e1d2ee4f665dc47ac id=8209496ca457 type=proxy sess=7b31d0ea5646d09e1d2ee4f665dc47ac err=nil
t=2026-06-03T14:37:21+0530 lvl=dbug msg=close id=08257e4c80c0 typ=proxy err=nil
t=2026-06-03T14:37:21+0530 lvl=dbug msg=close id=cc7cf382ff83 err=nil
t=2026-06-03T14:37:21+0530 lvl=dbug msg=http.ReadRequest id=08257e4c80c0 typ=proxy err=EOF
t=2026-06-03T14:37:21+0530 lvl=dbug msg="half join complete" obj=join id=ae9425abe00f from=171.48.2.44:55032 to=[::1]:3000 nbytes=1520 err="readfrom tcp [::1]:55939->[::1]:3000: stream closed"
t=2026-06-03T14:37:21+0530 lvl=dbug msg=http.ReadResponse id=08257e4c80c0 typ=proxy err="unexpected EOF"
t=2026-06-03T14:37:21+0530 lvl=dbug msg=close obj=tunnels.session obj=csess id=6c675a7035d1 clientid=7b31d0ea5646d09e1d2ee4f665dc47ac id=8209496ca457 type=proxy sess=7b31d0ea5646d09e1d2ee4f665dc47ac err=nil
t=2026-06-03T14:37:21+0530 lvl=dbug msg=close id=08257e4c80c0 typ=proxy err=nil
t=2026-06-03T14:37:21+0530 lvl=dbug msg=close id=cc7cf382ff83 err=nil
t=2026-06-03T14:37:21+0530 lvl=dbug msg=close obj=tunnels.session obj=csess id=6c675a7035d1 clientid=7b31d0ea5646d09e1d2ee4f665dc47ac id=8209496ca457 type=proxy sess=7b31d0ea5646d09e1d2ee4f665dc47ac err=nil
t=2026-06-03T14:37:21+0530 lvl=dbug msg=close id=08257e4c80c0 typ=proxy err=nil
t=2026-06-03T14:37:21+0530 lvl=dbug msg=close obj=tunnels.session obj=csess id=6c675a7035d1 clientid=7b31d0ea5646d09e1d2ee4f665dc47ac id=8209496ca457 type=proxy sess=7b31d0ea5646d09e1d2ee4f665dc47ac err=nil
t=2026-06-03T14:37:21+0530 lvl=dbug msg=close id=08257e4c80c0 typ=proxy err=nil
t=2026-06-03T14:37:21+0530 lvl=dbug msg=close obj=tunnels.session obj=csess id=6c675a7035d1 clientid=7b31d0ea5646d09e1d2ee4f665dc47ac id=8209496ca457 type=proxy sess=7b31d0ea5646d09e1d2ee4f665dc47ac err=nil
t=2026-06-03T14:37:21+0530 lvl=dbug msg=close id=08257e4c80c0 typ=proxy err=nil
t=2026-06-03T14:37:21+0530 lvl=dbug msg="waiting for update" obj=consoleui
t=2026-06-03T14:37:22+0530 lvl=dbug msg="heartbeat received" obj=tunnels.session obj=csess id=6c675a7035d1 clientid=7b31d0ea5646d09e1d2ee4f665dc47ac latency_ms=1149
t=2026-06-03T14:37:22+0530 lvl=dbug msg="got request" id=d72257ed2c7a typ=proxy path=/_next/static/chunks/app-pages-internals.js
t=2026-06-03T14:37:22+0530 lvl=dbug msg="add entry" obj=storage entrysz=1608 sz=1817278
t=2026-06-03T14:37:22+0530 lvl=dbug msg="add entry" obj=storage entrysz=1608 sz=1817278
t=2026-06-03T14:37:22+0530 lvl=dbug msg="waiting for update" obj=consoleui
t=2026-06-03T14:37:22+0530 lvl=dbug msg="waiting for update" obj=consoleui
t=2026-06-03T14:37:22+0530 lvl=dbug msg="got response for request" id=d72257ed2c7a typ=proxy reqpath=/_next/static/chunks/app-pages-internals.js
t=2026-06-03T14:37:22+0530 lvl=dbug msg="add entry" obj=storage entrysz=1978 sz=1817278
t=2026-06-03T14:37:22+0530 lvl=dbug msg="waiting for update" obj=consoleui
t=2026-06-03T14:37:22+0530 lvl=dbug msg="add entry" obj=storage entrysz=67495 sz=1817278
t=2026-06-03T14:37:22+0530 lvl=dbug msg="gzip decode"
t=2026-06-03T14:37:22+0530 lvl=dbug msg="waiting for update" obj=consoleui
t=2026-06-03T14:37:22+0530 lvl=dbug msg="waiting for update" obj=consoleui
t=2026-06-03T14:37:22+0530 lvl=dbug msg="got request" id=f2efce37f437 typ=proxy path=/_next/static/chunks/app/dashboard/projects/[projectId]/style-guide/page.js
t=2026-06-03T14:37:22+0530 lvl=dbug msg="add entry" obj=storage entrysz=1644 sz=1884773
t=2026-06-03T14:37:22+0530 lvl=dbug msg="add entry" obj=storage entrysz=1644 sz=1884773
t=2026-06-03T14:37:22+0530 lvl=dbug msg="waiting for update" obj=consoleui
t=2026-06-03T14:37:22+0530 lvl=dbug msg="waiting for update" obj=consoleui
t=2026-06-03T14:37:22+0530 lvl=dbug msg="waiting for update" obj=consoleui
t=2026-06-03T14:37:22+0530 lvl=dbug msg="got response for request" id=f2efce37f437 typ=proxy reqpath=/_next/static/chunks/app/dashboard/projects/[projectId]/style-guide/page.js
t=2026-06-03T14:37:22+0530 lvl=dbug msg="add entry" obj=storage entrysz=2015 sz=1884773
t=2026-06-03T14:37:22+0530 lvl=dbug msg="waiting for update" obj=consoleui
t=2026-06-03T14:37:23+0530 lvl=dbug msg="got request" id=d72257ed2c7a typ=proxy path=/_next/static/media/e4af272ccee01ff0-s.p.woff2
t=2026-06-03T14:37:23+0530 lvl=dbug msg="add entry" obj=storage entrysz=1662 sz=1886788
t=2026-06-03T14:37:23+0530 lvl=dbug msg="add entry" obj=storage entrysz=1662 sz=1886788
t=2026-06-03T14:37:23+0530 lvl=dbug msg="waiting for update" obj=consoleui
t=2026-06-03T14:37:23+0530 lvl=dbug msg="waiting for update" obj=consoleui
t=2026-06-03T14:37:23+0530 lvl=dbug msg="tunnel Accept" obj=tunnels.session obj=csess id=6c675a7035d1 clientid=7b31d0ea5646d09e1d2ee4f665dc47ac reqType=3 remoteAddr=13.127.105.236:443
t=2026-06-03T14:37:23+0530 lvl=dbug msg="dial private connection" id=f8c3d4b96663 addr=localhost:3000 err=nil
t=2026-06-03T14:37:23+0530 lvl=dbug msg="joining tunnel conn to backend" id=f8c3d4b96663 header="{ID:45531bfe77b61f34a2ebdeb8dcdfff6c ClientAddr:171.48.2.44:60222 Proto:https EdgeType:0 PassthroughTLS:false}"
t=2026-06-03T14:37:23+0530 lvl=info msg="join connections" obj=join id=82f400429e12 l=[::1]:3000 r=171.48.2.44:60222
t=2026-06-03T14:37:23+0530 lvl=dbug msg="got request" id=61115c283af5 typ=proxy path=/_next/static/chunks/app/layout.js
t=2026-06-03T14:37:23+0530 lvl=dbug msg="add entry" obj=storage entrysz=1599 sz=1888450
t=2026-06-03T14:37:23+0530 lvl=dbug msg="add entry" obj=storage entrysz=1599 sz=1888450
t=2026-06-03T14:37:23+0530 lvl=dbug msg="waiting for update" obj=consoleui
t=2026-06-03T14:37:23+0530 lvl=dbug msg="waiting for update" obj=consoleui
t=2026-06-03T14:37:23+0530 lvl=dbug msg="got response for request" id=d72257ed2c7a typ=proxy reqpath=/_next/static/media/e4af272ccee01ff0-s.p.woff2
t=2026-06-03T14:37:23+0530 lvl=dbug msg="add entry" obj=storage entrysz=1962 sz=1888387
t=2026-06-03T14:37:23+0530 lvl=dbug msg="waiting for update" obj=consoleui
t=2026-06-03T14:37:23+0530 lvl=dbug msg="waiting for update" obj=consoleui
t=2026-06-03T14:37:23+0530 lvl=dbug msg="got response for request" id=61115c283af5 typ=proxy reqpath=/_next/static/chunks/app/layout.js
t=2026-06-03T14:37:23+0530 lvl=dbug msg="add entry" obj=storage entrysz=50394 sz=1888387
t=2026-06-03T14:37:23+0530 lvl=dbug msg="add entry" obj=storage entrysz=1970 sz=1937182
t=2026-06-03T14:37:23+0530 lvl=dbug msg="waiting for update" obj=consoleui
t=2026-06-03T14:37:23+0530 lvl=dbug msg="waiting for update" obj=consoleui
t=2026-06-03T14:37:23+0530 lvl=dbug msg="waiting for update" obj=consoleui
t=2026-06-03T14:37:23+0530 lvl=dbug msg="waiting for update" obj=consoleui
t=2026-06-03T14:37:24+0530 lvl=dbug msg="waiting for update" obj=consoleui
t=2026-06-03T14:37:24+0530 lvl=dbug msg="add entry" obj=storage entrysz=494932 sz=1937137
t=2026-06-03T14:37:24+0530 lvl=dbug msg="waiting for update" obj=consoleui
t=2026-06-03T14:37:24+0530 lvl=dbug msg="gzip decode"
t=2026-06-03T14:37:24+0530 lvl=dbug msg="waiting for update" obj=consoleui
t=2026-06-03T14:37:24+0530 lvl=dbug msg="half join complete" obj=join id=e91181e1c2c0 from=[::1]:3000 to=171.48.2.44:55938 nbytes=7158 err=nil
t=2026-06-03T14:37:24+0530 lvl=dbug msg="half join complete" obj=join id=e91181e1c2c0 from=171.48.2.44:55938 to=[::1]:3000 nbytes=1641 err=nil
t=2026-06-03T14:37:24+0530 lvl=dbug msg=http.ReadRequest id=65ad9e8851a2 typ=proxy err=EOF
t=2026-06-03T14:37:25+0530 lvl=dbug msg=close obj=tunnels.session obj=csess id=6c675a7035d1 clientid=7b31d0ea5646d09e1d2ee4f665dc47ac id=6145dd55d7ba type=proxy sess=7b31d0ea5646d09e1d2ee4f665dc47ac err=nil
t=2026-06-03T14:37:25+0530 lvl=dbug msg=close id=65ad9e8851a2 typ=proxy err=nil
t=2026-06-03T14:37:25+0530 lvl=dbug msg=close id=92aba0c4a2b4 err=nil
t=2026-06-03T14:37:25+0530 lvl=dbug msg=http.ReadResponse id=65ad9e8851a2 typ=proxy err="unexpected EOF"
t=2026-06-03T14:37:25+0530 lvl=dbug msg=close obj=tunnels.session obj=csess id=6c675a7035d1 clientid=7b31d0ea5646d09e1d2ee4f665dc47ac id=6145dd55d7ba type=proxy sess=7b31d0ea5646d09e1d2ee4f665dc47ac err=nil
t=2026-06-03T14:37:25+0530 lvl=dbug msg=close id=65ad9e8851a2 typ=proxy err=nil
t=2026-06-03T14:37:25+0530 lvl=dbug msg=close id=92aba0c4a2b4 err=nil
t=2026-06-03T14:37:25+0530 lvl=dbug msg=close obj=tunnels.session obj=csess id=6c675a7035d1 clientid=7b31d0ea5646d09e1d2ee4f665dc47ac id=6145dd55d7ba type=proxy sess=7b31d0ea5646d09e1d2ee4f665dc47ac err=nil
t=2026-06-03T14:37:25+0530 lvl=dbug msg=close id=65ad9e8851a2 typ=proxy err=nil
t=2026-06-03T14:37:25+0530 lvl=dbug msg=close obj=tunnels.session obj=csess id=6c675a7035d1 clientid=7b31d0ea5646d09e1d2ee4f665dc47ac id=6145dd55d7ba type=proxy sess=7b31d0ea5646d09e1d2ee4f665dc47ac err=nil
t=2026-06-03T14:37:25+0530 lvl=dbug msg=close id=65ad9e8851a2 typ=proxy err=nil
t=2026-06-03T14:37:25+0530 lvl=dbug msg="add entry" obj=storage entrysz=423128 sz=2430099
t=2026-06-03T14:37:25+0530 lvl=dbug msg="waiting for update" obj=consoleui
t=2026-06-03T14:37:25+0530 lvl=dbug msg="gzip decode"
t=2026-06-03T14:37:25+0530 lvl=dbug msg="waiting for update" obj=consoleui
t=2026-06-03T14:37:25+0530 lvl=dbug msg=close obj=tunnels.session obj=csess id=6c675a7035d1 clientid=7b31d0ea5646d09e1d2ee4f665dc47ac id=6145dd55d7ba type=proxy sess=7b31d0ea5646d09e1d2ee4f665dc47ac err=nil
t=2026-06-03T14:37:25+0530 lvl=dbug msg=close id=65ad9e8851a2 typ=proxy err=nil
t=2026-06-03T14:37:25+0530 lvl=dbug msg="waiting for update" obj=consoleui
t=2026-06-03T14:37:25+0530 lvl=dbug msg="half join complete" obj=join id=82f400429e12 from=171.48.2.44:60222 to=[::1]:3000 nbytes=1599 err=nil
t=2026-06-03T14:37:25+0530 lvl=dbug msg=http.ReadRequest id=61115c283af5 typ=proxy err=EOF
t=2026-06-03T14:37:25+0530 lvl=dbug msg="half join complete" obj=join id=82f400429e12 from=[::1]:3000 to=171.48.2.44:60222 nbytes=421529 err="writeto tcp [::1]:60228->[::1]:3000: read tcp [::1]:60228->[::1]:3000: use of closed network connection"
t=2026-06-03T14:37:25+0530 lvl=dbug msg=close obj=tunnels.session obj=csess id=6c675a7035d1 clientid=7b31d0ea5646d09e1d2ee4f665dc47ac id=2bf1e173ac7b type=proxy sess=7b31d0ea5646d09e1d2ee4f665dc47ac err=nil
t=2026-06-03T14:37:25+0530 lvl=dbug msg=close id=61115c283af5 typ=proxy err=nil
t=2026-06-03T14:37:25+0530 lvl=dbug msg=close id=f8c3d4b96663 err=nil
t=2026-06-03T14:37:25+0530 lvl=dbug msg=http.ReadResponse id=61115c283af5 typ=proxy err="unexpected EOF"
t=2026-06-03T14:37:25+0530 lvl=dbug msg=close obj=tunnels.session obj=csess id=6c675a7035d1 clientid=7b31d0ea5646d09e1d2ee4f665dc47ac id=2bf1e173ac7b type=proxy sess=7b31d0ea5646d09e1d2ee4f665dc47ac err=nil
t=2026-06-03T14:37:25+0530 lvl=dbug msg=close id=61115c283af5 typ=proxy err=nil
t=2026-06-03T14:37:25+0530 lvl=dbug msg=close id=f8c3d4b96663 err=nil
t=2026-06-03T14:37:25+0530 lvl=dbug msg=close obj=tunnels.session obj=csess id=6c675a7035d1 clientid=7b31d0ea5646d09e1d2ee4f665dc47ac id=2bf1e173ac7b type=proxy sess=7b31d0ea5646d09e1d2ee4f665dc47ac err=nil
t=2026-06-03T14:37:25+0530 lvl=dbug msg=close id=61115c283af5 typ=proxy err=nil
t=2026-06-03T14:37:25+0530 lvl=dbug msg=close obj=tunnels.session obj=csess id=6c675a7035d1 clientid=7b31d0ea5646d09e1d2ee4f665dc47ac id=2bf1e173ac7b type=proxy sess=7b31d0ea5646d09e1d2ee4f665dc47ac err=nil
t=2026-06-03T14:37:25+0530 lvl=dbug msg=close id=61115c283af5 typ=proxy err=nil
t=2026-06-03T14:37:25+0530 lvl=dbug msg=close obj=tunnels.session obj=csess id=6c675a7035d1 clientid=7b31d0ea5646d09e1d2ee4f665dc47ac id=2bf1e173ac7b type=proxy sess=7b31d0ea5646d09e1d2ee4f665dc47ac err=nil
t=2026-06-03T14:37:25+0530 lvl=dbug msg=close id=61115c283af5 typ=proxy err=nil
t=2026-06-03T14:37:25+0530 lvl=dbug msg="waiting for update" obj=consoleui
t=2026-06-03T14:37:26+0530 lvl=dbug msg="add entry" obj=storage entrysz=1656223 sz=2851243
t=2026-06-03T14:37:26+0530 lvl=dbug msg="waiting for update" obj=consoleui
t=2026-06-03T14:37:26+0530 lvl=dbug msg="gzip decode"
t=2026-06-03T14:37:26+0530 lvl=dbug msg="waiting for update" obj=consoleui
t=2026-06-03T14:37:26+0530 lvl=dbug msg="waiting for update" obj=consoleui
t=2026-06-03T14:37:26+0530 lvl=dbug msg="half join complete" obj=join id=20671f67cf46 from=171.48.2.44:60222 to=[::1]:3000 nbytes=1613 err=nil
t=2026-06-03T14:37:26+0530 lvl=dbug msg=http.ReadRequest id=02653fa3e9b6 typ=proxy err=EOF
t=2026-06-03T14:37:26+0530 lvl=dbug msg="half join complete" obj=join id=20671f67cf46 from=[::1]:3000 to=171.48.2.44:60222 nbytes=1654610 err="writeto tcp [::1]:60225->[::1]:3000: read tcp [::1]:60225->[::1]:3000: use of closed network connection"
t=2026-06-03T14:37:26+0530 lvl=dbug msg=close obj=tunnels.session obj=csess id=6c675a7035d1 clientid=7b31d0ea5646d09e1d2ee4f665dc47ac id=187bf3de34d1 type=proxy sess=7b31d0ea5646d09e1d2ee4f665dc47ac err=nil
t=2026-06-03T14:37:26+0530 lvl=dbug msg=close id=02653fa3e9b6 typ=proxy err=nil
t=2026-06-03T14:37:26+0530 lvl=dbug msg=close id=bc7b9b2d5758 err=nil
t=2026-06-03T14:37:26+0530 lvl=dbug msg=http.ReadResponse id=02653fa3e9b6 typ=proxy err="unexpected EOF"
t=2026-06-03T14:37:26+0530 lvl=dbug msg=close obj=tunnels.session obj=csess id=6c675a7035d1 clientid=7b31d0ea5646d09e1d2ee4f665dc47ac id=187bf3de34d1 type=proxy sess=7b31d0ea5646d09e1d2ee4f665dc47ac err=nil
t=2026-06-03T14:37:26+0530 lvl=dbug msg=close id=02653fa3e9b6 typ=proxy err=nil
t=2026-06-03T14:37:26+0530 lvl=dbug msg=close id=bc7b9b2d5758 err=nil
t=2026-06-03T14:37:26+0530 lvl=dbug msg=close obj=tunnels.session obj=csess id=6c675a7035d1 clientid=7b31d0ea5646d09e1d2ee4f665dc47ac id=187bf3de34d1 type=proxy sess=7b31d0ea5646d09e1d2ee4f665dc47ac err=nil
t=2026-06-03T14:37:26+0530 lvl=dbug msg=close id=02653fa3e9b6 typ=proxy err=nil
t=2026-06-03T14:37:26+0530 lvl=dbug msg=close obj=tunnels.session obj=csess id=6c675a7035d1 clientid=7b31d0ea5646d09e1d2ee4f665dc47ac id=187bf3de34d1 type=proxy sess=7b31d0ea5646d09e1d2ee4f665dc47ac err=nil
t=2026-06-03T14:37:26+0530 lvl=dbug msg=close id=02653fa3e9b6 typ=proxy err=nil
t=2026-06-03T14:37:26+0530 lvl=dbug msg=close obj=tunnels.session obj=csess id=6c675a7035d1 clientid=7b31d0ea5646d09e1d2ee4f665dc47ac id=187bf3de34d1 type=proxy sess=7b31d0ea5646d09e1d2ee4f665dc47ac err=nil
t=2026-06-03T14:37:26+0530 lvl=dbug msg=close id=02653fa3e9b6 typ=proxy err=nil
t=2026-06-03T14:37:26+0530 lvl=dbug msg="waiting for update" obj=consoleui
t=2026-06-03T14:37:27+0530 lvl=dbug msg="got request" id=f2efce37f437 typ=proxy path=/favicon.ico
t=2026-06-03T14:37:27+0530 lvl=dbug msg="add entry" obj=storage entrysz=1655 sz=4507466
t=2026-06-03T14:37:27+0530 lvl=dbug msg="add entry" obj=storage entrysz=1655 sz=4507466
t=2026-06-03T14:37:27+0530 lvl=dbug msg="got request" id=d72257ed2c7a typ=proxy path=/_next/static/chunks/_app-pages-browser_node_modules_next_dist_client_dev_noop-turbopack-hmr_js.js
t=2026-06-03T14:37:27+0530 lvl=dbug msg="add entry" obj=storage entrysz=1663 sz=4509121
t=2026-06-03T14:37:27+0530 lvl=dbug msg="add entry" obj=storage entrysz=1663 sz=4509121
t=2026-06-03T14:37:27+0530 lvl=dbug msg="waiting for update" obj=consoleui
t=2026-06-03T14:37:27+0530 lvl=dbug msg="waiting for update" obj=consoleui
t=2026-06-03T14:37:27+0530 lvl=dbug msg="waiting for update" obj=consoleui
t=2026-06-03T14:37:27+0530 lvl=dbug msg="waiting for update" obj=consoleui
t=2026-06-03T14:37:27+0530 lvl=dbug msg="got response for request" id=d72257ed2c7a typ=proxy reqpath=/_next/static/chunks/_app-pages-browser_node_modules_next_dist_client_dev_noop-turbopack-hmr_js.js
t=2026-06-03T14:37:27+0530 lvl=dbug msg="add entry" obj=storage entrysz=2032 sz=4509121
t=2026-06-03T14:37:27+0530 lvl=dbug msg="add entry" obj=storage entrysz=4668 sz=4509121
t=2026-06-03T14:37:27+0530 lvl=dbug msg="gzip decode"
t=2026-06-03T14:37:27+0530 lvl=dbug msg="waiting for update" obj=consoleui
t=2026-06-03T14:37:27+0530 lvl=dbug msg="waiting for update" obj=consoleui
t=2026-06-03T14:37:27+0530 lvl=dbug msg="waiting for update" obj=consoleui
t=2026-06-03T14:37:27+0530 lvl=dbug msg="waiting for update" obj=consoleui
t=2026-06-03T14:37:27+0530 lvl=dbug msg="got response for request" id=f2efce37f437 typ=proxy reqpath=/favicon.ico
t=2026-06-03T14:37:27+0530 lvl=dbug msg="add entry" obj=storage entrysz=1952 sz=4512134
t=2026-06-03T14:37:27+0530 lvl=dbug msg="add entry" obj=storage entrysz=27896 sz=4512134
t=2026-06-03T14:37:27+0530 lvl=dbug msg="waiting for update" obj=consoleui
t=2026-06-03T14:37:27+0530 lvl=dbug msg="waiting for update" obj=consoleui
t=2026-06-03T14:37:27+0530 lvl=dbug msg="waiting for update" obj=consoleui
t=2026-06-03T14:37:28+0530 lvl=dbug msg="waiting for update" obj=consoleui
t=2026-06-03T14:37:29+0530 lvl=dbug msg="waiting for update" obj=consoleui
t=2026-06-03T14:37:30+0530 lvl=dbug msg="waiting for update" obj=consoleui
t=2026-06-03T14:37:31+0530 lvl=dbug msg="waiting for update" obj=consoleui
t=2026-06-03T14:37:32+0530 lvl=dbug msg="waiting for update" obj=consoleui
t=2026-06-03T14:37:32+0530 lvl=dbug msg="heartbeat received" obj=tunnels.session obj=csess id=6c675a7035d1 clientid=7b31d0ea5646d09e1d2ee4f665dc47ac latency_ms=1668
t=2026-06-03T14:37:33+0530 lvl=dbug msg="half join complete" obj=join id=fe23fb7d2bab from=[::1]:3000 to=171.48.2.44:60222 nbytes=152481 err=nil
t=2026-06-03T14:37:33+0530 lvl=dbug msg="half join complete" obj=join id=fe23fb7d2bab from=171.48.2.44:60222 to=[::1]:3000 nbytes=8443 err=nil
t=2026-06-03T14:37:33+0530 lvl=dbug msg=close obj=tunnels.session obj=csess id=6c675a7035d1 clientid=7b31d0ea5646d09e1d2ee4f665dc47ac id=a6c36842d5c1 type=proxy sess=7b31d0ea5646d09e1d2ee4f665dc47ac err=nil
t=2026-06-03T14:37:33+0530 lvl=dbug msg=close id=d72257ed2c7a typ=proxy err=nil
t=2026-06-03T14:37:33+0530 lvl=dbug msg=http.ReadRequest id=d72257ed2c7a typ=proxy err=EOF
t=2026-06-03T14:37:33+0530 lvl=dbug msg=http.ReadResponse id=d72257ed2c7a typ=proxy err="unexpected EOF"
t=2026-06-03T14:37:33+0530 lvl=dbug msg=close id=6ea5f03d0219 err=nil
t=2026-06-03T14:37:33+0530 lvl=dbug msg=close obj=tunnels.session obj=csess id=6c675a7035d1 clientid=7b31d0ea5646d09e1d2ee4f665dc47ac id=a6c36842d5c1 type=proxy sess=7b31d0ea5646d09e1d2ee4f665dc47ac err=nil
t=2026-06-03T14:37:33+0530 lvl=dbug msg=close id=d72257ed2c7a typ=proxy err=nil
t=2026-06-03T14:37:33+0530 lvl=dbug msg=close id=6ea5f03d0219 err=nil
t=2026-06-03T14:37:33+0530 lvl=dbug msg=close obj=tunnels.session obj=csess id=6c675a7035d1 clientid=7b31d0ea5646d09e1d2ee4f665dc47ac id=a6c36842d5c1 type=proxy sess=7b31d0ea5646d09e1d2ee4f665dc47ac err=nil
t=2026-06-03T14:37:33+0530 lvl=dbug msg=close id=d72257ed2c7a typ=proxy err=nil
t=2026-06-03T14:37:33+0530 lvl=dbug msg=close obj=tunnels.session obj=csess id=6c675a7035d1 clientid=7b31d0ea5646d09e1d2ee4f665dc47ac id=a6c36842d5c1 type=proxy sess=7b31d0ea5646d09e1d2ee4f665dc47ac err=nil
t=2026-06-03T14:37:33+0530 lvl=dbug msg=close id=d72257ed2c7a typ=proxy err=nil
t=2026-06-03T14:37:33+0530 lvl=dbug msg=close obj=tunnels.session obj=csess id=6c675a7035d1 clientid=7b31d0ea5646d09e1d2ee4f665dc47ac id=a6c36842d5c1 type=proxy sess=7b31d0ea5646d09e1d2ee4f665dc47ac err=nil
t=2026-06-03T14:37:33+0530 lvl=dbug msg=close id=d72257ed2c7a typ=proxy err=nil
t=2026-06-03T14:37:33+0530 lvl=dbug msg="waiting for update" obj=consoleui
t=2026-06-03T14:37:33+0530 lvl=dbug msg="waiting for update" obj=consoleui
t=2026-06-03T14:37:33+0530 lvl=dbug msg="half join complete" obj=join id=d09b5b05ef1f from=[::1]:3000 to=171.48.2.44:60222 nbytes=575589 err=nil
t=2026-06-03T14:37:33+0530 lvl=dbug msg="half join complete" obj=join id=d09b5b05ef1f from=171.48.2.44:60222 to=[::1]:3000 nbytes=6431 err=nil
t=2026-06-03T14:37:33+0530 lvl=dbug msg=close obj=tunnels.session obj=csess id=6c675a7035d1 clientid=7b31d0ea5646d09e1d2ee4f665dc47ac id=ed5234b9bfc3 type=proxy sess=7b31d0ea5646d09e1d2ee4f665dc47ac err=nil
t=2026-06-03T14:37:33+0530 lvl=dbug msg=close id=f2efce37f437 typ=proxy err=nil
t=2026-06-03T14:37:33+0530 lvl=dbug msg=close id=48189229e343 err=nil
t=2026-06-03T14:37:33+0530 lvl=dbug msg=http.ReadRequest id=f2efce37f437 typ=proxy err=EOF
t=2026-06-03T14:37:33+0530 lvl=dbug msg=http.ReadResponse id=f2efce37f437 typ=proxy err="unexpected EOF"
t=2026-06-03T14:37:33+0530 lvl=dbug msg=close obj=tunnels.session obj=csess id=6c675a7035d1 clientid=7b31d0ea5646d09e1d2ee4f665dc47ac id=ed5234b9bfc3 type=proxy sess=7b31d0ea5646d09e1d2ee4f665dc47ac err=nil
t=2026-06-03T14:37:33+0530 lvl=dbug msg=close id=f2efce37f437 typ=proxy err=nil
t=2026-06-03T14:37:33+0530 lvl=dbug msg=close id=48189229e343 err=nil
t=2026-06-03T14:37:33+0530 lvl=dbug msg=close obj=tunnels.session obj=csess id=6c675a7035d1 clientid=7b31d0ea5646d09e1d2ee4f665dc47ac id=ed5234b9bfc3 type=proxy sess=7b31d0ea5646d09e1d2ee4f665dc47ac err=nil
t=2026-06-03T14:37:33+0530 lvl=dbug msg=close id=f2efce37f437 typ=proxy err=nil
t=2026-06-03T14:37:33+0530 lvl=dbug msg=close obj=tunnels.session obj=csess id=6c675a7035d1 clientid=7b31d0ea5646d09e1d2ee4f665dc47ac id=ed5234b9bfc3 type=proxy sess=7b31d0ea5646d09e1d2ee4f665dc47ac err=nil
t=2026-06-03T14:37:33+0530 lvl=dbug msg=close id=f2efce37f437 typ=proxy err=nil
t=2026-06-03T14:37:33+0530 lvl=dbug msg=close obj=tunnels.session obj=csess id=6c675a7035d1 clientid=7b31d0ea5646d09e1d2ee4f665dc47ac id=ed5234b9bfc3 type=proxy sess=7b31d0ea5646d09e1d2ee4f665dc47ac err=nil
t=2026-06-03T14:37:33+0530 lvl=dbug msg=close id=f2efce37f437 typ=proxy err=nil
t=2026-06-03T14:37:33+0530 lvl=dbug msg="waiting for update" obj=consoleui
t=2026-06-03T14:37:34+0530 lvl=dbug msg="tunnel Accept" obj=tunnels.session obj=csess id=6c675a7035d1 clientid=7b31d0ea5646d09e1d2ee4f665dc47ac reqType=3 remoteAddr=13.127.105.236:443
t=2026-06-03T14:37:34+0530 lvl=dbug msg="tunnel Accept" obj=tunnels.session obj=csess id=6c675a7035d1 clientid=7b31d0ea5646d09e1d2ee4f665dc47ac reqType=3 remoteAddr=13.127.105.236:443
t=2026-06-03T14:37:34+0530 lvl=dbug msg="waiting for update" obj=consoleui
t=2026-06-03T14:37:34+0530 lvl=dbug msg="dial private connection" id=d1b19a820fad addr=localhost:3000 err=nil
t=2026-06-03T14:37:34+0530 lvl=dbug msg="dial private connection" id=7c75046d37d5 addr=localhost:3000 err=nil
t=2026-06-03T14:37:34+0530 lvl=dbug msg="joining tunnel conn to backend" id=7c75046d37d5 header="{ID:45531bfe77b61f34a2ebdeb8dcdfff6c ClientAddr:171.48.2.44:60222 Proto:https EdgeType:0 PassthroughTLS:false}"
t=2026-06-03T14:37:34+0530 lvl=info msg="join connections" obj=join id=ab48da53b551 l=[::1]:3000 r=171.48.2.44:60222
t=2026-06-03T14:37:34+0530 lvl=dbug msg="joining tunnel conn to backend" id=d1b19a820fad header="{ID:45531bfe77b61f34a2ebdeb8dcdfff6c ClientAddr:171.48.2.44:60222 Proto:https EdgeType:0 PassthroughTLS:false}"
t=2026-06-03T14:37:34+0530 lvl=info msg="join connections" obj=join id=c466048c3d7d l=[::1]:3000 r=171.48.2.44:60222
t=2026-06-03T14:37:34+0530 lvl=dbug msg="got request" id=45786134a6d3 typ=proxy path=/api/auth
t=2026-06-03T14:37:34+0530 lvl=dbug msg="add entry" obj=storage entrysz=1706 sz=4540030
t=2026-06-03T14:37:34+0530 lvl=dbug msg="add entry" obj=storage entrysz=1762 sz=4540030
t=2026-06-03T14:37:34+0530 lvl=dbug msg="got request" id=ef184f5fe93a typ=proxy path=/_next/static/media/f5271587012faf78-s.p.woff2
t=2026-06-03T14:37:34+0530 lvl=dbug msg="add entry" obj=storage entrysz=1662 sz=4541792
t=2026-06-03T14:37:34+0530 lvl=dbug msg="add entry" obj=storage entrysz=1662 sz=4541792
t=2026-06-03T14:37:34+0530 lvl=dbug msg="waiting for update" obj=consoleui
t=2026-06-03T14:37:34+0530 lvl=dbug msg="waiting for update" obj=consoleui
t=2026-06-03T14:37:34+0530 lvl=dbug msg="waiting for update" obj=consoleui
t=2026-06-03T14:37:34+0530 lvl=dbug msg="waiting for update" obj=consoleui
t=2026-06-03T14:37:34+0530 lvl=dbug msg="got response for request" id=ef184f5fe93a typ=proxy reqpath=/_next/static/media/f5271587012faf78-s.p.woff2
t=2026-06-03T14:37:34+0530 lvl=dbug msg="add entry" obj=storage entrysz=1962 sz=4541792
t=2026-06-03T14:37:34+0530 lvl=dbug msg="add entry" obj=storage entrysz=31934 sz=4541792
t=2026-06-03T14:37:34+0530 lvl=dbug msg="waiting for update" obj=consoleui
t=2026-06-03T14:37:34+0530 lvl=dbug msg="waiting for update" obj=consoleui
t=2026-06-03T14:37:34+0530 lvl=dbug msg="waiting for update" obj=consoleui
t=2026-06-03T14:37:34+0530 lvl=dbug msg="waiting for update" obj=consoleui
t=2026-06-03T14:37:34+0530 lvl=dbug msg="got response for request" id=45786134a6d3 typ=proxy reqpath=/api/auth
t=2026-06-03T14:37:34+0530 lvl=dbug msg="add entry" obj=storage entrysz=3038 sz=4571964
t=2026-06-03T14:37:34+0530 lvl=dbug msg="waiting for update" obj=consoleui
t=2026-06-03T14:37:34+0530 lvl=dbug msg="add entry" obj=storage entrysz=3591 sz=4571964
t=2026-06-03T14:37:34+0530 lvl=dbug msg="gzip decode"
t=2026-06-03T14:37:34+0530 lvl=dbug msg="waiting for update" obj=consoleui
t=2026-06-03T14:37:34+0530 lvl=dbug msg="waiting for update" obj=consoleui
t=2026-06-03T14:37:35+0530 lvl=dbug msg="waiting for update" obj=consoleui
t=2026-06-03T14:37:36+0530 lvl=dbug msg="waiting for update" obj=consoleui
t=2026-06-03T14:37:37+0530 lvl=dbug msg="waiting for update" obj=consoleui
t=2026-06-03T14:37:38+0530 lvl=dbug msg="waiting for update" obj=consoleui
t=2026-06-03T14:37:39+0530 lvl=dbug msg="waiting for update" obj=consoleui
t=2026-06-03T14:37:40+0530 lvl=dbug msg="half join complete" obj=join id=c466048c3d7d from=[::1]:3000 to=171.48.2.44:60222 nbytes=30272 err=nil
t=2026-06-03T14:37:40+0530 lvl=dbug msg="half join complete" obj=join id=c466048c3d7d from=171.48.2.44:60222 to=[::1]:3000 nbytes=1662 err=nil
t=2026-06-03T14:37:40+0530 lvl=dbug msg=close obj=tunnels.session obj=csess id=6c675a7035d1 clientid=7b31d0ea5646d09e1d2ee4f665dc47ac id=01ba931eda50 type=proxy sess=7b31d0ea5646d09e1d2ee4f665dc47ac err=nil
t=2026-06-03T14:37:40+0530 lvl=dbug msg=http.ReadRequest id=ef184f5fe93a typ=proxy err=EOF
t=2026-06-03T14:37:40+0530 lvl=dbug msg=close id=ef184f5fe93a typ=proxy err=nil
t=2026-06-03T14:37:40+0530 lvl=dbug msg=close obj=tunnels.session obj=csess id=6c675a7035d1 clientid=7b31d0ea5646d09e1d2ee4f665dc47ac id=01ba931eda50 type=proxy sess=7b31d0ea5646d09e1d2ee4f665dc47ac err=nil
t=2026-06-03T14:37:40+0530 lvl=dbug msg=http.ReadResponse id=ef184f5fe93a typ=proxy err="unexpected EOF"
t=2026-06-03T14:37:40+0530 lvl=dbug msg=close id=d1b19a820fad err=nil
t=2026-06-03T14:37:40+0530 lvl=dbug msg=close id=ef184f5fe93a typ=proxy err=nil
t=2026-06-03T14:37:40+0530 lvl=dbug msg=close id=d1b19a820fad err=nil
t=2026-06-03T14:37:40+0530 lvl=dbug msg=close obj=tunnels.session obj=csess id=6c675a7035d1 clientid=7b31d0ea5646d09e1d2ee4f665dc47ac id=01ba931eda50 type=proxy sess=7b31d0ea5646d09e1d2ee4f665dc47ac err=nil
t=2026-06-03T14:37:40+0530 lvl=dbug msg=close id=ef184f5fe93a typ=proxy err=nil
t=2026-06-03T14:37:40+0530 lvl=dbug msg=close obj=tunnels.session obj=csess id=6c675a7035d1 clientid=7b31d0ea5646d09e1d2ee4f665dc47ac id=01ba931eda50 type=proxy sess=7b31d0ea5646d09e1d2ee4f665dc47ac err=nil
t=2026-06-03T14:37:40+0530 lvl=dbug msg=close id=ef184f5fe93a typ=proxy err=nil
t=2026-06-03T14:37:40+0530 lvl=dbug msg=close obj=tunnels.session obj=csess id=6c675a7035d1 clientid=7b31d0ea5646d09e1d2ee4f665dc47ac id=01ba931eda50 type=proxy sess=7b31d0ea5646d09e1d2ee4f665dc47ac err=nil
t=2026-06-03T14:37:40+0530 lvl=dbug msg=close id=ef184f5fe93a typ=proxy err=nil
t=2026-06-03T14:37:40+0530 lvl=dbug msg="waiting for update" obj=consoleui
t=2026-06-03T14:37:40+0530 lvl=dbug msg="waiting for update" obj=consoleui
t=2026-06-03T14:37:40+0530 lvl=dbug msg="half join complete" obj=join id=ab48da53b551 from=[::1]:3000 to=171.48.2.44:60222 nbytes=1829 err=nil
t=2026-06-03T14:37:40+0530 lvl=dbug msg="half join complete" obj=join id=ab48da53b551 from=171.48.2.44:60222 to=[::1]:3000 nbytes=1762 err=nil
t=2026-06-03T14:37:40+0530 lvl=dbug msg=close obj=tunnels.session obj=csess id=6c675a7035d1 clientid=7b31d0ea5646d09e1d2ee4f665dc47ac id=12349b4c7fa8 type=proxy sess=7b31d0ea5646d09e1d2ee4f665dc47ac err=nil
t=2026-06-03T14:37:40+0530 lvl=dbug msg=close id=45786134a6d3 typ=proxy err=nil
t=2026-06-03T14:37:40+0530 lvl=dbug msg=close id=7c75046d37d5 err=nil
t=2026-06-03T14:37:40+0530 lvl=dbug msg=http.ReadRequest id=45786134a6d3 typ=proxy err=EOF
t=2026-06-03T14:37:40+0530 lvl=dbug msg=http.ReadResponse id=45786134a6d3 typ=proxy err="unexpected EOF"
t=2026-06-03T14:37:40+0530 lvl=dbug msg=close obj=tunnels.session obj=csess id=6c675a7035d1 clientid=7b31d0ea5646d09e1d2ee4f665dc47ac id=12349b4c7fa8 type=proxy sess=7b31d0ea5646d09e1d2ee4f665dc47ac err=nil
t=2026-06-03T14:37:40+0530 lvl=dbug msg=close id=45786134a6d3 typ=proxy err=nil
t=2026-06-03T14:37:40+0530 lvl=dbug msg=close id=7c75046d37d5 err=nil
t=2026-06-03T14:37:40+0530 lvl=dbug msg=close obj=tunnels.session obj=csess id=6c675a7035d1 clientid=7b31d0ea5646d09e1d2ee4f665dc47ac id=12349b4c7fa8 type=proxy sess=7b31d0ea5646d09e1d2ee4f665dc47ac err=nil
t=2026-06-03T14:37:40+0530 lvl=dbug msg=close id=45786134a6d3 typ=proxy err=nil
t=2026-06-03T14:37:40+0530 lvl=dbug msg=close obj=tunnels.session obj=csess id=6c675a7035d1 clientid=7b31d0ea5646d09e1d2ee4f665dc47ac id=12349b4c7fa8 type=proxy sess=7b31d0ea5646d09e1d2ee4f665dc47ac err=nil
t=2026-06-03T14:37:40+0530 lvl=dbug msg=close id=45786134a6d3 typ=proxy err=nil
t=2026-06-03T14:37:40+0530 lvl=dbug msg=close obj=tunnels.session obj=csess id=6c675a7035d1 clientid=7b31d0ea5646d09e1d2ee4f665dc47ac id=12349b4c7fa8 type=proxy sess=7b31d0ea5646d09e1d2ee4f665dc47ac err=nil
t=2026-06-03T14:37:40+0530 lvl=dbug msg=close id=45786134a6d3 typ=proxy err=nil
t=2026-06-03T14:37:40+0530 lvl=dbug msg="waiting for update" obj=consoleui
t=2026-06-03T14:37:41+0530 lvl=dbug msg="heartbeat received" obj=tunnels.session obj=csess id=6c675a7035d1 clientid=7b31d0ea5646d09e1d2ee4f665dc47ac latency_ms=189
t=2026-06-03T14:37:41+0530 lvl=dbug msg="waiting for update" obj=consoleui
t=2026-06-03T14:37:42+0530 lvl=dbug msg="waiting for update" obj=consoleui
t=2026-06-03T14:37:43+0530 lvl=dbug msg="waiting for update" obj=consoleui
t=2026-06-03T14:37:44+0530 lvl=dbug msg="waiting for update" obj=consoleui
t=2026-06-03T14:37:45+0530 lvl=dbug msg="waiting for update" obj=consoleui
t=2026-06-03T14:37:46+0530 lvl=dbug msg="waiting for update" obj=consoleui
t=2026-06-03T14:37:47+0530 lvl=dbug msg="waiting for update" obj=consoleui
t=2026-06-03T14:37:48+0530 lvl=dbug msg="waiting for update" obj=consoleui
t=2026-06-03T14:37:49+0530 lvl=dbug msg="waiting for update" obj=consoleui
t=2026-06-03T14:37:50+0530 lvl=dbug msg="waiting for update" obj=consoleui
t=2026-06-03T14:37:51+0530 lvl=dbug msg="heartbeat received" obj=tunnels.session obj=csess id=6c675a7035d1 clientid=7b31d0ea5646d09e1d2ee4f665dc47ac latency_ms=95
t=2026-06-03T14:37:51+0530 lvl=dbug msg="waiting for update" obj=consoleui
t=2026-06-03T14:37:52+0530 lvl=dbug msg="waiting for update" obj=consoleui
t=2026-06-03T14:37:53+0530 lvl=dbug msg="waiting for update" obj=consoleui
t=2026-06-03T14:37:54+0530 lvl=dbug msg="waiting for update" obj=consoleui
t=2026-06-03T14:37:55+0530 lvl=dbug msg="waiting for update" obj=consoleui
t=2026-06-03T14:37:56+0530 lvl=dbug msg="waiting for update" obj=consoleui
t=2026-06-03T14:37:57+0530 lvl=dbug msg="waiting for update" obj=consoleui
t=2026-06-03T14:37:58+0530 lvl=dbug msg="waiting for update" obj=consoleui
t=2026-06-03T14:37:59+0530 lvl=dbug msg="tunnel Accept" obj=tunnels.session obj=csess id=6c675a7035d1 clientid=7b31d0ea5646d09e1d2ee4f665dc47ac reqType=3 remoteAddr=13.127.105.236:443
t=2026-06-03T14:37:59+0530 lvl=dbug msg="waiting for update" obj=consoleui
t=2026-06-03T14:37:59+0530 lvl=dbug msg="dial private connection" id=82b3a8f6e7a0 addr=localhost:3000 err=nil
t=2026-06-03T14:37:59+0530 lvl=dbug msg="joining tunnel conn to backend" id=82b3a8f6e7a0 header="{ID:45531bfe77b61f34a2ebdeb8dcdfff6c ClientAddr:171.48.2.44:64630 Proto:https EdgeType:0 PassthroughTLS:false}"
t=2026-06-03T14:37:59+0530 lvl=info msg="join connections" obj=join id=66e20d0b89b8 l=[::1]:3000 r=171.48.2.44:64630
t=2026-06-03T14:37:59+0530 lvl=dbug msg="got request" id=c78e5958c2b1 typ=proxy path=/sign-in
t=2026-06-03T14:37:59+0530 lvl=dbug msg="add entry" obj=storage entrysz=226 sz=4575555
t=2026-06-03T14:37:59+0530 lvl=dbug msg="add entry" obj=storage entrysz=226 sz=4575555
t=2026-06-03T14:37:59+0530 lvl=dbug msg="waiting for update" obj=consoleui
t=2026-06-03T14:37:59+0530 lvl=dbug msg="waiting for update" obj=consoleui
t=2026-06-03T14:37:59+0530 lvl=dbug msg="got response for request" id=c78e5958c2b1 typ=proxy reqpath=/sign-in
t=2026-06-03T14:37:59+0530 lvl=dbug msg="add entry" obj=storage entrysz=621 sz=4575555
t=2026-06-03T14:37:59+0530 lvl=dbug msg="add entry" obj=storage entrysz=621 sz=4575555
t=2026-06-03T14:37:59+0530 lvl=dbug msg="waiting for update" obj=consoleui
t=2026-06-03T14:37:59+0530 lvl=dbug msg="waiting for update" obj=consoleui
t=2026-06-03T14:37:59+0530 lvl=dbug msg="waiting for update" obj=consoleui
t=2026-06-03T14:37:59+0530 lvl=dbug msg="waiting for update" obj=consoleui
t=2026-06-03T14:38:00+0530 lvl=dbug msg="waiting for update" obj=consoleui
t=2026-06-03T14:38:01+0530 lvl=dbug msg="heartbeat received" obj=tunnels.session obj=csess id=6c675a7035d1 clientid=7b31d0ea5646d09e1d2ee4f665dc47ac latency_ms=205
t=2026-06-03T14:38:01+0530 lvl=dbug msg="waiting for update" obj=consoleui
t=2026-06-03T14:38:02+0530 lvl=dbug msg="waiting for update" obj=consoleui
t=2026-06-03T14:38:03+0530 lvl=dbug msg="waiting for update" obj=consoleui
t=2026-06-03T14:38:04+0530 lvl=dbug msg="waiting for update" obj=consoleui
t=2026-06-03T14:38:05+0530 lvl=dbug msg="half join complete" obj=join id=66e20d0b89b8 from=[::1]:3000 to=171.48.2.44:64630 nbytes=395 err=nil
t=2026-06-03T14:38:05+0530 lvl=dbug msg="half join complete" obj=join id=66e20d0b89b8 from=171.48.2.44:64630 to=[::1]:3000 nbytes=226 err=nil
t=2026-06-03T14:38:05+0530 lvl=dbug msg=http.ReadRequest id=c78e5958c2b1 typ=proxy err=EOF
t=2026-06-03T14:38:05+0530 lvl=dbug msg=close obj=tunnels.session obj=csess id=6c675a7035d1 clientid=7b31d0ea5646d09e1d2ee4f665dc47ac id=a9b0320dae2d type=proxy sess=7b31d0ea5646d09e1d2ee4f665dc47ac err=nil
t=2026-06-03T14:38:05+0530 lvl=dbug msg=close id=c78e5958c2b1 typ=proxy err=nil
t=2026-06-03T14:38:05+0530 lvl=dbug msg=close obj=tunnels.session obj=csess id=6c675a7035d1 clientid=7b31d0ea5646d09e1d2ee4f665dc47ac id=a9b0320dae2d type=proxy sess=7b31d0ea5646d09e1d2ee4f665dc47ac err=nil
t=2026-06-03T14:38:05+0530 lvl=dbug msg=close id=c78e5958c2b1 typ=proxy err=nil
t=2026-06-03T14:38:05+0530 lvl=dbug msg=close id=82b3a8f6e7a0 err=nil
t=2026-06-03T14:38:05+0530 lvl=dbug msg=close id=82b3a8f6e7a0 err=nil
t=2026-06-03T14:38:05+0530 lvl=dbug msg=http.ReadResponse id=c78e5958c2b1 typ=proxy err="unexpected EOF"
t=2026-06-03T14:38:05+0530 lvl=dbug msg=close obj=tunnels.session obj=csess id=6c675a7035d1 clientid=7b31d0ea5646d09e1d2ee4f665dc47ac id=a9b0320dae2d type=proxy sess=7b31d0ea5646d09e1d2ee4f665dc47ac err=nil
t=2026-06-03T14:38:05+0530 lvl=dbug msg=close id=c78e5958c2b1 typ=proxy err=nil
t=2026-06-03T14:38:05+0530 lvl=dbug msg=close obj=tunnels.session obj=csess id=6c675a7035d1 clientid=7b31d0ea5646d09e1d2ee4f665dc47ac id=a9b0320dae2d type=proxy sess=7b31d0ea5646d09e1d2ee4f665dc47ac err=nil
t=2026-06-03T14:38:05+0530 lvl=dbug msg=close id=c78e5958c2b1 typ=proxy err=nil
t=2026-06-03T14:38:05+0530 lvl=dbug msg=close obj=tunnels.session obj=csess id=6c675a7035d1 clientid=7b31d0ea5646d09e1d2ee4f665dc47ac id=a9b0320dae2d type=proxy sess=7b31d0ea5646d09e1d2ee4f665dc47ac err=nil
t=2026-06-03T14:38:05+0530 lvl=dbug msg=close id=c78e5958c2b1 typ=proxy err=nil
t=2026-06-03T14:38:05+0530 lvl=dbug msg="waiting for update" obj=consoleui
t=2026-06-03T14:38:05+0530 lvl=dbug msg="waiting for update" obj=consoleui
t=2026-06-03T14:38:06+0530 lvl=dbug msg="waiting for update" obj=consoleui
t=2026-06-03T14:38:07+0530 lvl=dbug msg="waiting for update" obj=consoleui
t=2026-06-03T14:38:08+0530 lvl=dbug msg="waiting for update" obj=consoleui
t=2026-06-03T14:38:09+0530 lvl=dbug msg="waiting for update" obj=consoleui
t=2026-06-03T14:38:10+0530 lvl=dbug msg="waiting for update" obj=consoleui
t=2026-06-03T14:38:11+0530 lvl=dbug msg="heartbeat received" obj=tunnels.session obj=csess id=6c675a7035d1 clientid=7b31d0ea5646d09e1d2ee4f665dc47ac latency_ms=162
t=2026-06-03T14:38:11+0530 lvl=dbug msg="waiting for update" obj=consoleui
t=2026-06-03T14:38:12+0530 lvl=dbug msg="waiting for update" obj=consoleui
t=2026-06-03T14:38:13+0530 lvl=dbug msg="waiting for update" obj=consoleui
t=2026-06-03T14:38:14+0530 lvl=dbug msg="waiting for update" obj=consoleui
t=2026-06-03T14:38:15+0530 lvl=dbug msg="waiting for update" obj=consoleui
t=2026-06-03T14:38:16+0530 lvl=dbug msg="waiting for update" obj=consoleui
t=2026-06-03T14:38:17+0530 lvl=dbug msg="waiting for update" obj=consoleui
t=2026-06-03T14:38:18+0530 lvl=dbug msg="waiting for update" obj=consoleui
t=2026-06-03T14:38:19+0530 lvl=dbug msg="waiting for update" obj=consoleui
t=2026-06-03T14:38:20+0530 lvl=dbug msg="waiting for update" obj=consoleui
t=2026-06-03T14:38:21+0530 lvl=dbug msg="heartbeat received" obj=tunnels.session obj=csess id=6c675a7035d1 clientid=7b31d0ea5646d09e1d2ee4f665dc47ac latency_ms=101
t=2026-06-03T14:38:21+0530 lvl=dbug msg="waiting for update" obj=consoleui
t=2026-06-03T14:38:22+0530 lvl=dbug msg="waiting for update" obj=consoleui
t=2026-06-03T14:38:23+0530 lvl=dbug msg="waiting for update" obj=consoleui
t=2026-06-03T14:38:24+0530 lvl=dbug msg="waiting for update" obj=consoleui
t=2026-06-03T14:38:25+0530 lvl=dbug msg="waiting for update" obj=consoleui
t=2026-06-03T14:38:26+0530 lvl=dbug msg="waiting for update" obj=consoleui
t=2026-06-03T14:38:27+0530 lvl=dbug msg="waiting for update" obj=consoleui
t=2026-06-03T14:38:28+0530 lvl=dbug msg="waiting for update" obj=consoleui
t=2026-06-03T14:38:29+0530 lvl=dbug msg="waiting for update" obj=consoleui
t=2026-06-03T14:38:30+0530 lvl=dbug msg="waiting for update" obj=consoleui
t=2026-06-03T14:38:31+0530 lvl=dbug msg="heartbeat received" obj=tunnels.session obj=csess id=6c675a7035d1 clientid=7b31d0ea5646d09e1d2ee4f665dc47ac latency_ms=148
t=2026-06-03T14:38:31+0530 lvl=dbug msg="waiting for update" obj=consoleui
t=2026-06-03T14:38:32+0530 lvl=dbug msg="waiting for update" obj=consoleui
t=2026-06-03T14:38:33+0530 lvl=dbug msg="waiting for update" obj=consoleui
t=2026-06-03T14:38:34+0530 lvl=dbug msg="waiting for update" obj=consoleui
t=2026-06-03T14:38:35+0530 lvl=dbug msg="waiting for update" obj=consoleui
t=2026-06-03T14:38:36+0530 lvl=dbug msg="waiting for update" obj=consoleui
t=2026-06-03T14:38:37+0530 lvl=dbug msg="waiting for update" obj=consoleui
t=2026-06-03T14:38:38+0530 lvl=dbug msg="waiting for update" obj=consoleui
t=2026-06-03T14:38:39+0530 lvl=dbug msg="waiting for update" obj=consoleui
t=2026-06-03T14:38:40+0530 lvl=dbug msg="waiting for update" obj=consoleui
t=2026-06-03T14:38:41+0530 lvl=dbug msg="waiting for update" obj=consoleui
t=2026-06-03T14:38:42+0530 lvl=dbug msg="heartbeat received" obj=tunnels.session obj=csess id=6c675a7035d1 clientid=7b31d0ea5646d09e1d2ee4f665dc47ac latency_ms=978
t=2026-06-03T14:38:42+0530 lvl=dbug msg="waiting for update" obj=consoleui
t=2026-06-03T14:38:43+0530 lvl=dbug msg="waiting for update" obj=consoleui
t=2026-06-03T14:38:44+0530 lvl=dbug msg="waiting for update" obj=consoleui
t=2026-06-03T14:38:45+0530 lvl=dbug msg="tunnel Accept" obj=tunnels.session obj=csess id=6c675a7035d1 clientid=7b31d0ea5646d09e1d2ee4f665dc47ac reqType=3 remoteAddr=13.127.105.236:443
t=2026-06-03T14:38:45+0530 lvl=dbug msg="dial private connection" id=51ab8d395e09 addr=localhost:3000 err=nil
t=2026-06-03T14:38:45+0530 lvl=dbug msg="joining tunnel conn to backend" id=51ab8d395e09 header="{ID:45531bfe77b61f34a2ebdeb8dcdfff6c ClientAddr:171.48.2.44:60222 Proto:https EdgeType:0 PassthroughTLS:false}"
t=2026-06-03T14:38:45+0530 lvl=info msg="join connections" obj=join id=4717f8e261ff l=[::1]:3000 r=171.48.2.44:60222
t=2026-06-03T14:38:45+0530 lvl=dbug msg="got request" id=6e6965051e42 typ=proxy path=/dashboard/projects/k5789ppk594hk0852ag58rapq987wvy9
t=2026-06-03T14:38:45+0530 lvl=dbug msg="add entry" obj=storage entrysz=2186 sz=4576176
t=2026-06-03T14:38:45+0530 lvl=dbug msg="add entry" obj=storage entrysz=2186 sz=4576176
t=2026-06-03T14:38:45+0530 lvl=dbug msg="waiting for update" obj=consoleui
t=2026-06-03T14:38:45+0530 lvl=dbug msg="waiting for update" obj=consoleui
t=2026-06-03T14:38:45+0530 lvl=dbug msg="waiting for update" obj=consoleui
t=2026-06-03T14:38:45+0530 lvl=dbug msg="waiting for update" obj=consoleui
t=2026-06-03T14:38:46+0530 lvl=dbug msg="waiting for update" obj=consoleui
t=2026-06-03T14:38:47+0530 lvl=dbug msg="waiting for update" obj=consoleui
t=2026-06-03T14:38:48+0530 lvl=dbug msg="waiting for update" obj=consoleui
t=2026-06-03T14:38:49+0530 lvl=dbug msg="got response for request" id=6e6965051e42 typ=proxy reqpath=/dashboard/projects/k5789ppk594hk0852ag58rapq987wvy9
t=2026-06-03T14:38:49+0530 lvl=dbug msg="add entry" obj=storage entrysz=2519 sz=4576176
t=2026-06-03T14:38:49+0530 lvl=dbug msg="waiting for update" obj=consoleui
t=2026-06-03T14:38:49+0530 lvl=dbug msg="add entry" obj=storage entrysz=4216 sz=4576176
t=2026-06-03T14:38:49+0530 lvl=dbug msg="gzip decode"
t=2026-06-03T14:38:49+0530 lvl=dbug msg="waiting for update" obj=consoleui
t=2026-06-03T14:38:49+0530 lvl=dbug msg="waiting for update" obj=consoleui
t=2026-06-03T14:38:49+0530 lvl=dbug msg="waiting for update" obj=consoleui
t=2026-06-03T14:38:49+0530 lvl=dbug msg="got request" id=6e6965051e42 typ=proxy path=/dashboard/projects/k5789ppk594hk0852ag58rapq987wvy9
t=2026-06-03T14:38:49+0530 lvl=dbug msg="add entry" obj=storage entrysz=2186 sz=4580392
t=2026-06-03T14:38:49+0530 lvl=dbug msg="add entry" obj=storage entrysz=2186 sz=4580392
t=2026-06-03T14:38:49+0530 lvl=dbug msg="waiting for update" obj=consoleui
t=2026-06-03T14:38:49+0530 lvl=dbug msg="waiting for update" obj=consoleui
t=2026-06-03T14:38:49+0530 lvl=dbug msg="tunnel Accept" obj=tunnels.session obj=csess id=6c675a7035d1 clientid=7b31d0ea5646d09e1d2ee4f665dc47ac reqType=3 remoteAddr=13.127.105.236:443
t=2026-06-03T14:38:49+0530 lvl=dbug msg="dial private connection" id=1ef52e66cfad addr=localhost:3000 err=nil
t=2026-06-03T14:38:49+0530 lvl=dbug msg="joining tunnel conn to backend" id=1ef52e66cfad header="{ID:45531bfe77b61f34a2ebdeb8dcdfff6c ClientAddr:171.48.2.44:60222 Proto:https EdgeType:0 PassthroughTLS:false}"
t=2026-06-03T14:38:49+0530 lvl=info msg="join connections" obj=join id=18c58cadcf21 l=[::1]:3000 r=171.48.2.44:60222
t=2026-06-03T14:38:49+0530 lvl=dbug msg="got request" id=30224dccbf53 typ=proxy path=/_next/static/chunks/app/dashboard/projects/[projectId]/page.js
t=2026-06-03T14:38:49+0530 lvl=dbug msg="add entry" obj=storage entrysz=1632 sz=4582578
t=2026-06-03T14:38:49+0530 lvl=dbug msg="add entry" obj=storage entrysz=1632 sz=4582578
t=2026-06-03T14:38:49+0530 lvl=dbug msg="waiting for update" obj=consoleui
t=2026-06-03T14:38:49+0530 lvl=dbug msg="waiting for update" obj=consoleui
t=2026-06-03T14:38:49+0530 lvl=dbug msg="got response for request" id=30224dccbf53 typ=proxy reqpath=/_next/static/chunks/app/dashboard/projects/[projectId]/page.js
t=2026-06-03T14:38:49+0530 lvl=dbug msg="add entry" obj=storage entrysz=2003 sz=4582578
t=2026-06-03T14:38:49+0530 lvl=dbug msg="waiting for update" obj=consoleui
t=2026-06-03T14:38:49+0530 lvl=dbug msg="waiting for update" obj=consoleui
t=2026-06-03T14:38:50+0530 lvl=dbug msg="got response for request" id=6e6965051e42 typ=proxy reqpath=/dashboard/projects/k5789ppk594hk0852ag58rapq987wvy9
t=2026-06-03T14:38:50+0530 lvl=dbug msg="add entry" obj=storage entrysz=2519 sz=4582395
t=2026-06-03T14:38:50+0530 lvl=dbug msg="add entry" obj=storage entrysz=4222 sz=4582395
t=2026-06-03T14:38:50+0530 lvl=dbug msg="gzip decode"
t=2026-06-03T14:38:50+0530 lvl=dbug msg="waiting for update" obj=consoleui
t=2026-06-03T14:38:50+0530 lvl=dbug msg="waiting for update" obj=consoleui
t=2026-06-03T14:38:50+0530 lvl=dbug msg="waiting for update" obj=consoleui
t=2026-06-03T14:38:50+0530 lvl=dbug msg="waiting for update" obj=consoleui
t=2026-06-03T14:38:51+0530 lvl=dbug msg="waiting for update" obj=consoleui
t=2026-06-03T14:38:51+0530 lvl=dbug msg="got request" id=6e6965051e42 typ=proxy path=/dashboard/projects/k5789ppk594hk0852ag58rapq987wvy9
t=2026-06-03T14:38:51+0530 lvl=dbug msg="add entry" obj=storage entrysz=2186 sz=4586617
t=2026-06-03T14:38:51+0530 lvl=dbug msg="add entry" obj=storage entrysz=2186 sz=4586617
t=2026-06-03T14:38:51+0530 lvl=dbug msg="waiting for update" obj=consoleui
t=2026-06-03T14:38:51+0530 lvl=dbug msg="waiting for update" obj=consoleui
t=2026-06-03T14:38:52+0530 lvl=dbug msg="heartbeat received" obj=tunnels.session obj=csess id=6c675a7035d1 clientid=7b31d0ea5646d09e1d2ee4f665dc47ac latency_ms=1037
t=2026-06-03T14:38:52+0530 lvl=dbug msg="add entry" obj=storage entrysz=609387 sz=4586800
t=2026-06-03T14:38:52+0530 lvl=dbug msg="gzip decode"
t=2026-06-03T14:38:52+0530 lvl=dbug msg="waiting for update" obj=consoleui
t=2026-06-03T14:38:52+0530 lvl=dbug msg="waiting for update" obj=consoleui
t=2026-06-03T14:38:52+0530 lvl=dbug msg="got response for request" id=6e6965051e42 typ=proxy reqpath=/dashboard/projects/k5789ppk594hk0852ag58rapq987wvy9
t=2026-06-03T14:38:52+0530 lvl=dbug msg="add entry" obj=storage entrysz=2519 sz=5194001
t=2026-06-03T14:38:52+0530 lvl=dbug msg="waiting for update" obj=consoleui
t=2026-06-03T14:38:52+0530 lvl=dbug msg="add entry" obj=storage entrysz=4218 sz=5194001
t=2026-06-03T14:38:52+0530 lvl=dbug msg="gzip decode"
t=2026-06-03T14:38:52+0530 lvl=dbug msg="waiting for update" obj=consoleui
t=2026-06-03T14:38:52+0530 lvl=dbug msg="waiting for update" obj=consoleui
t=2026-06-03T14:38:52+0530 lvl=dbug msg="waiting for update" obj=consoleui
t=2026-06-03T14:38:53+0530 lvl=dbug msg="got request" id=30224dccbf53 typ=proxy path=/dashboard/projects/k5789ppk594hk0852ag58rapq987wvy9
t=2026-06-03T14:38:53+0530 lvl=dbug msg="add entry" obj=storage entrysz=2186 sz=5198219
t=2026-06-03T14:38:53+0530 lvl=dbug msg="add entry" obj=storage entrysz=2186 sz=5198219
t=2026-06-03T14:38:53+0530 lvl=dbug msg="waiting for update" obj=consoleui
t=2026-06-03T14:38:53+0530 lvl=dbug msg="waiting for update" obj=consoleui
t=2026-06-03T14:38:53+0530 lvl=dbug msg="waiting for update" obj=consoleui
t=2026-06-03T14:38:53+0530 lvl=dbug msg="got response for request" id=30224dccbf53 typ=proxy reqpath=/dashboard/projects/k5789ppk594hk0852ag58rapq987wvy9
t=2026-06-03T14:38:53+0530 lvl=dbug msg="add entry" obj=storage entrysz=2519 sz=5198219
t=2026-06-03T14:38:53+0530 lvl=dbug msg="waiting for update" obj=consoleui
t=2026-06-03T14:38:53+0530 lvl=dbug msg="add entry" obj=storage entrysz=4218 sz=5198219
t=2026-06-03T14:38:53+0530 lvl=dbug msg="gzip decode"
t=2026-06-03T14:38:53+0530 lvl=dbug msg="waiting for update" obj=consoleui
t=2026-06-03T14:38:53+0530 lvl=dbug msg="waiting for update" obj=consoleui
t=2026-06-03T14:38:54+0530 lvl=dbug msg="got request" id=30224dccbf53 typ=proxy path=/favicon.ico
t=2026-06-03T14:38:54+0530 lvl=dbug msg="add entry" obj=storage entrysz=1643 sz=5202437
t=2026-06-03T14:38:54+0530 lvl=dbug msg="add entry" obj=storage entrysz=1643 sz=5202437
t=2026-06-03T14:38:54+0530 lvl=dbug msg="waiting for update" obj=consoleui
t=2026-06-03T14:38:54+0530 lvl=dbug msg="waiting for update" obj=consoleui
t=2026-06-03T14:38:54+0530 lvl=dbug msg="waiting for update" obj=consoleui
t=2026-06-03T14:38:54+0530 lvl=dbug msg="got response for request" id=30224dccbf53 typ=proxy reqpath=/favicon.ico
t=2026-06-03T14:38:54+0530 lvl=dbug msg="add entry" obj=storage entrysz=1940 sz=5202437
t=2026-06-03T14:38:54+0530 lvl=dbug msg="add entry" obj=storage entrysz=27884 sz=5202437
t=2026-06-03T14:38:54+0530 lvl=dbug msg="waiting for update" obj=consoleui
t=2026-06-03T14:38:54+0530 lvl=dbug msg="waiting for update" obj=consoleui
t=2026-06-03T14:38:54+0530 lvl=dbug msg="waiting for update" obj=consoleui
t=2026-06-03T14:38:55+0530 lvl=dbug msg="waiting for update" obj=consoleui
t=2026-06-03T14:38:56+0530 lvl=dbug msg="waiting for update" obj=consoleui
t=2026-06-03T14:38:57+0530 lvl=dbug msg="waiting for update" obj=consoleui
t=2026-06-03T14:38:58+0530 lvl=dbug msg="half join complete" obj=join id=4717f8e261ff from=[::1]:3000 to=171.48.2.44:60222 nbytes=6098 err=nil
t=2026-06-03T14:38:58+0530 lvl=dbug msg=close obj=tunnels.session obj=csess id=6c675a7035d1 clientid=7b31d0ea5646d09e1d2ee4f665dc47ac id=6d3bee0853f7 type=proxy sess=7b31d0ea5646d09e1d2ee4f665dc47ac err=nil
t=2026-06-03T14:38:58+0530 lvl=dbug msg=close id=6e6965051e42 typ=proxy err=nil
t=2026-06-03T14:38:58+0530 lvl=dbug msg=close id=51ab8d395e09 err=nil
t=2026-06-03T14:38:58+0530 lvl=dbug msg=http.ReadRequest id=6e6965051e42 typ=proxy err=EOF
t=2026-06-03T14:38:58+0530 lvl=dbug msg=http.ReadResponse id=6e6965051e42 typ=proxy err="unexpected EOF"
t=2026-06-03T14:38:58+0530 lvl=dbug msg="half join complete" obj=join id=4717f8e261ff from=171.48.2.44:60222 to=[::1]:3000 nbytes=6558 err="readfrom tcp [::1]:63603->[::1]:3000: stream closed"
t=2026-06-03T14:38:58+0530 lvl=dbug msg=close obj=tunnels.session obj=csess id=6c675a7035d1 clientid=7b31d0ea5646d09e1d2ee4f665dc47ac id=6d3bee0853f7 type=proxy sess=7b31d0ea5646d09e1d2ee4f665dc47ac err=nil
t=2026-06-03T14:38:58+0530 lvl=dbug msg=close id=6e6965051e42 typ=proxy err=nil
t=2026-06-03T14:38:58+0530 lvl=dbug msg=close id=51ab8d395e09 err=nil
t=2026-06-03T14:38:58+0530 lvl=dbug msg=close obj=tunnels.session obj=csess id=6c675a7035d1 clientid=7b31d0ea5646d09e1d2ee4f665dc47ac id=6d3bee0853f7 type=proxy sess=7b31d0ea5646d09e1d2ee4f665dc47ac err=nil
t=2026-06-03T14:38:58+0530 lvl=dbug msg=close id=6e6965051e42 typ=proxy err=nil
t=2026-06-03T14:38:58+0530 lvl=dbug msg=close obj=tunnels.session obj=csess id=6c675a7035d1 clientid=7b31d0ea5646d09e1d2ee4f665dc47ac id=6d3bee0853f7 type=proxy sess=7b31d0ea5646d09e1d2ee4f665dc47ac err=nil
t=2026-06-03T14:38:58+0530 lvl=dbug msg=close id=6e6965051e42 typ=proxy err=nil
t=2026-06-03T14:38:58+0530 lvl=dbug msg=close obj=tunnels.session obj=csess id=6c675a7035d1 clientid=7b31d0ea5646d09e1d2ee4f665dc47ac id=6d3bee0853f7 type=proxy sess=7b31d0ea5646d09e1d2ee4f665dc47ac err=nil
t=2026-06-03T14:38:58+0530 lvl=dbug msg=close id=6e6965051e42 typ=proxy err=nil
t=2026-06-03T14:38:58+0530 lvl=dbug msg="waiting for update" obj=consoleui
t=2026-06-03T14:38:58+0530 lvl=dbug msg="waiting for update" obj=consoleui
t=2026-06-03T14:38:59+0530 lvl=dbug msg="waiting for update" obj=consoleui
t=2026-06-03T14:39:00+0530 lvl=dbug msg="waiting for update" obj=consoleui
t=2026-06-03T14:39:00+0530 lvl=dbug msg="half join complete" obj=join id=18c58cadcf21 from=[::1]:3000 to=171.48.2.44:60222 nbytes=636028 err=nil
t=2026-06-03T14:39:00+0530 lvl=dbug msg=close obj=tunnels.session obj=csess id=6c675a7035d1 clientid=7b31d0ea5646d09e1d2ee4f665dc47ac id=9c1a573de436 type=proxy sess=7b31d0ea5646d09e1d2ee4f665dc47ac err=nil
t=2026-06-03T14:39:00+0530 lvl=dbug msg=close id=30224dccbf53 typ=proxy err=nil
t=2026-06-03T14:39:00+0530 lvl=dbug msg=close id=1ef52e66cfad err=nil
t=2026-06-03T14:39:00+0530 lvl=dbug msg=http.ReadRequest id=30224dccbf53 typ=proxy err=EOF
t=2026-06-03T14:39:00+0530 lvl=dbug msg=http.ReadResponse id=30224dccbf53 typ=proxy err="unexpected EOF"
t=2026-06-03T14:39:00+0530 lvl=dbug msg="half join complete" obj=join id=18c58cadcf21 from=171.48.2.44:60222 to=[::1]:3000 nbytes=5461 err="readfrom tcp [::1]:63605->[::1]:3000: stream closed"
t=2026-06-03T14:39:00+0530 lvl=dbug msg=close obj=tunnels.session obj=csess id=6c675a7035d1 clientid=7b31d0ea5646d09e1d2ee4f665dc47ac id=9c1a573de436 type=proxy sess=7b31d0ea5646d09e1d2ee4f665dc47ac err=nil
t=2026-06-03T14:39:00+0530 lvl=dbug msg=close id=30224dccbf53 typ=proxy err=nil
t=2026-06-03T14:39:00+0530 lvl=dbug msg=close id=1ef52e66cfad err=nil
t=2026-06-03T14:39:00+0530 lvl=dbug msg=close obj=tunnels.session obj=csess id=6c675a7035d1 clientid=7b31d0ea5646d09e1d2ee4f665dc47ac id=9c1a573de436 type=proxy sess=7b31d0ea5646d09e1d2ee4f665dc47ac err=nil
t=2026-06-03T14:39:00+0530 lvl=dbug msg=close id=30224dccbf53 typ=proxy err=nil
t=2026-06-03T14:39:00+0530 lvl=dbug msg=close obj=tunnels.session obj=csess id=6c675a7035d1 clientid=7b31d0ea5646d09e1d2ee4f665dc47ac id=9c1a573de436 type=proxy sess=7b31d0ea5646d09e1d2ee4f665dc47ac err=nil
t=2026-06-03T14:39:00+0530 lvl=dbug msg=close id=30224dccbf53 typ=proxy err=nil
t=2026-06-03T14:39:00+0530 lvl=dbug msg=close obj=tunnels.session obj=csess id=6c675a7035d1 clientid=7b31d0ea5646d09e1d2ee4f665dc47ac id=9c1a573de436 type=proxy sess=7b31d0ea5646d09e1d2ee4f665dc47ac err=nil
t=2026-06-03T14:39:00+0530 lvl=dbug msg=close id=30224dccbf53 typ=proxy err=nil
t=2026-06-03T14:39:00+0530 lvl=dbug msg="waiting for update" obj=consoleui
t=2026-06-03T14:39:01+0530 lvl=dbug msg="heartbeat received" obj=tunnels.session obj=csess id=6c675a7035d1 clientid=7b31d0ea5646d09e1d2ee4f665dc47ac latency_ms=133
t=2026-06-03T14:39:01+0530 lvl=dbug msg="waiting for update" obj=consoleui
t=2026-06-03T14:39:02+0530 lvl=dbug msg="waiting for update" obj=consoleui
t=2026-06-03T14:39:03+0530 lvl=dbug msg="waiting for update" obj=consoleui
t=2026-06-03T14:39:04+0530 lvl=dbug msg="waiting for update" obj=consoleui
t=2026-06-03T14:39:05+0530 lvl=dbug msg="waiting for update" obj=consoleui
t=2026-06-03T14:39:06+0530 lvl=dbug msg="waiting for update" obj=consoleui
t=2026-06-03T14:39:07+0530 lvl=dbug msg="waiting for update" obj=consoleui
t=2026-06-03T14:39:08+0530 lvl=dbug msg="waiting for update" obj=consoleui
t=2026-06-03T14:39:09+0530 lvl=dbug msg="waiting for update" obj=consoleui
t=2026-06-03T14:39:10+0530 lvl=dbug msg="waiting for update" obj=consoleui
t=2026-06-03T14:39:11+0530 lvl=dbug msg="heartbeat received" obj=tunnels.session obj=csess id=6c675a7035d1 clientid=7b31d0ea5646d09e1d2ee4f665dc47ac latency_ms=186
t=2026-06-03T14:39:11+0530 lvl=dbug msg="waiting for update" obj=consoleui
t=2026-06-03T14:39:12+0530 lvl=dbug msg="waiting for update" obj=consoleui
t=2026-06-03T14:39:13+0530 lvl=dbug msg="waiting for update" obj=consoleui
t=2026-06-03T14:39:14+0530 lvl=dbug msg="waiting for update" obj=consoleui
t=2026-06-03T14:39:15+0530 lvl=dbug msg="waiting for update" obj=consoleui
t=2026-06-03T14:39:16+0530 lvl=dbug msg="waiting for update" obj=consoleui
t=2026-06-03T14:39:17+0530 lvl=dbug msg="waiting for update" obj=consoleui
t=2026-06-03T14:39:18+0530 lvl=dbug msg="waiting for update" obj=consoleui
t=2026-06-03T14:39:19+0530 lvl=dbug msg="waiting for update" obj=consoleui
t=2026-06-03T14:39:20+0530 lvl=dbug msg="waiting for update" obj=consoleui
t=2026-06-03T14:39:21+0530 lvl=dbug msg="waiting for update" obj=consoleui
t=2026-06-03T14:39:22+0530 lvl=dbug msg="heartbeat received" obj=tunnels.session obj=csess id=6c675a7035d1 clientid=7b31d0ea5646d09e1d2ee4f665dc47ac latency_ms=1092
t=2026-06-03T14:39:22+0530 lvl=dbug msg="waiting for update" obj=consoleui
t=2026-06-03T14:39:23+0530 lvl=dbug msg="waiting for update" obj=consoleui
t=2026-06-03T14:39:24+0530 lvl=dbug msg="waiting for update" obj=consoleui
t=2026-06-03T14:39:25+0530 lvl=dbug msg="waiting for update" obj=consoleui
t=2026-06-03T14:39:26+0530 lvl=dbug msg="waiting for update" obj=consoleui
t=2026-06-03T14:39:27+0530 lvl=dbug msg="waiting for update" obj=consoleui
t=2026-06-03T14:39:28+0530 lvl=dbug msg="waiting for update" obj=consoleui
t=2026-06-03T14:39:29+0530 lvl=dbug msg="waiting for update" obj=consoleui
t=2026-06-03T14:39:30+0530 lvl=dbug msg="waiting for update" obj=consoleui
t=2026-06-03T14:39:31+0530 lvl=dbug msg="heartbeat received" obj=tunnels.session obj=csess id=6c675a7035d1 clientid=7b31d0ea5646d09e1d2ee4f665dc47ac latency_ms=127
t=2026-06-03T14:39:31+0530 lvl=dbug msg="waiting for update" obj=consoleui
t=2026-06-03T14:39:31+0530 lvl=dbug msg="tunnel Accept" obj=tunnels.session obj=csess id=6c675a7035d1 clientid=7b31d0ea5646d09e1d2ee4f665dc47ac reqType=3 remoteAddr=13.127.105.236:443
t=2026-06-03T14:39:31+0530 lvl=dbug msg="dial private connection" id=fdd292539021 addr=localhost:3000 err=nil
t=2026-06-03T14:39:31+0530 lvl=dbug msg="joining tunnel conn to backend" id=fdd292539021 header="{ID:45531bfe77b61f34a2ebdeb8dcdfff6c ClientAddr:171.48.2.44:60222 Proto:https EdgeType:0 PassthroughTLS:false}"
t=2026-06-03T14:39:31+0530 lvl=info msg="join connections" obj=join id=b92e5eb27bba l=[::1]:3000 r=171.48.2.44:60222
t=2026-06-03T14:39:31+0530 lvl=dbug msg="got request" id=c58721d1a586 typ=proxy path=/dashboard
t=2026-06-03T14:39:31+0530 lvl=dbug msg="add entry" obj=storage entrysz=2027 sz=5230321
t=2026-06-03T14:39:31+0530 lvl=dbug msg="add entry" obj=storage entrysz=2027 sz=5230321
t=2026-06-03T14:39:31+0530 lvl=dbug msg="waiting for update" obj=consoleui
t=2026-06-03T14:39:31+0530 lvl=dbug msg="waiting for update" obj=consoleui
t=2026-06-03T14:39:32+0530 lvl=dbug msg="waiting for update" obj=consoleui
t=2026-06-03T14:39:32+0530 lvl=dbug msg="waiting for update" obj=consoleui
t=2026-06-03T14:39:33+0530 lvl=dbug msg="waiting for update" obj=consoleui
t=2026-06-03T14:39:34+0530 lvl=dbug msg="waiting for update" obj=consoleui
t=2026-06-03T14:39:35+0530 lvl=dbug msg="waiting for update" obj=consoleui
t=2026-06-03T14:39:36+0530 lvl=dbug msg="waiting for update" obj=consoleui
t=2026-06-03T14:39:37+0530 lvl=dbug msg="waiting for update" obj=consoleui
t=2026-06-03T14:39:38+0530 lvl=dbug msg="waiting for update" obj=consoleui
t=2026-06-03T14:39:39+0530 lvl=dbug msg="waiting for update" obj=consoleui
t=2026-06-03T14:39:40+0530 lvl=dbug msg="waiting for update" obj=consoleui
t=2026-06-03T14:39:41+0530 lvl=dbug msg="heartbeat received" obj=tunnels.session obj=csess id=6c675a7035d1 clientid=7b31d0ea5646d09e1d2ee4f665dc47ac latency_ms=91
t=2026-06-03T14:39:41+0530 lvl=dbug msg="waiting for update" obj=consoleui
t=2026-06-03T14:39:42+0530 lvl=dbug msg="waiting for update" obj=consoleui
t=2026-06-03T14:39:43+0530 lvl=dbug msg="waiting for update" obj=consoleui
t=2026-06-03T14:39:43+0530 lvl=dbug msg="got response for request" id=c58721d1a586 typ=proxy reqpath=/dashboard
t=2026-06-03T14:39:43+0530 lvl=dbug msg="add entry" obj=storage entrysz=2360 sz=5230321
t=2026-06-03T14:39:43+0530 lvl=dbug msg="waiting for update" obj=consoleui
t=2026-06-03T14:39:43+0530 lvl=dbug msg="add entry" obj=storage entrysz=3962 sz=5230321
t=2026-06-03T14:39:43+0530 lvl=dbug msg="gzip decode"
t=2026-06-03T14:39:43+0530 lvl=dbug msg="waiting for update" obj=consoleui
t=2026-06-03T14:39:43+0530 lvl=dbug msg="waiting for update" obj=consoleui
t=2026-06-03T14:39:44+0530 lvl=dbug msg="tunnel Accept" obj=tunnels.session obj=csess id=6c675a7035d1 clientid=7b31d0ea5646d09e1d2ee4f665dc47ac reqType=3 remoteAddr=13.127.105.236:443
t=2026-06-03T14:39:44+0530 lvl=dbug msg="got request" id=c58721d1a586 typ=proxy path=/dashboard
t=2026-06-03T14:39:44+0530 lvl=dbug msg="add entry" obj=storage entrysz=2027 sz=5234283
t=2026-06-03T14:39:44+0530 lvl=dbug msg="add entry" obj=storage entrysz=2027 sz=5234283
t=2026-06-03T14:39:44+0530 lvl=dbug msg="waiting for update" obj=consoleui
t=2026-06-03T14:39:44+0530 lvl=dbug msg="waiting for update" obj=consoleui
t=2026-06-03T14:39:44+0530 lvl=dbug msg="dial private connection" id=15e3c27f5682 addr=localhost:3000 err=nil
t=2026-06-03T14:39:44+0530 lvl=dbug msg="joining tunnel conn to backend" id=15e3c27f5682 header="{ID:45531bfe77b61f34a2ebdeb8dcdfff6c ClientAddr:171.48.2.44:60222 Proto:https EdgeType:0 PassthroughTLS:false}"
t=2026-06-03T14:39:44+0530 lvl=info msg="join connections" obj=join id=e0f9d66f6531 l=[::1]:3000 r=171.48.2.44:60222
t=2026-06-03T14:39:44+0530 lvl=dbug msg="waiting for update" obj=consoleui
t=2026-06-03T14:39:44+0530 lvl=dbug msg="got request" id=abee01ccf846 typ=proxy path=/_next/static/chunks/app/dashboard/page.js
t=2026-06-03T14:39:44+0530 lvl=dbug msg="add entry" obj=storage entrysz=1595 sz=5236310
t=2026-06-03T14:39:44+0530 lvl=dbug msg="add entry" obj=storage entrysz=1595 sz=5236310
t=2026-06-03T14:39:44+0530 lvl=dbug msg="waiting for update" obj=consoleui
t=2026-06-03T14:39:44+0530 lvl=dbug msg="waiting for update" obj=consoleui
t=2026-06-03T14:39:44+0530 lvl=dbug msg="got response for request" id=abee01ccf846 typ=proxy reqpath=/_next/static/chunks/app/dashboard/page.js
t=2026-06-03T14:39:44+0530 lvl=dbug msg="add entry" obj=storage entrysz=1966 sz=5236310
t=2026-06-03T14:39:44+0530 lvl=dbug msg="waiting for update" obj=consoleui
t=2026-06-03T14:39:44+0530 lvl=dbug msg="waiting for update" obj=consoleui
t=2026-06-03T14:39:45+0530 lvl=dbug msg="got response for request" id=c58721d1a586 typ=proxy reqpath=/dashboard
t=2026-06-03T14:39:45+0530 lvl=dbug msg="add entry" obj=storage entrysz=2360 sz=5236249
t=2026-06-03T14:39:45+0530 lvl=dbug msg="waiting for update" obj=consoleui
t=2026-06-03T14:39:45+0530 lvl=dbug msg="add entry" obj=storage entrysz=3964 sz=5236249
t=2026-06-03T14:39:45+0530 lvl=dbug msg="gzip decode"
t=2026-06-03T14:39:45+0530 lvl=dbug msg="waiting for update" obj=consoleui
t=2026-06-03T14:39:45+0530 lvl=dbug msg="waiting for update" obj=consoleui
t=2026-06-03T14:39:45+0530 lvl=dbug msg="waiting for update" obj=consoleui
t=2026-06-03T14:39:46+0530 lvl=dbug msg="waiting for update" obj=consoleui
t=2026-06-03T14:39:47+0530 lvl=dbug msg="add entry" obj=storage entrysz=779135 sz=5238247
t=2026-06-03T14:39:47+0530 lvl=dbug msg="gzip decode"
t=2026-06-03T14:39:47+0530 lvl=dbug msg="waiting for update" obj=consoleui
t=2026-06-03T14:39:47+0530 lvl=dbug msg="waiting for update" obj=consoleui
t=2026-06-03T14:39:47+0530 lvl=dbug msg="waiting for update" obj=consoleui
t=2026-06-03T14:39:48+0530 lvl=dbug msg="got request" id=abee01ccf846 typ=proxy path=/favicon.ico
t=2026-06-03T14:39:48+0530 lvl=dbug msg="add entry" obj=storage entrysz=1601 sz=6017382
t=2026-06-03T14:39:48+0530 lvl=dbug msg="add entry" obj=storage entrysz=1601 sz=6017382
t=2026-06-03T14:39:48+0530 lvl=dbug msg="waiting for update" obj=consoleui
t=2026-06-03T14:39:48+0530 lvl=dbug msg="waiting for update" obj=consoleui
t=2026-06-03T14:39:48+0530 lvl=dbug msg="waiting for update" obj=consoleui
t=2026-06-03T14:39:48+0530 lvl=dbug msg="got response for request" id=abee01ccf846 typ=proxy reqpath=/favicon.ico
t=2026-06-03T14:39:48+0530 lvl=dbug msg="add entry" obj=storage entrysz=1898 sz=6017382
t=2026-06-03T14:39:48+0530 lvl=dbug msg="add entry" obj=storage entrysz=27842 sz=6017382
t=2026-06-03T14:39:48+0530 lvl=dbug msg="waiting for update" obj=consoleui
t=2026-06-03T14:39:48+0530 lvl=dbug msg="waiting for update" obj=consoleui
t=2026-06-03T14:39:49+0530 lvl=dbug msg="waiting for update" obj=consoleui
t=2026-06-03T14:39:49+0530 lvl=dbug msg="waiting for update" obj=consoleui
t=2026-06-03T14:39:50+0530 lvl=dbug msg="waiting for update" obj=consoleui
t=2026-06-03T14:39:51+0530 lvl=dbug msg="half join complete" obj=join id=b92e5eb27bba from=[::1]:3000 to=171.48.2.44:60222 nbytes=3872 err=nil
t=2026-06-03T14:39:51+0530 lvl=dbug msg=close obj=tunnels.session obj=csess id=6c675a7035d1 clientid=7b31d0ea5646d09e1d2ee4f665dc47ac id=c2fbef3b65ef type=proxy sess=7b31d0ea5646d09e1d2ee4f665dc47ac err=nil
t=2026-06-03T14:39:51+0530 lvl=dbug msg=close id=c58721d1a586 typ=proxy err=nil
t=2026-06-03T14:39:51+0530 lvl=dbug msg=close id=fdd292539021 err=nil
t=2026-06-03T14:39:51+0530 lvl=dbug msg=http.ReadRequest id=c58721d1a586 typ=proxy err=EOF
t=2026-06-03T14:39:51+0530 lvl=dbug msg="half join complete" obj=join id=b92e5eb27bba from=171.48.2.44:60222 to=[::1]:3000 nbytes=4054 err="readfrom tcp [::1]:63621->[::1]:3000: stream closed"
t=2026-06-03T14:39:51+0530 lvl=dbug msg=http.ReadResponse id=c58721d1a586 typ=proxy err="unexpected EOF"
t=2026-06-03T14:39:51+0530 lvl=dbug msg=close obj=tunnels.session obj=csess id=6c675a7035d1 clientid=7b31d0ea5646d09e1d2ee4f665dc47ac id=c2fbef3b65ef type=proxy sess=7b31d0ea5646d09e1d2ee4f665dc47ac err=nil
t=2026-06-03T14:39:51+0530 lvl=dbug msg=close id=c58721d1a586 typ=proxy err=nil
t=2026-06-03T14:39:51+0530 lvl=dbug msg=close id=fdd292539021 err=nil
t=2026-06-03T14:39:51+0530 lvl=dbug msg=close obj=tunnels.session obj=csess id=6c675a7035d1 clientid=7b31d0ea5646d09e1d2ee4f665dc47ac id=c2fbef3b65ef type=proxy sess=7b31d0ea5646d09e1d2ee4f665dc47ac err=nil
t=2026-06-03T14:39:51+0530 lvl=dbug msg=close id=c58721d1a586 typ=proxy err=nil
t=2026-06-03T14:39:51+0530 lvl=dbug msg=close obj=tunnels.session obj=csess id=6c675a7035d1 clientid=7b31d0ea5646d09e1d2ee4f665dc47ac id=c2fbef3b65ef type=proxy sess=7b31d0ea5646d09e1d2ee4f665dc47ac err=nil
t=2026-06-03T14:39:51+0530 lvl=dbug msg=close id=c58721d1a586 typ=proxy err=nil
t=2026-06-03T14:39:51+0530 lvl=dbug msg=close obj=tunnels.session obj=csess id=6c675a7035d1 clientid=7b31d0ea5646d09e1d2ee4f665dc47ac id=c2fbef3b65ef type=proxy sess=7b31d0ea5646d09e1d2ee4f665dc47ac err=nil
t=2026-06-03T14:39:51+0530 lvl=dbug msg=close id=c58721d1a586 typ=proxy err=nil
t=2026-06-03T14:39:51+0530 lvl=dbug msg="waiting for update" obj=consoleui
t=2026-06-03T14:39:51+0530 lvl=dbug msg="heartbeat received" obj=tunnels.session obj=csess id=6c675a7035d1 clientid=7b31d0ea5646d09e1d2ee4f665dc47ac latency_ms=95
t=2026-06-03T14:39:51+0530 lvl=dbug msg="waiting for update" obj=consoleui
t=2026-06-03T14:39:52+0530 lvl=dbug msg="waiting for update" obj=consoleui
t=2026-06-03T14:39:53+0530 lvl=dbug msg="waiting for update" obj=consoleui
t=2026-06-03T14:39:54+0530 lvl=dbug msg="waiting for update" obj=consoleui
t=2026-06-03T14:39:54+0530 lvl=dbug msg="half join complete" obj=join id=e0f9d66f6531 from=[::1]:3000 to=171.48.2.44:60222 nbytes=803781 err=nil
t=2026-06-03T14:39:54+0530 lvl=dbug msg="half join complete" obj=join id=e0f9d66f6531 from=171.48.2.44:60222 to=[::1]:3000 nbytes=3196 err=nil
t=2026-06-03T14:39:54+0530 lvl=dbug msg=close obj=tunnels.session obj=csess id=6c675a7035d1 clientid=7b31d0ea5646d09e1d2ee4f665dc47ac id=2cb6c183b952 type=proxy sess=7b31d0ea5646d09e1d2ee4f665dc47ac err=nil
t=2026-06-03T14:39:54+0530 lvl=dbug msg=close id=abee01ccf846 typ=proxy err=nil
t=2026-06-03T14:39:54+0530 lvl=dbug msg=close id=15e3c27f5682 err=nil
t=2026-06-03T14:39:54+0530 lvl=dbug msg=http.ReadRequest id=abee01ccf846 typ=proxy err=EOF
t=2026-06-03T14:39:54+0530 lvl=dbug msg=http.ReadResponse id=abee01ccf846 typ=proxy err="unexpected EOF"
t=2026-06-03T14:39:54+0530 lvl=dbug msg=close obj=tunnels.session obj=csess id=6c675a7035d1 clientid=7b31d0ea5646d09e1d2ee4f665dc47ac id=2cb6c183b952 type=proxy sess=7b31d0ea5646d09e1d2ee4f665dc47ac err=nil
t=2026-06-03T14:39:54+0530 lvl=dbug msg=close id=abee01ccf846 typ=proxy err=nil
t=2026-06-03T14:39:54+0530 lvl=dbug msg=close id=15e3c27f5682 err=nil
t=2026-06-03T14:39:54+0530 lvl=dbug msg=close obj=tunnels.session obj=csess id=6c675a7035d1 clientid=7b31d0ea5646d09e1d2ee4f665dc47ac id=2cb6c183b952 type=proxy sess=7b31d0ea5646d09e1d2ee4f665dc47ac err=nil
t=2026-06-03T14:39:54+0530 lvl=dbug msg=close id=abee01ccf846 typ=proxy err=nil
t=2026-06-03T14:39:54+0530 lvl=dbug msg=close obj=tunnels.session obj=csess id=6c675a7035d1 clientid=7b31d0ea5646d09e1d2ee4f665dc47ac id=2cb6c183b952 type=proxy sess=7b31d0ea5646d09e1d2ee4f665dc47ac err=nil
t=2026-06-03T14:39:54+0530 lvl=dbug msg=close id=abee01ccf846 typ=proxy err=nil
t=2026-06-03T14:39:54+0530 lvl=dbug msg=close obj=tunnels.session obj=csess id=6c675a7035d1 clientid=7b31d0ea5646d09e1d2ee4f665dc47ac id=2cb6c183b952 type=proxy sess=7b31d0ea5646d09e1d2ee4f665dc47ac err=nil
t=2026-06-03T14:39:54+0530 lvl=dbug msg=close id=abee01ccf846 typ=proxy err=nil
t=2026-06-03T14:39:55+0530 lvl=dbug msg="waiting for update" obj=consoleui
t=2026-06-03T14:39:55+0530 lvl=dbug msg="waiting for update" obj=consoleui
t=2026-06-03T14:39:56+0530 lvl=dbug msg="waiting for update" obj=consoleui
t=2026-06-03T14:39:57+0530 lvl=dbug msg="waiting for update" obj=consoleui
t=2026-06-03T14:39:58+0530 lvl=dbug msg="waiting for update" obj=consoleui
t=2026-06-03T14:39:59+0530 lvl=dbug msg="waiting for update" obj=consoleui
t=2026-06-03T14:40:00+0530 lvl=dbug msg="tunnel Accept" obj=tunnels.session obj=csess id=6c675a7035d1 clientid=7b31d0ea5646d09e1d2ee4f665dc47ac reqType=3 remoteAddr=13.127.105.236:443
t=2026-06-03T14:40:00+0530 lvl=dbug msg="dial private connection" id=070c62ed480d addr=localhost:3000 err=nil
t=2026-06-03T14:40:00+0530 lvl=dbug msg="joining tunnel conn to backend" id=070c62ed480d header="{ID:45531bfe77b61f34a2ebdeb8dcdfff6c ClientAddr:171.48.2.44:60222 Proto:https EdgeType:0 PassthroughTLS:false}"
t=2026-06-03T14:40:00+0530 lvl=info msg="join connections" obj=join id=e72e93df949f l=[::1]:3000 r=171.48.2.44:60222
t=2026-06-03T14:40:00+0530 lvl=dbug msg="got request" id=d12a8fe0f402 typ=proxy path=/dashboard/projects/k5789ppk594hk0852ag58rapq987wvy9
t=2026-06-03T14:40:00+0530 lvl=dbug msg="add entry" obj=storage entrysz=1837 sz=6045224
t=2026-06-03T14:40:00+0530 lvl=dbug msg="add entry" obj=storage entrysz=1837 sz=6045224
t=2026-06-03T14:40:00+0530 lvl=dbug msg="waiting for update" obj=consoleui
t=2026-06-03T14:40:00+0530 lvl=dbug msg="waiting for update" obj=consoleui
t=2026-06-03T14:40:00+0530 lvl=dbug msg="waiting for update" obj=consoleui
t=2026-06-03T14:40:00+0530 lvl=dbug msg="waiting for update" obj=consoleui
t=2026-06-03T14:40:01+0530 lvl=dbug msg="heartbeat received" obj=tunnels.session obj=csess id=6c675a7035d1 clientid=7b31d0ea5646d09e1d2ee4f665dc47ac latency_ms=125
t=2026-06-03T14:40:01+0530 lvl=dbug msg="waiting for update" obj=consoleui
t=2026-06-03T14:40:02+0530 lvl=dbug msg="waiting for update" obj=consoleui
t=2026-06-03T14:40:03+0530 lvl=dbug msg="waiting for update" obj=consoleui
t=2026-06-03T14:40:04+0530 lvl=dbug msg="waiting for update" obj=consoleui
t=2026-06-03T14:40:04+0530 lvl=dbug msg="got response for request" id=d12a8fe0f402 typ=proxy reqpath=/dashboard/projects/k5789ppk594hk0852ag58rapq987wvy9
t=2026-06-03T14:40:04+0530 lvl=dbug msg="add entry" obj=storage entrysz=2170 sz=6045224
t=2026-06-03T14:40:04+0530 lvl=dbug msg="waiting for update" obj=consoleui
t=2026-06-03T14:40:04+0530 lvl=dbug msg="add entry" obj=storage entrysz=4214 sz=6045224
t=2026-06-03T14:40:04+0530 lvl=dbug msg="gzip decode"
t=2026-06-03T14:40:04+0530 lvl=dbug msg="waiting for update" obj=consoleui
t=2026-06-03T14:40:04+0530 lvl=dbug msg="waiting for update" obj=consoleui
t=2026-06-03T14:40:05+0530 lvl=dbug msg="waiting for update" obj=consoleui
t=2026-06-03T14:40:06+0530 lvl=dbug msg="waiting for update" obj=consoleui
t=2026-06-03T14:40:07+0530 lvl=dbug msg="waiting for update" obj=consoleui
t=2026-06-03T14:40:08+0530 lvl=dbug msg="waiting for update" obj=consoleui
t=2026-06-03T14:40:09+0530 lvl=dbug msg="waiting for update" obj=consoleui
t=2026-06-03T14:40:10+0530 lvl=dbug msg="waiting for update" obj=consoleui
t=2026-06-03T14:40:10+0530 lvl=dbug msg="half join complete" obj=join id=e72e93df949f from=[::1]:3000 to=171.48.2.44:60222 nbytes=2377 err=nil
t=2026-06-03T14:40:10+0530 lvl=dbug msg="half join complete" obj=join id=e72e93df949f from=171.48.2.44:60222 to=[::1]:3000 nbytes=1837 err=nil
t=2026-06-03T14:40:10+0530 lvl=dbug msg=close obj=tunnels.session obj=csess id=6c675a7035d1 clientid=7b31d0ea5646d09e1d2ee4f665dc47ac id=38a782c7d544 type=proxy sess=7b31d0ea5646d09e1d2ee4f665dc47ac err=nil
t=2026-06-03T14:40:10+0530 lvl=dbug msg=close id=d12a8fe0f402 typ=proxy err=nil
t=2026-06-03T14:40:10+0530 lvl=dbug msg=close id=070c62ed480d err=nil
t=2026-06-03T14:40:10+0530 lvl=dbug msg=http.ReadRequest id=d12a8fe0f402 typ=proxy err=EOF
t=2026-06-03T14:40:10+0530 lvl=dbug msg=http.ReadResponse id=d12a8fe0f402 typ=proxy err="unexpected EOF"
t=2026-06-03T14:40:10+0530 lvl=dbug msg=close obj=tunnels.session obj=csess id=6c675a7035d1 clientid=7b31d0ea5646d09e1d2ee4f665dc47ac id=38a782c7d544 type=proxy sess=7b31d0ea5646d09e1d2ee4f665dc47ac err=nil
t=2026-06-03T14:40:10+0530 lvl=dbug msg=close id=d12a8fe0f402 typ=proxy err=nil
t=2026-06-03T14:40:10+0530 lvl=dbug msg=close id=070c62ed480d err=nil
t=2026-06-03T14:40:10+0530 lvl=dbug msg=close obj=tunnels.session obj=csess id=6c675a7035d1 clientid=7b31d0ea5646d09e1d2ee4f665dc47ac id=38a782c7d544 type=proxy sess=7b31d0ea5646d09e1d2ee4f665dc47ac err=nil
t=2026-06-03T14:40:10+0530 lvl=dbug msg=close id=d12a8fe0f402 typ=proxy err=nil
t=2026-06-03T14:40:10+0530 lvl=dbug msg=close obj=tunnels.session obj=csess id=6c675a7035d1 clientid=7b31d0ea5646d09e1d2ee4f665dc47ac id=38a782c7d544 type=proxy sess=7b31d0ea5646d09e1d2ee4f665dc47ac err=nil
t=2026-06-03T14:40:10+0530 lvl=dbug msg=close id=d12a8fe0f402 typ=proxy err=nil
t=2026-06-03T14:40:10+0530 lvl=dbug msg=close obj=tunnels.session obj=csess id=6c675a7035d1 clientid=7b31d0ea5646d09e1d2ee4f665dc47ac id=38a782c7d544 type=proxy sess=7b31d0ea5646d09e1d2ee4f665dc47ac err=nil
t=2026-06-03T14:40:10+0530 lvl=dbug msg=close id=d12a8fe0f402 typ=proxy err=nil
t=2026-06-03T14:40:10+0530 lvl=dbug msg="waiting for update" obj=consoleui
t=2026-06-03T14:40:11+0530 lvl=dbug msg="heartbeat received" obj=tunnels.session obj=csess id=6c675a7035d1 clientid=7b31d0ea5646d09e1d2ee4f665dc47ac latency_ms=156
t=2026-06-03T14:40:11+0530 lvl=dbug msg="waiting for update" obj=consoleui
t=2026-06-03T14:40:12+0530 lvl=dbug msg="waiting for update" obj=consoleui
t=2026-06-03T14:40:13+0530 lvl=dbug msg="waiting for update" obj=consoleui
t=2026-06-03T14:40:14+0530 lvl=dbug msg="waiting for update" obj=consoleui
t=2026-06-03T14:40:15+0530 lvl=dbug msg="waiting for update" obj=consoleui
t=2026-06-03T14:40:16+0530 lvl=dbug msg="waiting for update" obj=consoleui
t=2026-06-03T14:40:17+0530 lvl=dbug msg="waiting for update" obj=consoleui
t=2026-06-03T14:40:18+0530 lvl=dbug msg="waiting for update" obj=consoleui
t=2026-06-03T14:40:19+0530 lvl=dbug msg="waiting for update" obj=consoleui
t=2026-06-03T14:40:20+0530 lvl=dbug msg="waiting for update" obj=consoleui
t=2026-06-03T14:40:21+0530 lvl=dbug msg="heartbeat received" obj=tunnels.session obj=csess id=6c675a7035d1 clientid=7b31d0ea5646d09e1d2ee4f665dc47ac latency_ms=103
t=2026-06-03T14:40:21+0530 lvl=dbug msg="waiting for update" obj=consoleui
t=2026-06-03T14:40:22+0530 lvl=dbug msg="waiting for update" obj=consoleui
t=2026-06-03T14:40:23+0530 lvl=dbug msg="waiting for update" obj=consoleui
t=2026-06-03T14:40:24+0530 lvl=dbug msg="waiting for update" obj=consoleui
t=2026-06-03T14:40:25+0530 lvl=dbug msg="waiting for update" obj=consoleui
t=2026-06-03T14:40:26+0530 lvl=dbug msg="waiting for update" obj=consoleui
t=2026-06-03T14:40:27+0530 lvl=dbug msg="waiting for update" obj=consoleui
t=2026-06-03T14:40:28+0530 lvl=dbug msg="waiting for update" obj=consoleui
t=2026-06-03T14:40:29+0530 lvl=dbug msg="waiting for update" obj=consoleui
t=2026-06-03T14:40:30+0530 lvl=dbug msg="waiting for update" obj=consoleui
t=2026-06-03T14:40:31+0530 lvl=dbug msg="heartbeat received" obj=tunnels.session obj=csess id=6c675a7035d1 clientid=7b31d0ea5646d09e1d2ee4f665dc47ac latency_ms=146
t=2026-06-03T14:40:31+0530 lvl=dbug msg="waiting for update" obj=consoleui
t=2026-06-03T14:40:32+0530 lvl=dbug msg="waiting for update" obj=consoleui
t=2026-06-03T14:40:33+0530 lvl=dbug msg="waiting for update" obj=consoleui
t=2026-06-03T14:40:34+0530 lvl=dbug msg="waiting for update" obj=consoleui
t=2026-06-03T14:40:35+0530 lvl=dbug msg="waiting for update" obj=consoleui
t=2026-06-03T14:40:36+0530 lvl=dbug msg="waiting for update" obj=consoleui
t=2026-06-03T14:40:37+0530 lvl=dbug msg="waiting for update" obj=consoleui
t=2026-06-03T14:40:38+0530 lvl=dbug msg="waiting for update" obj=consoleui
t=2026-06-03T14:40:39+0530 lvl=dbug msg="waiting for update" obj=consoleui
t=2026-06-03T14:40:40+0530 lvl=dbug msg="waiting for update" obj=consoleui
t=2026-06-03T14:40:41+0530 lvl=dbug msg="heartbeat received" obj=tunnels.session obj=csess id=6c675a7035d1 clientid=7b31d0ea5646d09e1d2ee4f665dc47ac latency_ms=63
t=2026-06-03T14:40:41+0530 lvl=dbug msg="waiting for update" obj=consoleui
t=2026-06-03T14:40:42+0530 lvl=dbug msg="waiting for update" obj=consoleui
t=2026-06-03T14:40:43+0530 lvl=dbug msg="waiting for update" obj=consoleui
t=2026-06-03T14:40:44+0530 lvl=dbug msg="waiting for update" obj=consoleui
t=2026-06-03T14:40:45+0530 lvl=dbug msg="waiting for update" obj=consoleui
t=2026-06-03T14:40:46+0530 lvl=dbug msg="waiting for update" obj=consoleui
t=2026-06-03T14:40:47+0530 lvl=dbug msg="waiting for update" obj=consoleui
t=2026-06-03T14:40:48+0530 lvl=dbug msg="waiting for update" obj=consoleui
t=2026-06-03T14:40:49+0530 lvl=dbug msg="waiting for update" obj=consoleui
t=2026-06-03T14:40:50+0530 lvl=dbug msg="waiting for update" obj=consoleui
t=2026-06-03T14:40:51+0530 lvl=dbug msg="heartbeat received" obj=tunnels.session obj=csess id=6c675a7035d1 clientid=7b31d0ea5646d09e1d2ee4f665dc47ac latency_ms=101
t=2026-06-03T14:40:51+0530 lvl=dbug msg="waiting for update" obj=consoleui
t=2026-06-03T14:40:52+0530 lvl=dbug msg="waiting for update" obj=consoleui
t=2026-06-03T14:40:53+0530 lvl=dbug msg="waiting for update" obj=consoleui
t=2026-06-03T14:40:54+0530 lvl=dbug msg="waiting for update" obj=consoleui
t=2026-06-03T14:40:55+0530 lvl=dbug msg="waiting for update" obj=consoleui
t=2026-06-03T14:40:56+0530 lvl=dbug msg="waiting for update" obj=consoleui
t=2026-06-03T14:40:57+0530 lvl=dbug msg="waiting for update" obj=consoleui
t=2026-06-03T14:40:58+0530 lvl=dbug msg="waiting for update" obj=consoleui
t=2026-06-03T14:40:59+0530 lvl=dbug msg="waiting for update" obj=consoleui
t=2026-06-03T14:41:00+0530 lvl=dbug msg="waiting for update" obj=consoleui
t=2026-06-03T14:41:01+0530 lvl=dbug msg="heartbeat received" obj=tunnels.session obj=csess id=6c675a7035d1 clientid=7b31d0ea5646d09e1d2ee4f665dc47ac latency_ms=137
t=2026-06-03T14:41:01+0530 lvl=dbug msg="waiting for update" obj=consoleui
t=2026-06-03T14:41:02+0530 lvl=dbug msg="waiting for update" obj=consoleui
t=2026-06-03T14:41:03+0530 lvl=dbug msg="waiting for update" obj=consoleui
t=2026-06-03T14:41:04+0530 lvl=dbug msg="waiting for update" obj=consoleui
t=2026-06-03T14:41:05+0530 lvl=dbug msg="waiting for update" obj=consoleui
t=2026-06-03T14:41:06+0530 lvl=dbug msg="waiting for update" obj=consoleui
t=2026-06-03T14:41:07+0530 lvl=dbug msg="waiting for update" obj=consoleui
t=2026-06-03T14:41:08+0530 lvl=dbug msg="waiting for update" obj=consoleui
t=2026-06-03T14:41:09+0530 lvl=dbug msg="waiting for update" obj=consoleui
t=2026-06-03T14:41:10+0530 lvl=dbug msg="waiting for update" obj=consoleui
t=2026-06-03T14:41:11+0530 lvl=dbug msg="heartbeat received" obj=tunnels.session obj=csess id=6c675a7035d1 clientid=7b31d0ea5646d09e1d2ee4f665dc47ac latency_ms=152
t=2026-06-03T14:41:11+0530 lvl=dbug msg="waiting for update" obj=consoleui
t=2026-06-03T14:41:12+0530 lvl=dbug msg="waiting for update" obj=consoleui
t=2026-06-03T14:41:13+0530 lvl=dbug msg="waiting for update" obj=consoleui
t=2026-06-03T14:41:14+0530 lvl=dbug msg="waiting for update" obj=consoleui
t=2026-06-03T14:41:15+0530 lvl=dbug msg="waiting for update" obj=consoleui
t=2026-06-03T14:41:16+0530 lvl=dbug msg="waiting for update" obj=consoleui
t=2026-06-03T14:41:17+0530 lvl=dbug msg="waiting for update" obj=consoleui
t=2026-06-03T14:41:18+0530 lvl=dbug msg="waiting for update" obj=consoleui
t=2026-06-03T14:41:18+0530 lvl=dbug msg="tunnel Accept" obj=tunnels.session obj=csess id=6c675a7035d1 clientid=7b31d0ea5646d09e1d2ee4f665dc47ac reqType=3 remoteAddr=13.127.105.236:443
t=2026-06-03T14:41:19+0530 lvl=dbug msg="waiting for update" obj=consoleui
t=2026-06-03T14:41:19+0530 lvl=dbug msg="dial private connection" id=0b8afa0460a9 addr=localhost:3000 err=nil
t=2026-06-03T14:41:19+0530 lvl=dbug msg="joining tunnel conn to backend" id=0b8afa0460a9 header="{ID:45531bfe77b61f34a2ebdeb8dcdfff6c ClientAddr:171.48.2.44:60222 Proto:https EdgeType:0 PassthroughTLS:false}"
t=2026-06-03T14:41:19+0530 lvl=info msg="join connections" obj=join id=d026a1f134d8 l=[::1]:3000 r=171.48.2.44:60222
t=2026-06-03T14:41:19+0530 lvl=dbug msg="got request" id=22a7e48e9427 typ=proxy path=/dashboard/projects/k5789ppk594hk0852ag58rapq987wvy9/style-guide
t=2026-06-03T14:41:19+0530 lvl=dbug msg="add entry" obj=storage entrysz=2111 sz=6049438
t=2026-06-03T14:41:19+0530 lvl=dbug msg="add entry" obj=storage entrysz=2111 sz=6049438
t=2026-06-03T14:41:19+0530 lvl=dbug msg="waiting for update" obj=consoleui
t=2026-06-03T14:41:19+0530 lvl=dbug msg="waiting for update" obj=consoleui
t=2026-06-03T14:41:19+0530 lvl=dbug msg="waiting for update" obj=consoleui
t=2026-06-03T14:41:20+0530 lvl=dbug msg="waiting for update" obj=consoleui
t=2026-06-03T14:41:21+0530 lvl=dbug msg="heartbeat received" obj=tunnels.session obj=csess id=6c675a7035d1 clientid=7b31d0ea5646d09e1d2ee4f665dc47ac latency_ms=194
t=2026-06-03T14:41:21+0530 lvl=dbug msg="waiting for update" obj=consoleui
t=2026-06-03T14:41:22+0530 lvl=dbug msg="tunnel Accept" obj=tunnels.session obj=csess id=6c675a7035d1 clientid=7b31d0ea5646d09e1d2ee4f665dc47ac reqType=3 remoteAddr=13.127.105.236:443
t=2026-06-03T14:41:22+0530 lvl=dbug msg="dial private connection" id=63819a96c8fd addr=localhost:3000 err=nil
t=2026-06-03T14:41:22+0530 lvl=dbug msg="joining tunnel conn to backend" id=63819a96c8fd header="{ID:45531bfe77b61f34a2ebdeb8dcdfff6c ClientAddr:171.48.2.44:57221 Proto:https EdgeType:0 PassthroughTLS:false}"
t=2026-06-03T14:41:22+0530 lvl=info msg="join connections" obj=join id=f82a435c3ea9 l=[::1]:3000 r=171.48.2.44:57221
t=2026-06-03T14:41:22+0530 lvl=dbug msg="got request" id=94a439c2c7c6 typ=proxy path=/sign-in
t=2026-06-03T14:41:22+0530 lvl=dbug msg="add entry" obj=storage entrysz=226 sz=6051549
t=2026-06-03T14:41:22+0530 lvl=dbug msg="add entry" obj=storage entrysz=226 sz=6051549
t=2026-06-03T14:41:22+0530 lvl=dbug msg="waiting for update" obj=consoleui
t=2026-06-03T14:41:22+0530 lvl=dbug msg="waiting for update" obj=consoleui
t=2026-06-03T14:41:22+0530 lvl=dbug msg="waiting for update" obj=consoleui
t=2026-06-03T14:41:22+0530 lvl=dbug msg="waiting for update" obj=consoleui
t=2026-06-03T14:41:22+0530 lvl=dbug msg="got response for request" id=94a439c2c7c6 typ=proxy reqpath=/sign-in
t=2026-06-03T14:41:22+0530 lvl=dbug msg="add entry" obj=storage entrysz=621 sz=6051549
t=2026-06-03T14:41:22+0530 lvl=dbug msg="add entry" obj=storage entrysz=621 sz=6051549
t=2026-06-03T14:41:22+0530 lvl=dbug msg="waiting for update" obj=consoleui
t=2026-06-03T14:41:22+0530 lvl=dbug msg="waiting for update" obj=consoleui
t=2026-06-03T14:41:22+0530 lvl=dbug msg="waiting for update" obj=consoleui
t=2026-06-03T14:41:22+0530 lvl=dbug msg="got response for request" id=22a7e48e9427 typ=proxy reqpath=/dashboard/projects/k5789ppk594hk0852ag58rapq987wvy9/style-guide
t=2026-06-03T14:41:22+0530 lvl=dbug msg="add entry" obj=storage entrysz=2444 sz=6050059
t=2026-06-03T14:41:22+0530 lvl=dbug msg="waiting for update" obj=consoleui
t=2026-06-03T14:41:22+0530 lvl=dbug msg="add entry" obj=storage entrysz=4462 sz=6050059
t=2026-06-03T14:41:22+0530 lvl=dbug msg="gzip decode"
t=2026-06-03T14:41:22+0530 lvl=dbug msg="waiting for update" obj=consoleui
t=2026-06-03T14:41:22+0530 lvl=dbug msg="waiting for update" obj=consoleui
t=2026-06-03T14:41:23+0530 lvl=dbug msg="waiting for update" obj=consoleui
t=2026-06-03T14:41:24+0530 lvl=dbug msg="waiting for update" obj=consoleui
t=2026-06-03T14:41:25+0530 lvl=dbug msg="waiting for update" obj=consoleui
t=2026-06-03T14:41:26+0530 lvl=dbug msg="waiting for update" obj=consoleui
t=2026-06-03T14:41:27+0530 lvl=dbug msg="waiting for update" obj=consoleui
t=2026-06-03T14:41:28+0530 lvl=dbug msg="waiting for update" obj=consoleui
t=2026-06-03T14:41:28+0530 lvl=dbug msg="half join complete" obj=join id=f82a435c3ea9 from=[::1]:3000 to=171.48.2.44:57221 nbytes=395 err=nil
t=2026-06-03T14:41:28+0530 lvl=dbug msg=close obj=tunnels.session obj=csess id=6c675a7035d1 clientid=7b31d0ea5646d09e1d2ee4f665dc47ac id=0f29659eac7a type=proxy sess=7b31d0ea5646d09e1d2ee4f665dc47ac err=nil
t=2026-06-03T14:41:28+0530 lvl=dbug msg=close id=94a439c2c7c6 typ=proxy err=nil
t=2026-06-03T14:41:28+0530 lvl=dbug msg=close id=63819a96c8fd err=nil
t=2026-06-03T14:41:28+0530 lvl=dbug msg=http.ReadRequest id=94a439c2c7c6 typ=proxy err=EOF
t=2026-06-03T14:41:28+0530 lvl=dbug msg=http.ReadResponse id=94a439c2c7c6 typ=proxy err="unexpected EOF"
t=2026-06-03T14:41:28+0530 lvl=dbug msg="half join complete" obj=join id=f82a435c3ea9 from=171.48.2.44:57221 to=[::1]:3000 nbytes=226 err="readfrom tcp [::1]:57222->[::1]:3000: stream closed"
t=2026-06-03T14:41:28+0530 lvl=dbug msg=close obj=tunnels.session obj=csess id=6c675a7035d1 clientid=7b31d0ea5646d09e1d2ee4f665dc47ac id=0f29659eac7a type=proxy sess=7b31d0ea5646d09e1d2ee4f665dc47ac err=nil
t=2026-06-03T14:41:28+0530 lvl=dbug msg=close id=94a439c2c7c6 typ=proxy err=nil
t=2026-06-03T14:41:28+0530 lvl=dbug msg=close id=63819a96c8fd err=nil
t=2026-06-03T14:41:28+0530 lvl=dbug msg=close obj=tunnels.session obj=csess id=6c675a7035d1 clientid=7b31d0ea5646d09e1d2ee4f665dc47ac id=0f29659eac7a type=proxy sess=7b31d0ea5646d09e1d2ee4f665dc47ac err=nil
t=2026-06-03T14:41:28+0530 lvl=dbug msg=close id=94a439c2c7c6 typ=proxy err=nil
t=2026-06-03T14:41:28+0530 lvl=dbug msg=close obj=tunnels.session obj=csess id=6c675a7035d1 clientid=7b31d0ea5646d09e1d2ee4f665dc47ac id=0f29659eac7a type=proxy sess=7b31d0ea5646d09e1d2ee4f665dc47ac err=nil
t=2026-06-03T14:41:28+0530 lvl=dbug msg=close id=94a439c2c7c6 typ=proxy err=nil
t=2026-06-03T14:41:28+0530 lvl=dbug msg=close obj=tunnels.session obj=csess id=6c675a7035d1 clientid=7b31d0ea5646d09e1d2ee4f665dc47ac id=0f29659eac7a type=proxy sess=7b31d0ea5646d09e1d2ee4f665dc47ac err=nil
t=2026-06-03T14:41:28+0530 lvl=dbug msg=close id=94a439c2c7c6 typ=proxy err=nil
t=2026-06-03T14:41:28+0530 lvl=dbug msg="waiting for update" obj=consoleui
t=2026-06-03T14:41:28+0530 lvl=dbug msg="half join complete" obj=join id=d026a1f134d8 from=[::1]:3000 to=171.48.2.44:60222 nbytes=2351 err=nil
t=2026-06-03T14:41:28+0530 lvl=dbug msg="half join complete" obj=join id=d026a1f134d8 from=171.48.2.44:60222 to=[::1]:3000 nbytes=2111 err=nil
t=2026-06-03T14:41:28+0530 lvl=dbug msg=close obj=tunnels.session obj=csess id=6c675a7035d1 clientid=7b31d0ea5646d09e1d2ee4f665dc47ac id=9d702d60bd15 type=proxy sess=7b31d0ea5646d09e1d2ee4f665dc47ac err=nil
t=2026-06-03T14:41:28+0530 lvl=dbug msg=close id=22a7e48e9427 typ=proxy err=nil
t=2026-06-03T14:41:28+0530 lvl=dbug msg=close id=0b8afa0460a9 err=nil
t=2026-06-03T14:41:28+0530 lvl=dbug msg=http.ReadRequest id=22a7e48e9427 typ=proxy err=EOF
t=2026-06-03T14:41:28+0530 lvl=dbug msg=http.ReadResponse id=22a7e48e9427 typ=proxy err="unexpected EOF"
t=2026-06-03T14:41:28+0530 lvl=dbug msg=close obj=tunnels.session obj=csess id=6c675a7035d1 clientid=7b31d0ea5646d09e1d2ee4f665dc47ac id=9d702d60bd15 type=proxy sess=7b31d0ea5646d09e1d2ee4f665dc47ac err=nil
t=2026-06-03T14:41:28+0530 lvl=dbug msg=close id=22a7e48e9427 typ=proxy err=nil
t=2026-06-03T14:41:28+0530 lvl=dbug msg=close id=0b8afa0460a9 err=nil
t=2026-06-03T14:41:28+0530 lvl=dbug msg=close obj=tunnels.session obj=csess id=6c675a7035d1 clientid=7b31d0ea5646d09e1d2ee4f665dc47ac id=9d702d60bd15 type=proxy sess=7b31d0ea5646d09e1d2ee4f665dc47ac err=nil
t=2026-06-03T14:41:28+0530 lvl=dbug msg=close id=22a7e48e9427 typ=proxy err=nil
t=2026-06-03T14:41:28+0530 lvl=dbug msg=close obj=tunnels.session obj=csess id=6c675a7035d1 clientid=7b31d0ea5646d09e1d2ee4f665dc47ac id=9d702d60bd15 type=proxy sess=7b31d0ea5646d09e1d2ee4f665dc47ac err=nil
t=2026-06-03T14:41:28+0530 lvl=dbug msg=close id=22a7e48e9427 typ=proxy err=nil
t=2026-06-03T14:41:28+0530 lvl=dbug msg=close obj=tunnels.session obj=csess id=6c675a7035d1 clientid=7b31d0ea5646d09e1d2ee4f665dc47ac id=9d702d60bd15 type=proxy sess=7b31d0ea5646d09e1d2ee4f665dc47ac err=nil
t=2026-06-03T14:41:28+0530 lvl=dbug msg=close id=22a7e48e9427 typ=proxy err=nil
t=2026-06-03T14:41:28+0530 lvl=dbug msg="waiting for update" obj=consoleui
t=2026-06-03T14:41:29+0530 lvl=dbug msg="waiting for update" obj=consoleui
t=2026-06-03T14:41:30+0530 lvl=dbug msg="waiting for update" obj=consoleui
t=2026-06-03T14:41:31+0530 lvl=dbug msg="waiting for update" obj=consoleui
t=2026-06-03T14:41:32+0530 lvl=dbug msg="heartbeat received" obj=tunnels.session obj=csess id=6c675a7035d1 clientid=7b31d0ea5646d09e1d2ee4f665dc47ac latency_ms=1035
t=2026-06-03T14:41:32+0530 lvl=dbug msg="waiting for update" obj=consoleui
t=2026-06-03T14:41:33+0530 lvl=dbug msg="waiting for update" obj=consoleui
t=2026-06-03T14:41:34+0530 lvl=dbug msg="waiting for update" obj=consoleui
t=2026-06-03T14:41:35+0530 lvl=dbug msg="waiting for update" obj=consoleui
t=2026-06-03T14:41:36+0530 lvl=dbug msg="waiting for update" obj=consoleui
t=2026-06-03T14:41:37+0530 lvl=dbug msg="waiting for update" obj=consoleui
t=2026-06-03T14:41:38+0530 lvl=dbug msg="waiting for update" obj=consoleui
t=2026-06-03T14:41:39+0530 lvl=dbug msg="waiting for update" obj=consoleui
t=2026-06-03T14:41:40+0530 lvl=dbug msg="waiting for update" obj=consoleui
t=2026-06-03T14:41:41+0530 lvl=dbug msg="heartbeat received" obj=tunnels.session obj=csess id=6c675a7035d1 clientid=7b31d0ea5646d09e1d2ee4f665dc47ac latency_ms=162
t=2026-06-03T14:41:41+0530 lvl=dbug msg="waiting for update" obj=consoleui
t=2026-06-03T14:41:42+0530 lvl=dbug msg="waiting for update" obj=consoleui
t=2026-06-03T14:41:43+0530 lvl=dbug msg="waiting for update" obj=consoleui
t=2026-06-03T14:41:44+0530 lvl=dbug msg="waiting for update" obj=consoleui
t=2026-06-03T14:41:45+0530 lvl=dbug msg="waiting for update" obj=consoleui
t=2026-06-03T14:41:46+0530 lvl=dbug msg="waiting for update" obj=consoleui
t=2026-06-03T14:41:47+0530 lvl=dbug msg="waiting for update" obj=consoleui
t=2026-06-03T14:41:48+0530 lvl=dbug msg="waiting for update" obj=consoleui
t=2026-06-03T14:41:49+0530 lvl=dbug msg="waiting for update" obj=consoleui
t=2026-06-03T14:41:50+0530 lvl=dbug msg="waiting for update" obj=consoleui
t=2026-06-03T14:41:51+0530 lvl=dbug msg="heartbeat received" obj=tunnels.session obj=csess id=6c675a7035d1 clientid=7b31d0ea5646d09e1d2ee4f665dc47ac latency_ms=105
t=2026-06-03T14:41:51+0530 lvl=dbug msg="waiting for update" obj=consoleui
t=2026-06-03T14:41:52+0530 lvl=dbug msg="waiting for update" obj=consoleui
t=2026-06-03T14:41:53+0530 lvl=dbug msg="waiting for update" obj=consoleui
t=2026-06-03T14:41:54+0530 lvl=dbug msg="waiting for update" obj=consoleui
t=2026-06-03T14:41:55+0530 lvl=dbug msg="waiting for update" obj=consoleui
t=2026-06-03T14:41:56+0530 lvl=dbug msg="waiting for update" obj=consoleui
t=2026-06-03T14:41:57+0530 lvl=dbug msg="waiting for update" obj=consoleui
t=2026-06-03T14:41:58+0530 lvl=dbug msg="tunnel Accept" obj=tunnels.session obj=csess id=6c675a7035d1 clientid=7b31d0ea5646d09e1d2ee4f665dc47ac reqType=3 remoteAddr=13.127.105.236:443
t=2026-06-03T14:41:58+0530 lvl=dbug msg="dial private connection" id=0a858e421c89 addr=localhost:3000 err=nil
t=2026-06-03T14:41:58+0530 lvl=dbug msg="joining tunnel conn to backend" id=0a858e421c89 header="{ID:45531bfe77b61f34a2ebdeb8dcdfff6c ClientAddr:171.48.2.44:60222 Proto:https EdgeType:0 PassthroughTLS:false}"
t=2026-06-03T14:41:58+0530 lvl=info msg="join connections" obj=join id=e3daa77ba517 l=[::1]:3000 r=171.48.2.44:60222
t=2026-06-03T14:41:58+0530 lvl=dbug msg="got request" id=d66d3b4bd3a4 typ=proxy path=/dashboard/projects/k5789ppk594hk0852ag58rapq987wvy9/style-guide
t=2026-06-03T14:41:58+0530 lvl=dbug msg="add entry" obj=storage entrysz=1888 sz=6054521
t=2026-06-03T14:41:58+0530 lvl=dbug msg="add entry" obj=storage entrysz=1888 sz=6054521
t=2026-06-03T14:41:58+0530 lvl=dbug msg="waiting for update" obj=consoleui
t=2026-06-03T14:41:58+0530 lvl=dbug msg="waiting for update" obj=consoleui
t=2026-06-03T14:41:58+0530 lvl=dbug msg="waiting for update" obj=consoleui
t=2026-06-03T14:41:58+0530 lvl=dbug msg="waiting for update" obj=consoleui
t=2026-06-03T14:41:59+0530 lvl=dbug msg="got response for request" id=d66d3b4bd3a4 typ=proxy reqpath=/dashboard/projects/k5789ppk594hk0852ag58rapq987wvy9/style-guide
t=2026-06-03T14:41:59+0530 lvl=dbug msg="add entry" obj=storage entrysz=2335 sz=6054521
t=2026-06-03T14:41:59+0530 lvl=dbug msg="waiting for update" obj=consoleui
t=2026-06-03T14:41:59+0530 lvl=dbug msg="add entry" obj=storage entrysz=9224 sz=6054521
t=2026-06-03T14:41:59+0530 lvl=dbug msg="gzip decode"
t=2026-06-03T14:41:59+0530 lvl=dbug msg="waiting for update" obj=consoleui
t=2026-06-03T14:41:59+0530 lvl=dbug msg="waiting for update" obj=consoleui
t=2026-06-03T14:41:59+0530 lvl=dbug msg="tunnel Accept" obj=tunnels.session obj=csess id=6c675a7035d1 clientid=7b31d0ea5646d09e1d2ee4f665dc47ac reqType=3 remoteAddr=13.127.105.236:443
t=2026-06-03T14:41:59+0530 lvl=dbug msg="tunnel Accept" obj=tunnels.session obj=csess id=6c675a7035d1 clientid=7b31d0ea5646d09e1d2ee4f665dc47ac reqType=3 remoteAddr=13.127.105.236:443
t=2026-06-03T14:41:59+0530 lvl=dbug msg="tunnel Accept" obj=tunnels.session obj=csess id=6c675a7035d1 clientid=7b31d0ea5646d09e1d2ee4f665dc47ac reqType=3 remoteAddr=13.127.105.236:443
t=2026-06-03T14:41:59+0530 lvl=dbug msg="tunnel Accept" obj=tunnels.session obj=csess id=6c675a7035d1 clientid=7b31d0ea5646d09e1d2ee4f665dc47ac reqType=3 remoteAddr=13.127.105.236:443
t=2026-06-03T14:41:59+0530 lvl=dbug msg="tunnel Accept" obj=tunnels.session obj=csess id=6c675a7035d1 clientid=7b31d0ea5646d09e1d2ee4f665dc47ac reqType=3 remoteAddr=13.127.105.236:443
t=2026-06-03T14:41:59+0530 lvl=dbug msg="tunnel Accept" obj=tunnels.session obj=csess id=6c675a7035d1 clientid=7b31d0ea5646d09e1d2ee4f665dc47ac reqType=3 remoteAddr=13.127.105.236:443
t=2026-06-03T14:41:59+0530 lvl=dbug msg="dial private connection" id=c4bff986e72a addr=localhost:3000 err=nil
t=2026-06-03T14:41:59+0530 lvl=dbug msg="joining tunnel conn to backend" id=c4bff986e72a header="{ID:45531bfe77b61f34a2ebdeb8dcdfff6c ClientAddr:171.48.2.44:60222 Proto:https EdgeType:0 PassthroughTLS:false}"
t=2026-06-03T14:41:59+0530 lvl=info msg="join connections" obj=join id=b54b018479a3 l=[::1]:3000 r=171.48.2.44:60222
t=2026-06-03T14:41:59+0530 lvl=dbug msg="dial private connection" id=a4aee7aba0a4 addr=localhost:3000 err=nil
t=2026-06-03T14:41:59+0530 lvl=dbug msg="joining tunnel conn to backend" id=a4aee7aba0a4 header="{ID:45531bfe77b61f34a2ebdeb8dcdfff6c ClientAddr:171.48.2.44:60222 Proto:https EdgeType:0 PassthroughTLS:false}"
t=2026-06-03T14:41:59+0530 lvl=info msg="join connections" obj=join id=c66ed489e3dc l=[::1]:3000 r=171.48.2.44:60222
t=2026-06-03T14:41:59+0530 lvl=dbug msg="dial private connection" id=f92d6d945dab addr=localhost:3000 err=nil
t=2026-06-03T14:41:59+0530 lvl=dbug msg="joining tunnel conn to backend" id=f92d6d945dab header="{ID:45531bfe77b61f34a2ebdeb8dcdfff6c ClientAddr:171.48.2.44:60222 Proto:https EdgeType:0 PassthroughTLS:false}"
t=2026-06-03T14:41:59+0530 lvl=info msg="join connections" obj=join id=26c284be602e l=[::1]:3000 r=171.48.2.44:60222
t=2026-06-03T14:41:59+0530 lvl=dbug msg="got request" id=53502806f0d5 typ=proxy path=/_next/static/chunks/app-pages-internals.js
t=2026-06-03T14:41:59+0530 lvl=dbug msg="add entry" obj=storage entrysz=1608 sz=6063745
t=2026-06-03T14:41:59+0530 lvl=dbug msg="add entry" obj=storage entrysz=1608 sz=6063745
t=2026-06-03T14:41:59+0530 lvl=dbug msg="got request" id=18e0661ced7d typ=proxy path=/_next/static/chunks/app/dashboard/projects/[projectId]/style-guide/page.js
t=2026-06-03T14:41:59+0530 lvl=dbug msg="add entry" obj=storage entrysz=1644 sz=6065353
t=2026-06-03T14:41:59+0530 lvl=dbug msg="add entry" obj=storage entrysz=1644 sz=6065353
t=2026-06-03T14:41:59+0530 lvl=dbug msg="dial private connection" id=f7419120a392 addr=localhost:3000 err=nil
t=2026-06-03T14:41:59+0530 lvl=dbug msg="joining tunnel conn to backend" id=f7419120a392 header="{ID:45531bfe77b61f34a2ebdeb8dcdfff6c ClientAddr:171.48.2.44:60222 Proto:https EdgeType:0 PassthroughTLS:false}"
t=2026-06-03T14:41:59+0530 lvl=info msg="join connections" obj=join id=dd93a02424fc l=[::1]:3000 r=171.48.2.44:60222
t=2026-06-03T14:41:59+0530 lvl=dbug msg="got request" id=909df2ff6934 typ=proxy path=/_next/static/chunks/app/layout.js
t=2026-06-03T14:41:59+0530 lvl=dbug msg="add entry" obj=storage entrysz=1599 sz=6066997
t=2026-06-03T14:41:59+0530 lvl=dbug msg="add entry" obj=storage entrysz=1599 sz=6066997
t=2026-06-03T14:41:59+0530 lvl=dbug msg="got request" id=0b4b50618179 typ=proxy path=/_next/static/chunks/main-app.js
t=2026-06-03T14:41:59+0530 lvl=dbug msg="add entry" obj=storage entrysz=1613 sz=6068596
t=2026-06-03T14:41:59+0530 lvl=dbug msg="add entry" obj=storage entrysz=1613 sz=6068596
t=2026-06-03T14:41:59+0530 lvl=dbug msg="dial private connection" id=daaf9e78d39b addr=localhost:3000 err=nil
t=2026-06-03T14:41:59+0530 lvl=dbug msg="joining tunnel conn to backend" id=daaf9e78d39b header="{ID:45531bfe77b61f34a2ebdeb8dcdfff6c ClientAddr:171.48.2.44:60222 Proto:https EdgeType:0 PassthroughTLS:false}"
t=2026-06-03T14:41:59+0530 lvl=info msg="join connections" obj=join id=c14f619536f4 l=[::1]:3000 r=171.48.2.44:60222
t=2026-06-03T14:41:59+0530 lvl=dbug msg="got request" id=8a947dc204f1 typ=proxy path=/_next/static/chunks/webpack.js
t=2026-06-03T14:41:59+0530 lvl=dbug msg="add entry" obj=storage entrysz=1612 sz=6070209
t=2026-06-03T14:41:59+0530 lvl=dbug msg="add entry" obj=storage entrysz=1612 sz=6070209
t=2026-06-03T14:41:59+0530 lvl=dbug msg="dial private connection" id=ae3fb404ef13 addr=localhost:3000 err=nil
t=2026-06-03T14:41:59+0530 lvl=dbug msg="joining tunnel conn to backend" id=ae3fb404ef13 header="{ID:45531bfe77b61f34a2ebdeb8dcdfff6c ClientAddr:171.48.2.44:60222 Proto:https EdgeType:0 PassthroughTLS:false}"
t=2026-06-03T14:41:59+0530 lvl=info msg="join connections" obj=join id=17f02e6302b9 l=[::1]:3000 r=171.48.2.44:60222
t=2026-06-03T14:41:59+0530 lvl=dbug msg="got request" id=0cedaa1be184 typ=proxy path=/_next/static/css/app/layout.css
t=2026-06-03T14:41:59+0530 lvl=dbug msg="add entry" obj=storage entrysz=1642 sz=6071821
t=2026-06-03T14:41:59+0530 lvl=dbug msg="add entry" obj=storage entrysz=1642 sz=6071821
t=2026-06-03T14:41:59+0530 lvl=dbug msg="waiting for update" obj=consoleui
t=2026-06-03T14:41:59+0530 lvl=dbug msg="waiting for update" obj=consoleui
t=2026-06-03T14:41:59+0530 lvl=dbug msg="waiting for update" obj=consoleui
t=2026-06-03T14:41:59+0530 lvl=dbug msg="waiting for update" obj=consoleui
t=2026-06-03T14:41:59+0530 lvl=dbug msg="got response for request" id=53502806f0d5 typ=proxy reqpath=/_next/static/chunks/app-pages-internals.js
t=2026-06-03T14:41:59+0530 lvl=dbug msg="add entry" obj=storage entrysz=1978 sz=6071855
t=2026-06-03T14:41:59+0530 lvl=dbug msg="waiting for update" obj=consoleui
t=2026-06-03T14:41:59+0530 lvl=dbug msg="got response for request" id=18e0661ced7d typ=proxy reqpath=/_next/static/chunks/app/dashboard/projects/[projectId]/style-guide/page.js
t=2026-06-03T14:41:59+0530 lvl=dbug msg="add entry" obj=storage entrysz=2015 sz=6072189
t=2026-06-03T14:41:59+0530 lvl=dbug msg="got response for request" id=909df2ff6934 typ=proxy reqpath=/_next/static/chunks/app/layout.js
t=2026-06-03T14:41:59+0530 lvl=dbug msg="add entry" obj=storage entrysz=1970 sz=6072605
t=2026-06-03T14:41:59+0530 lvl=dbug msg="got response for request" id=0b4b50618179 typ=proxy reqpath=/_next/static/chunks/main-app.js
t=2026-06-03T14:41:59+0530 lvl=dbug msg="add entry" obj=storage entrysz=1984 sz=6072962
t=2026-06-03T14:41:59+0530 lvl=dbug msg="got response for request" id=0cedaa1be184 typ=proxy reqpath=/_next/static/css/app/layout.css
t=2026-06-03T14:41:59+0530 lvl=dbug msg="add entry" obj=storage entrysz=1998 sz=6073304
t=2026-06-03T14:41:59+0530 lvl=dbug msg="got response for request" id=8a947dc204f1 typ=proxy reqpath=/_next/static/chunks/webpack.js
t=2026-06-03T14:41:59+0530 lvl=dbug msg="add entry" obj=storage entrysz=1982 sz=6073690
t=2026-06-03T14:41:59+0530 lvl=dbug msg="waiting for update" obj=consoleui
t=2026-06-03T14:41:59+0530 lvl=dbug msg="add entry" obj=storage entrysz=30214 sz=6073690
t=2026-06-03T14:41:59+0530 lvl=dbug msg="add entry" obj=storage entrysz=67495 sz=6101926
t=2026-06-03T14:41:59+0530 lvl=dbug msg="waiting for update" obj=consoleui
t=2026-06-03T14:41:59+0530 lvl=dbug msg="waiting for update" obj=consoleui
t=2026-06-03T14:41:59+0530 lvl=dbug msg="waiting for update" obj=consoleui
t=2026-06-03T14:41:59+0530 lvl=dbug msg="waiting for update" obj=consoleui
t=2026-06-03T14:41:59+0530 lvl=dbug msg="waiting for update" obj=consoleui
t=2026-06-03T14:41:59+0530 lvl=dbug msg="waiting for update" obj=consoleui
t=2026-06-03T14:41:59+0530 lvl=dbug msg="waiting for update" obj=consoleui
t=2026-06-03T14:41:59+0530 lvl=dbug msg="waiting for update" obj=consoleui
t=2026-06-03T14:41:59+0530 lvl=dbug msg="waiting for update" obj=consoleui
t=2026-06-03T14:41:59+0530 lvl=dbug msg="waiting for update" obj=consoleui
t=2026-06-03T14:41:59+0530 lvl=dbug msg="waiting for update" obj=consoleui
t=2026-06-03T14:41:59+0530 lvl=dbug msg="waiting for update" obj=consoleui
t=2026-06-03T14:41:59+0530 lvl=dbug msg="waiting for update" obj=consoleui
t=2026-06-03T14:41:59+0530 lvl=dbug msg="gzip decode"
t=2026-06-03T14:41:59+0530 lvl=dbug msg="waiting for update" obj=consoleui
t=2026-06-03T14:41:59+0530 lvl=dbug msg="gzip decode"
t=2026-06-03T14:41:59+0530 lvl=dbug msg="waiting for update" obj=consoleui
t=2026-06-03T14:41:59+0530 lvl=dbug msg="waiting for update" obj=consoleui
t=2026-06-03T14:42:00+0530 lvl=dbug msg="waiting for update" obj=consoleui
t=2026-06-03T14:42:00+0530 lvl=dbug msg="add entry" obj=storage entrysz=30634 sz=6167423
t=2026-06-03T14:42:00+0530 lvl=dbug msg="gzip decode"
t=2026-06-03T14:42:00+0530 lvl=dbug msg="waiting for update" obj=consoleui
t=2026-06-03T14:42:00+0530 lvl=dbug msg="waiting for update" obj=consoleui
t=2026-06-03T14:42:01+0530 lvl=dbug msg="half join complete" obj=join id=26c284be602e from=171.48.2.44:60222 to=[::1]:3000 nbytes=1608 err=nil
t=2026-06-03T14:42:01+0530 lvl=dbug msg=http.ReadRequest id=53502806f0d5 typ=proxy err=EOF
t=2026-06-03T14:42:01+0530 lvl=dbug msg="half join complete" obj=join id=26c284be602e from=[::1]:3000 to=171.48.2.44:60222 nbytes=65887 err="writeto tcp [::1]:57237->[::1]:3000: read tcp [::1]:57237->[::1]:3000: use of closed network connection"
t=2026-06-03T14:42:01+0530 lvl=dbug msg="waiting for update" obj=consoleui
t=2026-06-03T14:42:01+0530 lvl=dbug msg=close obj=tunnels.session obj=csess id=6c675a7035d1 clientid=7b31d0ea5646d09e1d2ee4f665dc47ac id=806003d4271e type=proxy sess=7b31d0ea5646d09e1d2ee4f665dc47ac err=nil
t=2026-06-03T14:42:01+0530 lvl=dbug msg=close id=53502806f0d5 typ=proxy err=nil
t=2026-06-03T14:42:01+0530 lvl=dbug msg=close id=f92d6d945dab err=nil
t=2026-06-03T14:42:01+0530 lvl=dbug msg=http.ReadResponse id=53502806f0d5 typ=proxy err="unexpected EOF"
t=2026-06-03T14:42:01+0530 lvl=dbug msg="half join complete" obj=join id=17f02e6302b9 from=171.48.2.44:60222 to=[::1]:3000 nbytes=1642 err=nil
t=2026-06-03T14:42:01+0530 lvl=dbug msg=http.ReadRequest id=0cedaa1be184 typ=proxy err=EOF
t=2026-06-03T14:42:01+0530 lvl=dbug msg="half join complete" obj=join id=17f02e6302b9 from=[::1]:3000 to=171.48.2.44:60222 nbytes=28992 err="writeto tcp [::1]:57239->[::1]:3000: read tcp [::1]:57239->[::1]:3000: use of closed network connection"
t=2026-06-03T14:42:02+0530 lvl=dbug msg=close obj=tunnels.session obj=csess id=6c675a7035d1 clientid=7b31d0ea5646d09e1d2ee4f665dc47ac id=806003d4271e type=proxy sess=7b31d0ea5646d09e1d2ee4f665dc47ac err=nil
t=2026-06-03T14:42:02+0530 lvl=dbug msg=close id=53502806f0d5 typ=proxy err=nil
t=2026-06-03T14:42:02+0530 lvl=dbug msg=close id=f92d6d945dab err=nil
t=2026-06-03T14:42:02+0530 lvl=dbug msg=close obj=tunnels.session obj=csess id=6c675a7035d1 clientid=7b31d0ea5646d09e1d2ee4f665dc47ac id=63467cf9ca63 type=proxy sess=7b31d0ea5646d09e1d2ee4f665dc47ac err=nil
t=2026-06-03T14:42:02+0530 lvl=dbug msg=close id=0cedaa1be184 typ=proxy err=nil
t=2026-06-03T14:42:02+0530 lvl=dbug msg=close id=ae3fb404ef13 err=nil
t=2026-06-03T14:42:02+0530 lvl=dbug msg=http.ReadResponse id=0cedaa1be184 typ=proxy err="unexpected EOF"
t=2026-06-03T14:42:02+0530 lvl=dbug msg=close obj=tunnels.session obj=csess id=6c675a7035d1 clientid=7b31d0ea5646d09e1d2ee4f665dc47ac id=806003d4271e type=proxy sess=7b31d0ea5646d09e1d2ee4f665dc47ac err=nil
t=2026-06-03T14:42:02+0530 lvl=dbug msg=close id=53502806f0d5 typ=proxy err=nil
t=2026-06-03T14:42:02+0530 lvl=dbug msg=close obj=tunnels.session obj=csess id=6c675a7035d1 clientid=7b31d0ea5646d09e1d2ee4f665dc47ac id=63467cf9ca63 type=proxy sess=7b31d0ea5646d09e1d2ee4f665dc47ac err=nil
t=2026-06-03T14:42:02+0530 lvl=dbug msg=close id=0cedaa1be184 typ=proxy err=nil
t=2026-06-03T14:42:02+0530 lvl=dbug msg=close id=ae3fb404ef13 err=nil
t=2026-06-03T14:42:02+0530 lvl=dbug msg="waiting for update" obj=consoleui
t=2026-06-03T14:42:02+0530 lvl=dbug msg="heartbeat received" obj=tunnels.session obj=csess id=6c675a7035d1 clientid=7b31d0ea5646d09e1d2ee4f665dc47ac latency_ms=1499
t=2026-06-03T14:42:03+0530 lvl=dbug msg=close obj=tunnels.session obj=csess id=6c675a7035d1 clientid=7b31d0ea5646d09e1d2ee4f665dc47ac id=806003d4271e type=proxy sess=7b31d0ea5646d09e1d2ee4f665dc47ac err=nil
t=2026-06-03T14:42:03+0530 lvl=dbug msg=close id=53502806f0d5 typ=proxy err=nil
t=2026-06-03T14:42:03+0530 lvl=dbug msg=close obj=tunnels.session obj=csess id=6c675a7035d1 clientid=7b31d0ea5646d09e1d2ee4f665dc47ac id=63467cf9ca63 type=proxy sess=7b31d0ea5646d09e1d2ee4f665dc47ac err=nil
t=2026-06-03T14:42:03+0530 lvl=dbug msg=close id=0cedaa1be184 typ=proxy err=nil
t=2026-06-03T14:42:03+0530 lvl=dbug msg="waiting for update" obj=consoleui
t=2026-06-03T14:42:03+0530 lvl=dbug msg=close obj=tunnels.session obj=csess id=6c675a7035d1 clientid=7b31d0ea5646d09e1d2ee4f665dc47ac id=63467cf9ca63 type=proxy sess=7b31d0ea5646d09e1d2ee4f665dc47ac err=nil
t=2026-06-03T14:42:03+0530 lvl=dbug msg=close id=0cedaa1be184 typ=proxy err=nil
t=2026-06-03T14:42:03+0530 lvl=dbug msg=close obj=tunnels.session obj=csess id=6c675a7035d1 clientid=7b31d0ea5646d09e1d2ee4f665dc47ac id=806003d4271e type=proxy sess=7b31d0ea5646d09e1d2ee4f665dc47ac err=nil
t=2026-06-03T14:42:03+0530 lvl=dbug msg=close id=53502806f0d5 typ=proxy err=nil
t=2026-06-03T14:42:03+0530 lvl=dbug msg="waiting for update" obj=consoleui
t=2026-06-03T14:42:03+0530 lvl=dbug msg="waiting for update" obj=consoleui
t=2026-06-03T14:42:03+0530 lvl=dbug msg=close obj=tunnels.session obj=csess id=6c675a7035d1 clientid=7b31d0ea5646d09e1d2ee4f665dc47ac id=63467cf9ca63 type=proxy sess=7b31d0ea5646d09e1d2ee4f665dc47ac err=nil
t=2026-06-03T14:42:03+0530 lvl=dbug msg=close id=0cedaa1be184 typ=proxy err=nil
t=2026-06-03T14:42:04+0530 lvl=dbug msg="add entry" obj=storage entrysz=423129 sz=6196087
t=2026-06-03T14:42:04+0530 lvl=dbug msg="waiting for update" obj=consoleui
t=2026-06-03T14:42:04+0530 lvl=dbug msg="gzip decode"
t=2026-06-03T14:42:04+0530 lvl=dbug msg="waiting for update" obj=consoleui
t=2026-06-03T14:42:04+0530 lvl=dbug msg="add entry" obj=storage entrysz=494932 sz=6617201
t=2026-06-03T14:42:04+0530 lvl=dbug msg="waiting for update" obj=consoleui
t=2026-06-03T14:42:04+0530 lvl=dbug msg="gzip decode"
t=2026-06-03T14:42:04+0530 lvl=dbug msg="waiting for update" obj=consoleui
t=2026-06-03T14:42:04+0530 lvl=dbug msg="waiting for update" obj=consoleui
t=2026-06-03T14:42:04+0530 lvl=dbug msg="half join complete" obj=join id=dd93a02424fc from=171.48.2.44:60222 to=[::1]:3000 nbytes=1599 err=nil
t=2026-06-03T14:42:04+0530 lvl=dbug msg=http.ReadRequest id=909df2ff6934 typ=proxy err=EOF
t=2026-06-03T14:42:04+0530 lvl=dbug msg="half join complete" obj=join id=dd93a02424fc from=[::1]:3000 to=171.48.2.44:60222 nbytes=421530 err="writeto tcp [::1]:57238->[::1]:3000: read tcp [::1]:57238->[::1]:3000: use of closed network connection"
t=2026-06-03T14:42:05+0530 lvl=dbug msg=close obj=tunnels.session obj=csess id=6c675a7035d1 clientid=7b31d0ea5646d09e1d2ee4f665dc47ac id=fa3caa142395 type=proxy sess=7b31d0ea5646d09e1d2ee4f665dc47ac err=nil
t=2026-06-03T14:42:05+0530 lvl=dbug msg=close id=909df2ff6934 typ=proxy err=nil
t=2026-06-03T14:42:05+0530 lvl=dbug msg=close id=f7419120a392 err=nil
t=2026-06-03T14:42:05+0530 lvl=dbug msg=http.ReadResponse id=909df2ff6934 typ=proxy err="unexpected EOF"
t=2026-06-03T14:42:05+0530 lvl=dbug msg=close obj=tunnels.session obj=csess id=6c675a7035d1 clientid=7b31d0ea5646d09e1d2ee4f665dc47ac id=fa3caa142395 type=proxy sess=7b31d0ea5646d09e1d2ee4f665dc47ac err=nil
t=2026-06-03T14:42:05+0530 lvl=dbug msg=close id=909df2ff6934 typ=proxy err=nil
t=2026-06-03T14:42:05+0530 lvl=dbug msg=close id=f7419120a392 err=nil
t=2026-06-03T14:42:05+0530 lvl=dbug msg=close obj=tunnels.session obj=csess id=6c675a7035d1 clientid=7b31d0ea5646d09e1d2ee4f665dc47ac id=fa3caa142395 type=proxy sess=7b31d0ea5646d09e1d2ee4f665dc47ac err=nil
t=2026-06-03T14:42:05+0530 lvl=dbug msg=close id=909df2ff6934 typ=proxy err=nil
t=2026-06-03T14:42:05+0530 lvl=dbug msg=close obj=tunnels.session obj=csess id=6c675a7035d1 clientid=7b31d0ea5646d09e1d2ee4f665dc47ac id=fa3caa142395 type=proxy sess=7b31d0ea5646d09e1d2ee4f665dc47ac err=nil
t=2026-06-03T14:42:05+0530 lvl=dbug msg=close id=909df2ff6934 typ=proxy err=nil
t=2026-06-03T14:42:05+0530 lvl=dbug msg=close obj=tunnels.session obj=csess id=6c675a7035d1 clientid=7b31d0ea5646d09e1d2ee4f665dc47ac id=fa3caa142395 type=proxy sess=7b31d0ea5646d09e1d2ee4f665dc47ac err=nil
t=2026-06-03T14:42:05+0530 lvl=dbug msg=close id=909df2ff6934 typ=proxy err=nil
t=2026-06-03T14:42:05+0530 lvl=dbug msg="half join complete" obj=join id=c66ed489e3dc from=171.48.2.44:60222 to=[::1]:3000 nbytes=1644 err=nil
t=2026-06-03T14:42:05+0530 lvl=dbug msg=http.ReadRequest id=18e0661ced7d typ=proxy err=EOF
t=2026-06-03T14:42:05+0530 lvl=dbug msg="half join complete" obj=join id=c66ed489e3dc from=[::1]:3000 to=171.48.2.44:60222 nbytes=493288 err="writeto tcp [::1]:57235->[::1]:3000: read tcp [::1]:57235->[::1]:3000: use of closed network connection"
t=2026-06-03T14:42:05+0530 lvl=dbug msg=close obj=tunnels.session obj=csess id=6c675a7035d1 clientid=7b31d0ea5646d09e1d2ee4f665dc47ac id=764502e14cc7 type=proxy sess=7b31d0ea5646d09e1d2ee4f665dc47ac err=nil
t=2026-06-03T14:42:05+0530 lvl=dbug msg=close id=18e0661ced7d typ=proxy err=nil
t=2026-06-03T14:42:05+0530 lvl=dbug msg=close id=a4aee7aba0a4 err=nil
t=2026-06-03T14:42:05+0530 lvl=dbug msg=http.ReadResponse id=18e0661ced7d typ=proxy err="unexpected EOF"
t=2026-06-03T14:42:05+0530 lvl=dbug msg=close obj=tunnels.session obj=csess id=6c675a7035d1 clientid=7b31d0ea5646d09e1d2ee4f665dc47ac id=764502e14cc7 type=proxy sess=7b31d0ea5646d09e1d2ee4f665dc47ac err=nil
t=2026-06-03T14:42:05+0530 lvl=dbug msg=close id=18e0661ced7d typ=proxy err=nil
t=2026-06-03T14:42:05+0530 lvl=dbug msg=close id=a4aee7aba0a4 err=nil
t=2026-06-03T14:42:05+0530 lvl=dbug msg=close obj=tunnels.session obj=csess id=6c675a7035d1 clientid=7b31d0ea5646d09e1d2ee4f665dc47ac id=764502e14cc7 type=proxy sess=7b31d0ea5646d09e1d2ee4f665dc47ac err=nil
t=2026-06-03T14:42:05+0530 lvl=dbug msg=close id=18e0661ced7d typ=proxy err=nil
t=2026-06-03T14:42:05+0530 lvl=dbug msg=close obj=tunnels.session obj=csess id=6c675a7035d1 clientid=7b31d0ea5646d09e1d2ee4f665dc47ac id=764502e14cc7 type=proxy sess=7b31d0ea5646d09e1d2ee4f665dc47ac err=nil
t=2026-06-03T14:42:05+0530 lvl=dbug msg=close id=18e0661ced7d typ=proxy err=nil
t=2026-06-03T14:42:05+0530 lvl=dbug msg=close obj=tunnels.session obj=csess id=6c675a7035d1 clientid=7b31d0ea5646d09e1d2ee4f665dc47ac id=764502e14cc7 type=proxy sess=7b31d0ea5646d09e1d2ee4f665dc47ac err=nil
t=2026-06-03T14:42:05+0530 lvl=dbug msg=close id=18e0661ced7d typ=proxy err=nil
t=2026-06-03T14:42:05+0530 lvl=dbug msg="half join complete" obj=join id=e3daa77ba517 from=[::1]:3000 to=171.48.2.44:60222 nbytes=7336 err=nil
t=2026-06-03T14:42:05+0530 lvl=dbug msg="half join complete" obj=join id=e3daa77ba517 from=171.48.2.44:60222 to=[::1]:3000 nbytes=1888 err=nil
t=2026-06-03T14:42:05+0530 lvl=dbug msg=http.ReadRequest id=d66d3b4bd3a4 typ=proxy err=EOF
t=2026-06-03T14:42:05+0530 lvl=dbug msg=close obj=tunnels.session obj=csess id=6c675a7035d1 clientid=7b31d0ea5646d09e1d2ee4f665dc47ac id=956da2a6d701 type=proxy sess=7b31d0ea5646d09e1d2ee4f665dc47ac err=nil
t=2026-06-03T14:42:05+0530 lvl=dbug msg=close id=d66d3b4bd3a4 typ=proxy err=nil
t=2026-06-03T14:42:05+0530 lvl=dbug msg=close id=0a858e421c89 err=nil
t=2026-06-03T14:42:05+0530 lvl=dbug msg=http.ReadResponse id=d66d3b4bd3a4 typ=proxy err="unexpected EOF"
t=2026-06-03T14:42:05+0530 lvl=dbug msg=close obj=tunnels.session obj=csess id=6c675a7035d1 clientid=7b31d0ea5646d09e1d2ee4f665dc47ac id=956da2a6d701 type=proxy sess=7b31d0ea5646d09e1d2ee4f665dc47ac err=nil
t=2026-06-03T14:42:05+0530 lvl=dbug msg=close id=d66d3b4bd3a4 typ=proxy err=nil
t=2026-06-03T14:42:05+0530 lvl=dbug msg=close id=0a858e421c89 err=nil
t=2026-06-03T14:42:05+0530 lvl=dbug msg=close obj=tunnels.session obj=csess id=6c675a7035d1 clientid=7b31d0ea5646d09e1d2ee4f665dc47ac id=956da2a6d701 type=proxy sess=7b31d0ea5646d09e1d2ee4f665dc47ac err=nil
t=2026-06-03T14:42:05+0530 lvl=dbug msg=close id=d66d3b4bd3a4 typ=proxy err=nil
t=2026-06-03T14:42:05+0530 lvl=dbug msg=close obj=tunnels.session obj=csess id=6c675a7035d1 clientid=7b31d0ea5646d09e1d2ee4f665dc47ac id=956da2a6d701 type=proxy sess=7b31d0ea5646d09e1d2ee4f665dc47ac err=nil
t=2026-06-03T14:42:05+0530 lvl=dbug msg=close id=d66d3b4bd3a4 typ=proxy err=nil
t=2026-06-03T14:42:05+0530 lvl=dbug msg=close obj=tunnels.session obj=csess id=6c675a7035d1 clientid=7b31d0ea5646d09e1d2ee4f665dc47ac id=956da2a6d701 type=proxy sess=7b31d0ea5646d09e1d2ee4f665dc47ac err=nil
t=2026-06-03T14:42:05+0530 lvl=dbug msg=close id=d66d3b4bd3a4 typ=proxy err=nil
t=2026-06-03T14:42:05+0530 lvl=dbug msg="waiting for update" obj=consoleui
t=2026-06-03T14:42:05+0530 lvl=dbug msg="half join complete" obj=join id=c14f619536f4 from=[::1]:3000 to=171.48.2.44:60222 nbytes=28602 err=nil
t=2026-06-03T14:42:05+0530 lvl=dbug msg="half join complete" obj=join id=c14f619536f4 from=171.48.2.44:60222 to=[::1]:3000 nbytes=1612 err=nil
t=2026-06-03T14:42:05+0530 lvl=dbug msg=http.ReadRequest id=8a947dc204f1 typ=proxy err=EOF
t=2026-06-03T14:42:05+0530 lvl=dbug msg="waiting for update" obj=consoleui
t=2026-06-03T14:42:05+0530 lvl=dbug msg=close obj=tunnels.session obj=csess id=6c675a7035d1 clientid=7b31d0ea5646d09e1d2ee4f665dc47ac id=1273814c5234 type=proxy sess=7b31d0ea5646d09e1d2ee4f665dc47ac err=nil
t=2026-06-03T14:42:05+0530 lvl=dbug msg=close id=8a947dc204f1 typ=proxy err=nil
t=2026-06-03T14:42:05+0530 lvl=dbug msg=close id=daaf9e78d39b err=nil
t=2026-06-03T14:42:05+0530 lvl=dbug msg=http.ReadResponse id=8a947dc204f1 typ=proxy err="unexpected EOF"
t=2026-06-03T14:42:05+0530 lvl=dbug msg=close obj=tunnels.session obj=csess id=6c675a7035d1 clientid=7b31d0ea5646d09e1d2ee4f665dc47ac id=1273814c5234 type=proxy sess=7b31d0ea5646d09e1d2ee4f665dc47ac err=nil
t=2026-06-03T14:42:05+0530 lvl=dbug msg=close id=8a947dc204f1 typ=proxy err=nil
t=2026-06-03T14:42:05+0530 lvl=dbug msg=close id=daaf9e78d39b err=nil
t=2026-06-03T14:42:05+0530 lvl=dbug msg=close obj=tunnels.session obj=csess id=6c675a7035d1 clientid=7b31d0ea5646d09e1d2ee4f665dc47ac id=1273814c5234 type=proxy sess=7b31d0ea5646d09e1d2ee4f665dc47ac err=nil
t=2026-06-03T14:42:05+0530 lvl=dbug msg=close id=8a947dc204f1 typ=proxy err=nil
t=2026-06-03T14:42:05+0530 lvl=dbug msg=close obj=tunnels.session obj=csess id=6c675a7035d1 clientid=7b31d0ea5646d09e1d2ee4f665dc47ac id=1273814c5234 type=proxy sess=7b31d0ea5646d09e1d2ee4f665dc47ac err=nil
t=2026-06-03T14:42:05+0530 lvl=dbug msg=close id=8a947dc204f1 typ=proxy err=nil
t=2026-06-03T14:42:05+0530 lvl=dbug msg=close obj=tunnels.session obj=csess id=6c675a7035d1 clientid=7b31d0ea5646d09e1d2ee4f665dc47ac id=1273814c5234 type=proxy sess=7b31d0ea5646d09e1d2ee4f665dc47ac err=nil
t=2026-06-03T14:42:05+0530 lvl=dbug msg=close id=8a947dc204f1 typ=proxy err=nil
t=2026-06-03T14:42:05+0530 lvl=dbug msg="waiting for update" obj=consoleui
t=2026-06-03T14:42:06+0530 lvl=dbug msg="add entry" obj=storage entrysz=1656223 sz=7110149
t=2026-06-03T14:42:06+0530 lvl=dbug msg="gzip decode"
t=2026-06-03T14:42:06+0530 lvl=dbug msg="waiting for update" obj=consoleui
t=2026-06-03T14:42:06+0530 lvl=dbug msg="waiting for update" obj=consoleui
t=2026-06-03T14:42:06+0530 lvl=dbug msg="waiting for update" obj=consoleui
t=2026-06-03T14:42:07+0530 lvl=dbug msg="got request" id=0b4b50618179 typ=proxy path=/favicon.ico
t=2026-06-03T14:42:07+0530 lvl=dbug msg="add entry" obj=storage entrysz=1655 sz=8766372
t=2026-06-03T14:42:07+0530 lvl=dbug msg="add entry" obj=storage entrysz=1655 sz=8766372
t=2026-06-03T14:42:07+0530 lvl=dbug msg="waiting for update" obj=consoleui
t=2026-06-03T14:42:07+0530 lvl=dbug msg="waiting for update" obj=consoleui
t=2026-06-03T14:42:07+0530 lvl=dbug msg="tunnel Accept" obj=tunnels.session obj=csess id=6c675a7035d1 clientid=7b31d0ea5646d09e1d2ee4f665dc47ac reqType=3 remoteAddr=13.127.105.236:443
t=2026-06-03T14:42:07+0530 lvl=dbug msg="waiting for update" obj=consoleui
t=2026-06-03T14:42:07+0530 lvl=dbug msg="dial private connection" id=9de5c87f9bc8 addr=localhost:3000 err=nil
t=2026-06-03T14:42:07+0530 lvl=dbug msg="joining tunnel conn to backend" id=9de5c87f9bc8 header="{ID:45531bfe77b61f34a2ebdeb8dcdfff6c ClientAddr:171.48.2.44:60222 Proto:https EdgeType:0 PassthroughTLS:false}"
t=2026-06-03T14:42:07+0530 lvl=info msg="join connections" obj=join id=514be67e3d4f l=[::1]:3000 r=171.48.2.44:60222
t=2026-06-03T14:42:07+0530 lvl=dbug msg="got request" id=aff25fe53ac0 typ=proxy path=/_next/static/chunks/_app-pages-browser_node_modules_next_dist_client_dev_noop-turbopack-hmr_js.js
t=2026-06-03T14:42:07+0530 lvl=dbug msg="add entry" obj=storage entrysz=1663 sz=8768027
t=2026-06-03T14:42:07+0530 lvl=dbug msg="add entry" obj=storage entrysz=1663 sz=8768027
t=2026-06-03T14:42:07+0530 lvl=dbug msg="waiting for update" obj=consoleui
t=2026-06-03T14:42:07+0530 lvl=dbug msg="waiting for update" obj=consoleui
t=2026-06-03T14:42:07+0530 lvl=dbug msg="got response for request" id=aff25fe53ac0 typ=proxy reqpath=/_next/static/chunks/_app-pages-browser_node_modules_next_dist_client_dev_noop-turbopack-hmr_js.js
t=2026-06-03T14:42:07+0530 lvl=dbug msg="add entry" obj=storage entrysz=2032 sz=8768027
t=2026-06-03T14:42:07+0530 lvl=dbug msg="waiting for update" obj=consoleui
t=2026-06-03T14:42:07+0530 lvl=dbug msg="add entry" obj=storage entrysz=4668 sz=8768027
t=2026-06-03T14:42:07+0530 lvl=dbug msg="gzip decode"
t=2026-06-03T14:42:07+0530 lvl=dbug msg="waiting for update" obj=consoleui
t=2026-06-03T14:42:07+0530 lvl=dbug msg="waiting for update" obj=consoleui
t=2026-06-03T14:42:07+0530 lvl=dbug msg="tunnel Accept" obj=tunnels.session obj=csess id=6c675a7035d1 clientid=7b31d0ea5646d09e1d2ee4f665dc47ac reqType=3 remoteAddr=13.127.105.236:443
t=2026-06-03T14:42:07+0530 lvl=dbug msg="dial private connection" id=f6c0c85eaffe addr=localhost:3000 err=nil
t=2026-06-03T14:42:07+0530 lvl=dbug msg="joining tunnel conn to backend" id=f6c0c85eaffe header="{ID:45531bfe77b61f34a2ebdeb8dcdfff6c ClientAddr:171.48.2.44:65163 Proto:https EdgeType:0 PassthroughTLS:false}"
t=2026-06-03T14:42:07+0530 lvl=info msg="join connections" obj=join id=612cab3addad l=[::1]:3000 r=171.48.2.44:65163
t=2026-06-03T14:42:07+0530 lvl=dbug msg="got request" id=1b855580944b typ=proxy path=/_next/webpack-hmr
t=2026-06-03T14:42:07+0530 lvl=dbug msg="add entry" obj=storage entrysz=1514 sz=8772695
t=2026-06-03T14:42:07+0530 lvl=dbug msg="add entry" obj=storage entrysz=1514 sz=8772695
t=2026-06-03T14:42:07+0530 lvl=dbug msg="http client requested connection upgrade" id=1b855580944b typ=proxy
t=2026-06-03T14:42:07+0530 lvl=dbug msg="waiting for update" obj=consoleui
t=2026-06-03T14:42:07+0530 lvl=dbug msg="waiting for update" obj=consoleui
t=2026-06-03T14:42:07+0530 lvl=dbug msg="waiting for update" obj=consoleui
t=2026-06-03T14:42:07+0530 lvl=dbug msg="waiting for update" obj=consoleui
t=2026-06-03T14:42:07+0530 lvl=dbug msg="got response for request" id=0b4b50618179 typ=proxy reqpath=/favicon.ico
t=2026-06-03T14:42:07+0530 lvl=dbug msg="add entry" obj=storage entrysz=1952 sz=8772554
t=2026-06-03T14:42:07+0530 lvl=dbug msg="add entry" obj=storage entrysz=27896 sz=8772554
t=2026-06-03T14:42:07+0530 lvl=dbug msg="waiting for update" obj=consoleui
t=2026-06-03T14:42:07+0530 lvl=dbug msg="got response for request" id=1b855580944b typ=proxy reqpath=/_next/webpack-hmr
t=2026-06-03T14:42:07+0530 lvl=dbug msg="add entry" obj=storage entrysz=1643 sz=8798936
t=2026-06-03T14:42:07+0530 lvl=dbug msg="add entry" obj=storage entrysz=1643 sz=8798936
t=2026-06-03T14:42:07+0530 lvl=dbug msg="server accepted upgrade request, switching protocols" id=1b855580944b typ=proxy to=websocket
t=2026-06-03T14:42:07+0530 lvl=dbug msg="client switching protocols" id=1b855580944b typ=proxy to=websocket
t=2026-06-03T14:42:07+0530 lvl=dbug msg="waiting for update" obj=consoleui
t=2026-06-03T14:42:07+0530 lvl=dbug msg="waiting for update" obj=consoleui
t=2026-06-03T14:42:07+0530 lvl=dbug msg="waiting for update" obj=consoleui
t=2026-06-03T14:42:07+0530 lvl=dbug msg="waiting for update" obj=consoleui
t=2026-06-03T14:42:08+0530 lvl=dbug msg="got request" id=0b4b50618179 typ=proxy path=/api/auth
t=2026-06-03T14:42:08+0530 lvl=dbug msg="add entry" obj=storage entrysz=1706 sz=8800579
t=2026-06-03T14:42:08+0530 lvl=dbug msg="add entry" obj=storage entrysz=1762 sz=8800579
t=2026-06-03T14:42:08+0530 lvl=dbug msg="waiting for update" obj=consoleui
t=2026-06-03T14:42:08+0530 lvl=dbug msg="waiting for update" obj=consoleui
t=2026-06-03T14:42:08+0530 lvl=dbug msg="waiting for update" obj=consoleui
t=2026-06-03T14:42:09+0530 lvl=dbug msg="got response for request" id=0b4b50618179 typ=proxy reqpath=/api/auth
t=2026-06-03T14:42:09+0530 lvl=dbug msg="add entry" obj=storage entrysz=3038 sz=8800579
t=2026-06-03T14:42:09+0530 lvl=dbug msg="add entry" obj=storage entrysz=3592 sz=8800579
t=2026-06-03T14:42:09+0530 lvl=dbug msg="gzip decode"
t=2026-06-03T14:42:09+0530 lvl=dbug msg="waiting for update" obj=consoleui
t=2026-06-03T14:42:09+0530 lvl=dbug msg="waiting for update" obj=consoleui
t=2026-06-03T14:42:09+0530 lvl=dbug msg="waiting for update" obj=consoleui
t=2026-06-03T14:42:09+0530 lvl=dbug msg="waiting for update" obj=consoleui
t=2026-06-03T14:42:10+0530 lvl=dbug msg="waiting for update" obj=consoleui
t=2026-06-03T14:42:11+0530 lvl=dbug msg="heartbeat received" obj=tunnels.session obj=csess id=6c675a7035d1 clientid=7b31d0ea5646d09e1d2ee4f665dc47ac latency_ms=134
t=2026-06-03T14:42:11+0530 lvl=dbug msg="waiting for update" obj=consoleui
t=2026-06-03T14:42:12+0530 lvl=dbug msg="got request" id=0b4b50618179 typ=proxy path=/dashboard/projects/k5789ppk594hk0852ag58rapq987wvy9
t=2026-06-03T14:42:12+0530 lvl=dbug msg="add entry" obj=storage entrysz=2186 sz=8804171
t=2026-06-03T14:42:12+0530 lvl=dbug msg="add entry" obj=storage entrysz=2186 sz=8804171
t=2026-06-03T14:42:12+0530 lvl=dbug msg="waiting for update" obj=consoleui
t=2026-06-03T14:42:12+0530 lvl=dbug msg="waiting for update" obj=consoleui
t=2026-06-03T14:42:12+0530 lvl=dbug msg="waiting for update" obj=consoleui
t=2026-06-03T14:42:13+0530 lvl=dbug msg="got response for request" id=0b4b50618179 typ=proxy reqpath=/dashboard/projects/k5789ppk594hk0852ag58rapq987wvy9
t=2026-06-03T14:42:13+0530 lvl=dbug msg="add entry" obj=storage entrysz=2519 sz=8804171
t=2026-06-03T14:42:13+0530 lvl=dbug msg="waiting for update" obj=consoleui
t=2026-06-03T14:42:13+0530 lvl=dbug msg="half join complete" obj=join id=514be67e3d4f from=[::1]:3000 to=171.48.2.44:60222 nbytes=3005 err=nil
t=2026-06-03T14:42:13+0530 lvl=dbug msg=close obj=tunnels.session obj=csess id=6c675a7035d1 clientid=7b31d0ea5646d09e1d2ee4f665dc47ac id=2ddbbcc90e6d type=proxy sess=7b31d0ea5646d09e1d2ee4f665dc47ac err=nil
t=2026-06-03T14:42:13+0530 lvl=dbug msg=close id=aff25fe53ac0 typ=proxy err=nil
t=2026-06-03T14:42:13+0530 lvl=dbug msg=close id=9de5c87f9bc8 err=nil
t=2026-06-03T14:42:13+0530 lvl=dbug msg=http.ReadRequest id=aff25fe53ac0 typ=proxy err=EOF
t=2026-06-03T14:42:13+0530 lvl=dbug msg=http.ReadResponse id=aff25fe53ac0 typ=proxy err="unexpected EOF"
t=2026-06-03T14:42:13+0530 lvl=dbug msg="half join complete" obj=join id=514be67e3d4f from=171.48.2.44:60222 to=[::1]:3000 nbytes=1663 err="readfrom tcp [::1]:65164->[::1]:3000: stream closed"
t=2026-06-03T14:42:13+0530 lvl=dbug msg=close obj=tunnels.session obj=csess id=6c675a7035d1 clientid=7b31d0ea5646d09e1d2ee4f665dc47ac id=2ddbbcc90e6d type=proxy sess=7b31d0ea5646d09e1d2ee4f665dc47ac err=nil
t=2026-06-03T14:42:13+0530 lvl=dbug msg=close id=aff25fe53ac0 typ=proxy err=nil
t=2026-06-03T14:42:13+0530 lvl=dbug msg=close id=9de5c87f9bc8 err=nil
t=2026-06-03T14:42:13+0530 lvl=dbug msg=close obj=tunnels.session obj=csess id=6c675a7035d1 clientid=7b31d0ea5646d09e1d2ee4f665dc47ac id=2ddbbcc90e6d type=proxy sess=7b31d0ea5646d09e1d2ee4f665dc47ac err=nil
t=2026-06-03T14:42:13+0530 lvl=dbug msg=close id=aff25fe53ac0 typ=proxy err=nil
t=2026-06-03T14:42:13+0530 lvl=dbug msg=close obj=tunnels.session obj=csess id=6c675a7035d1 clientid=7b31d0ea5646d09e1d2ee4f665dc47ac id=2ddbbcc90e6d type=proxy sess=7b31d0ea5646d09e1d2ee4f665dc47ac err=nil
t=2026-06-03T14:42:13+0530 lvl=dbug msg=close id=aff25fe53ac0 typ=proxy err=nil
t=2026-06-03T14:42:13+0530 lvl=dbug msg=close obj=tunnels.session obj=csess id=6c675a7035d1 clientid=7b31d0ea5646d09e1d2ee4f665dc47ac id=2ddbbcc90e6d type=proxy sess=7b31d0ea5646d09e1d2ee4f665dc47ac err=nil
t=2026-06-03T14:42:13+0530 lvl=dbug msg=close id=aff25fe53ac0 typ=proxy err=nil
t=2026-06-03T14:42:13+0530 lvl=dbug msg="add entry" obj=storage entrysz=4219 sz=8804171
t=2026-06-03T14:42:13+0530 lvl=dbug msg="gzip decode"
t=2026-06-03T14:42:13+0530 lvl=dbug msg="waiting for update" obj=consoleui
t=2026-06-03T14:42:13+0530 lvl=dbug msg="waiting for update" obj=consoleui
t=2026-06-03T14:42:13+0530 lvl=dbug msg="waiting for update" obj=consoleui
t=2026-06-03T14:42:13+0530 lvl=dbug msg="got request" id=0b4b50618179 typ=proxy path=/_next/static/chunks/app/dashboard/projects/[projectId]/page.js
t=2026-06-03T14:42:13+0530 lvl=dbug msg="add entry" obj=storage entrysz=1632 sz=8808390
t=2026-06-03T14:42:13+0530 lvl=dbug msg="add entry" obj=storage entrysz=1632 sz=8808390
t=2026-06-03T14:42:13+0530 lvl=dbug msg="waiting for update" obj=consoleui
t=2026-06-03T14:42:13+0530 lvl=dbug msg="waiting for update" obj=consoleui
t=2026-06-03T14:42:13+0530 lvl=dbug msg="got response for request" id=0b4b50618179 typ=proxy reqpath=/_next/static/chunks/app/dashboard/projects/[projectId]/page.js
t=2026-06-03T14:42:13+0530 lvl=dbug msg="add entry" obj=storage entrysz=2003 sz=8808390
t=2026-06-03T14:42:13+0530 lvl=dbug msg="waiting for update" obj=consoleui
t=2026-06-03T14:42:14+0530 lvl=dbug msg="add entry" obj=storage entrysz=609387 sz=8808390
t=2026-06-03T14:42:14+0530 lvl=dbug msg="gzip decode"
t=2026-06-03T14:42:14+0530 lvl=dbug msg="waiting for update" obj=consoleui
t=2026-06-03T14:42:14+0530 lvl=dbug msg="waiting for update" obj=consoleui
t=2026-06-03T14:42:14+0530 lvl=dbug msg="waiting for update" obj=consoleui
t=2026-06-03T14:42:15+0530 lvl=dbug msg="waiting for update" obj=consoleui
t=2026-06-03T14:42:16+0530 lvl=dbug msg="got request" id=0b4b50618179 typ=proxy path=/dashboard
t=2026-06-03T14:42:16+0530 lvl=dbug msg="add entry" obj=storage entrysz=2027 sz=9417777
t=2026-06-03T14:42:16+0530 lvl=dbug msg="add entry" obj=storage entrysz=2027 sz=9417777
t=2026-06-03T14:42:16+0530 lvl=dbug msg="waiting for update" obj=consoleui
t=2026-06-03T14:42:16+0530 lvl=dbug msg="waiting for update" obj=consoleui
t=2026-06-03T14:42:16+0530 lvl=dbug msg="waiting for update" obj=consoleui
t=2026-06-03T14:42:17+0530 lvl=dbug msg="waiting for update" obj=consoleui
t=2026-06-03T14:42:17+0530 lvl=dbug msg="got response for request" id=0b4b50618179 typ=proxy reqpath=/dashboard
t=2026-06-03T14:42:17+0530 lvl=dbug msg="add entry" obj=storage entrysz=2360 sz=9417777
t=2026-06-03T14:42:17+0530 lvl=dbug msg="waiting for update" obj=consoleui
t=2026-06-03T14:42:18+0530 lvl=dbug msg="add entry" obj=storage entrysz=3965 sz=9417777
t=2026-06-03T14:42:18+0530 lvl=dbug msg="gzip decode"
t=2026-06-03T14:42:18+0530 lvl=dbug msg="waiting for update" obj=consoleui
t=2026-06-03T14:42:18+0530 lvl=dbug msg="waiting for update" obj=consoleui
t=2026-06-03T14:42:18+0530 lvl=dbug msg="got request" id=0b4b50618179 typ=proxy path=/_next/static/chunks/app/dashboard/page.js
t=2026-06-03T14:42:18+0530 lvl=dbug msg="add entry" obj=storage entrysz=1595 sz=9421742
t=2026-06-03T14:42:18+0530 lvl=dbug msg="add entry" obj=storage entrysz=1595 sz=9421742
t=2026-06-03T14:42:18+0530 lvl=dbug msg="got response for request" id=0b4b50618179 typ=proxy reqpath=/_next/static/chunks/app/dashboard/page.js
t=2026-06-03T14:42:18+0530 lvl=dbug msg="add entry" obj=storage entrysz=1966 sz=9421742
t=2026-06-03T14:42:18+0530 lvl=dbug msg="waiting for update" obj=consoleui
t=2026-06-03T14:42:18+0530 lvl=dbug msg="waiting for update" obj=consoleui
t=2026-06-03T14:42:18+0530 lvl=dbug msg="waiting for update" obj=consoleui
t=2026-06-03T14:42:18+0530 lvl=dbug msg="waiting for update" obj=consoleui
t=2026-06-03T14:42:19+0530 lvl=dbug msg="add entry" obj=storage entrysz=779135 sz=9421742
t=2026-06-03T14:42:19+0530 lvl=dbug msg="gzip decode"
t=2026-06-03T14:42:19+0530 lvl=dbug msg="waiting for update" obj=consoleui
t=2026-06-03T14:42:19+0530 lvl=dbug msg="waiting for update" obj=consoleui
t=2026-06-03T14:42:19+0530 lvl=dbug msg="waiting for update" obj=consoleui
t=2026-06-03T14:42:20+0530 lvl=dbug msg="waiting for update" obj=consoleui
t=2026-06-03T14:42:21+0530 lvl=dbug msg="heartbeat received" obj=tunnels.session obj=csess id=6c675a7035d1 clientid=7b31d0ea5646d09e1d2ee4f665dc47ac latency_ms=194
t=2026-06-03T14:42:21+0530 lvl=dbug msg="waiting for update" obj=consoleui
t=2026-06-03T14:42:22+0530 lvl=dbug msg="got request" id=0b4b50618179 typ=proxy path=/api/auth
t=2026-06-03T14:42:22+0530 lvl=dbug msg="add entry" obj=storage entrysz=1652 sz=10200877
t=2026-06-03T14:42:22+0530 lvl=dbug msg="add entry" obj=storage entrysz=1677 sz=10200877
t=2026-06-03T14:42:22+0530 lvl=dbug msg="waiting for update" obj=consoleui
t=2026-06-03T14:42:22+0530 lvl=dbug msg="waiting for update" obj=consoleui
t=2026-06-03T14:42:22+0530 lvl=dbug msg="waiting for update" obj=consoleui
t=2026-06-03T14:42:23+0530 lvl=dbug msg="waiting for update" obj=consoleui
t=2026-06-03T14:42:23+0530 lvl=dbug msg="got response for request" id=0b4b50618179 typ=proxy reqpath=/api/auth
t=2026-06-03T14:42:23+0530 lvl=dbug msg="add entry" obj=storage entrysz=2254 sz=10200877
t=2026-06-03T14:42:23+0530 lvl=dbug msg="waiting for update" obj=consoleui
t=2026-06-03T14:42:23+0530 lvl=dbug msg="add entry" obj=storage entrysz=2293 sz=10200877
t=2026-06-03T14:42:23+0530 lvl=dbug msg="gzip decode"
t=2026-06-03T14:42:23+0530 lvl=dbug msg="waiting for update" obj=consoleui
t=2026-06-03T14:42:23+0530 lvl=dbug msg="waiting for update" obj=consoleui
t=2026-06-03T14:42:24+0530 lvl=dbug msg="got request" id=0b4b50618179 typ=proxy path=/dashboard
t=2026-06-03T14:42:24+0530 lvl=dbug msg="add entry" obj=storage entrysz=1187 sz=10203170
t=2026-06-03T14:42:24+0530 lvl=dbug msg="add entry" obj=storage entrysz=1189 sz=10203170
t=2026-06-03T14:42:24+0530 lvl=dbug msg="waiting for update" obj=consoleui
t=2026-06-03T14:42:24+0530 lvl=dbug msg="waiting for update" obj=consoleui
t=2026-06-03T14:42:24+0530 lvl=dbug msg="got response for request" id=0b4b50618179 typ=proxy reqpath=/dashboard
t=2026-06-03T14:42:24+0530 lvl=dbug msg="add entry" obj=storage entrysz=1356 sz=10203170
t=2026-06-03T14:42:24+0530 lvl=dbug msg="add entry" obj=storage entrysz=1374 sz=10203170
t=2026-06-03T14:42:24+0530 lvl=dbug msg="waiting for update" obj=consoleui
t=2026-06-03T14:42:24+0530 lvl=dbug msg="waiting for update" obj=consoleui
t=2026-06-03T14:42:24+0530 lvl=dbug msg="waiting for update" obj=consoleui
t=2026-06-03T14:42:24+0530 lvl=dbug msg="tunnel Accept" obj=tunnels.session obj=csess id=6c675a7035d1 clientid=7b31d0ea5646d09e1d2ee4f665dc47ac reqType=3 remoteAddr=13.127.105.236:443
t=2026-06-03T14:42:24+0530 lvl=dbug msg="waiting for update" obj=consoleui
t=2026-06-03T14:42:24+0530 lvl=dbug msg="dial private connection" id=a44021b72657 addr=localhost:3000 err=nil
t=2026-06-03T14:42:24+0530 lvl=dbug msg="joining tunnel conn to backend" id=a44021b72657 header="{ID:45531bfe77b61f34a2ebdeb8dcdfff6c ClientAddr:171.48.2.44:60222 Proto:https EdgeType:0 PassthroughTLS:false}"
t=2026-06-03T14:42:24+0530 lvl=info msg="join connections" obj=join id=74926b6a68f3 l=[::1]:3000 r=171.48.2.44:60222
t=2026-06-03T14:42:24+0530 lvl=dbug msg="got request" id=0c78424e6bb6 typ=proxy path=/
t=2026-06-03T14:42:24+0530 lvl=dbug msg="add entry" obj=storage entrysz=1108 sz=10204544
t=2026-06-03T14:42:24+0530 lvl=dbug msg="add entry" obj=storage entrysz=1110 sz=10204544
t=2026-06-03T14:42:24+0530 lvl=dbug msg="waiting for update" obj=consoleui
t=2026-06-03T14:42:24+0530 lvl=dbug msg="waiting for update" obj=consoleui
t=2026-06-03T14:42:24+0530 lvl=dbug msg="got request" id=0b4b50618179 typ=proxy path=/sign-in
t=2026-06-03T14:42:24+0530 lvl=dbug msg="add entry" obj=storage entrysz=1185 sz=10205654
t=2026-06-03T14:42:24+0530 lvl=dbug msg="add entry" obj=storage entrysz=1187 sz=10205654
t=2026-06-03T14:42:24+0530 lvl=dbug msg="waiting for update" obj=consoleui
t=2026-06-03T14:42:24+0530 lvl=dbug msg="waiting for update" obj=consoleui
t=2026-06-03T14:42:24+0530 lvl=dbug msg="waiting for update" obj=consoleui
t=2026-06-03T14:42:25+0530 lvl=dbug msg="waiting for update" obj=consoleui
t=2026-06-03T14:42:26+0530 lvl=dbug msg="tunnel Accept" obj=tunnels.session obj=csess id=6c675a7035d1 clientid=7b31d0ea5646d09e1d2ee4f665dc47ac reqType=3 remoteAddr=13.127.105.236:443
t=2026-06-03T14:42:26+0530 lvl=dbug msg="dial private connection" id=4d2e5cb81f22 addr=localhost:3000 err=nil
t=2026-06-03T14:42:26+0530 lvl=dbug msg="joining tunnel conn to backend" id=4d2e5cb81f22 header="{ID:45531bfe77b61f34a2ebdeb8dcdfff6c ClientAddr:171.48.2.44:60222 Proto:https EdgeType:0 PassthroughTLS:false}"
t=2026-06-03T14:42:26+0530 lvl=info msg="join connections" obj=join id=84ee3be77e4d l=[::1]:3000 r=171.48.2.44:60222
t=2026-06-03T14:42:26+0530 lvl=dbug msg="got request" id=d8beb9d15ee3 typ=proxy path=/_next/static/webpack/ecff4b4f0c6204c8.webpack.hot-update.json
t=2026-06-03T14:42:26+0530 lvl=dbug msg="add entry" obj=storage entrysz=863 sz=10206841
t=2026-06-03T14:42:26+0530 lvl=dbug msg="add entry" obj=storage entrysz=863 sz=10206841
t=2026-06-03T14:42:26+0530 lvl=dbug msg="waiting for update" obj=consoleui
t=2026-06-03T14:42:26+0530 lvl=dbug msg="waiting for update" obj=consoleui
t=2026-06-03T14:42:26+0530 lvl=dbug msg="got response for request" id=d8beb9d15ee3 typ=proxy reqpath=/_next/static/webpack/ecff4b4f0c6204c8.webpack.hot-update.json
t=2026-06-03T14:42:26+0530 lvl=dbug msg="add entry" obj=storage entrysz=1192 sz=10206841
t=2026-06-03T14:42:26+0530 lvl=dbug msg="add entry" obj=storage entrysz=1223 sz=10206841
t=2026-06-03T14:42:26+0530 lvl=dbug msg="waiting for update" obj=consoleui
t=2026-06-03T14:42:26+0530 lvl=dbug msg="waiting for update" obj=consoleui
t=2026-06-03T14:42:26+0530 lvl=dbug msg="waiting for update" obj=consoleui
t=2026-06-03T14:42:26+0530 lvl=dbug msg="got request" id=d8beb9d15ee3 typ=proxy path=/_next/static/webpack/webpack.ecff4b4f0c6204c8.hot-update.js
t=2026-06-03T14:42:26+0530 lvl=dbug msg="add entry" obj=storage entrysz=847 sz=10208064
t=2026-06-03T14:42:26+0530 lvl=dbug msg="add entry" obj=storage entrysz=847 sz=10208064
t=2026-06-03T14:42:26+0530 lvl=dbug msg="waiting for update" obj=consoleui
t=2026-06-03T14:42:26+0530 lvl=dbug msg="waiting for update" obj=consoleui
t=2026-06-03T14:42:26+0530 lvl=dbug msg="got response for request" id=d8beb9d15ee3 typ=proxy reqpath=/_next/static/webpack/webpack.ecff4b4f0c6204c8.hot-update.js
t=2026-06-03T14:42:26+0530 lvl=dbug msg="add entry" obj=storage entrysz=1215 sz=10208064
t=2026-06-03T14:42:26+0530 lvl=dbug msg="add entry" obj=storage entrysz=1997 sz=10208064
t=2026-06-03T14:42:26+0530 lvl=dbug msg="gzip decode"
t=2026-06-03T14:42:26+0530 lvl=dbug msg="waiting for update" obj=consoleui
t=2026-06-03T14:42:26+0530 lvl=dbug msg="waiting for update" obj=consoleui
t=2026-06-03T14:42:26+0530 lvl=dbug msg="waiting for update" obj=consoleui
t=2026-06-03T14:42:26+0530 lvl=dbug msg="waiting for update" obj=consoleui
t=2026-06-03T14:42:27+0530 lvl=dbug msg="got response for request" id=0c78424e6bb6 typ=proxy reqpath=/
t=2026-06-03T14:42:27+0530 lvl=dbug msg="add entry" obj=storage entrysz=1486 sz=10208951
t=2026-06-03T14:42:27+0530 lvl=dbug msg="add entry" obj=storage entrysz=1510 sz=10208951
t=2026-06-03T14:42:27+0530 lvl=dbug msg="waiting for update" obj=consoleui
t=2026-06-03T14:42:27+0530 lvl=dbug msg="waiting for update" obj=consoleui
t=2026-06-03T14:42:27+0530 lvl=dbug msg="waiting for update" obj=consoleui
t=2026-06-03T14:42:27+0530 lvl=dbug msg="got response for request" id=0b4b50618179 typ=proxy reqpath=/sign-in
t=2026-06-03T14:42:27+0530 lvl=dbug msg="add entry" obj=storage entrysz=1694 sz=10209274
t=2026-06-03T14:42:27+0530 lvl=dbug msg="waiting for update" obj=consoleui
t=2026-06-03T14:42:27+0530 lvl=dbug msg="add entry" obj=storage entrysz=7128 sz=10209274
t=2026-06-03T14:42:27+0530 lvl=dbug msg="gzip decode"
t=2026-06-03T14:42:27+0530 lvl=dbug msg="waiting for update" obj=consoleui
t=2026-06-03T14:42:27+0530 lvl=dbug msg="waiting for update" obj=consoleui
t=2026-06-03T14:42:27+0530 lvl=dbug msg="half join complete" obj=join id=b54b018479a3 from=171.48.2.44:60222 to=[::1]:3000 nbytes=16523 err=nil
t=2026-06-03T14:42:27+0530 lvl=dbug msg=http.ReadRequest id=0b4b50618179 typ=proxy err=EOF
t=2026-06-03T14:42:27+0530 lvl=dbug msg="half join complete" obj=join id=b54b018479a3 from=[::1]:3000 to=171.48.2.44:60222 nbytes=3078689 err="writeto tcp [::1]:57234->[::1]:3000: read tcp [::1]:57234->[::1]:3000: use of closed network connection"
t=2026-06-03T14:42:27+0530 lvl=dbug msg=close obj=tunnels.session obj=csess id=6c675a7035d1 clientid=7b31d0ea5646d09e1d2ee4f665dc47ac id=d2e8d6b74c64 type=proxy sess=7b31d0ea5646d09e1d2ee4f665dc47ac err=nil
t=2026-06-03T14:42:27+0530 lvl=dbug msg=close id=0b4b50618179 typ=proxy err=nil
t=2026-06-03T14:42:27+0530 lvl=dbug msg=close id=c4bff986e72a err=nil
t=2026-06-03T14:42:27+0530 lvl=dbug msg=http.ReadResponse id=0b4b50618179 typ=proxy err="unexpected EOF"
t=2026-06-03T14:42:27+0530 lvl=dbug msg=close obj=tunnels.session obj=csess id=6c675a7035d1 clientid=7b31d0ea5646d09e1d2ee4f665dc47ac id=d2e8d6b74c64 type=proxy sess=7b31d0ea5646d09e1d2ee4f665dc47ac err=nil
t=2026-06-03T14:42:27+0530 lvl=dbug msg=close id=0b4b50618179 typ=proxy err=nil
t=2026-06-03T14:42:27+0530 lvl=dbug msg=close id=c4bff986e72a err=nil
t=2026-06-03T14:42:27+0530 lvl=dbug msg=close obj=tunnels.session obj=csess id=6c675a7035d1 clientid=7b31d0ea5646d09e1d2ee4f665dc47ac id=d2e8d6b74c64 type=proxy sess=7b31d0ea5646d09e1d2ee4f665dc47ac err=nil
t=2026-06-03T14:42:27+0530 lvl=dbug msg=close id=0b4b50618179 typ=proxy err=nil
t=2026-06-03T14:42:27+0530 lvl=dbug msg=close obj=tunnels.session obj=csess id=6c675a7035d1 clientid=7b31d0ea5646d09e1d2ee4f665dc47ac id=d2e8d6b74c64 type=proxy sess=7b31d0ea5646d09e1d2ee4f665dc47ac err=nil
t=2026-06-03T14:42:27+0530 lvl=dbug msg=close id=0b4b50618179 typ=proxy err=nil
t=2026-06-03T14:42:27+0530 lvl=dbug msg=close obj=tunnels.session obj=csess id=6c675a7035d1 clientid=7b31d0ea5646d09e1d2ee4f665dc47ac id=d2e8d6b74c64 type=proxy sess=7b31d0ea5646d09e1d2ee4f665dc47ac err=nil
t=2026-06-03T14:42:27+0530 lvl=dbug msg=close id=0b4b50618179 typ=proxy err=nil
t=2026-06-03T14:42:27+0530 lvl=dbug msg="waiting for update" obj=consoleui
t=2026-06-03T14:42:27+0530 lvl=dbug msg="waiting for update" obj=consoleui
t=2026-06-03T14:42:27+0530 lvl=dbug msg="got request" id=0c78424e6bb6 typ=proxy path=/_next/static/chunks/app/(auth)/sign-in/page.js
t=2026-06-03T14:42:27+0530 lvl=dbug msg="add entry" obj=storage entrysz=834 sz=10216402
t=2026-06-03T14:42:27+0530 lvl=dbug msg="add entry" obj=storage entrysz=834 sz=10216402
t=2026-06-03T14:42:27+0530 lvl=dbug msg="got request" id=d8beb9d15ee3 typ=proxy path=/sign-in
t=2026-06-03T14:42:27+0530 lvl=dbug msg="add entry" obj=storage entrysz=1093 sz=10217236
t=2026-06-03T14:42:27+0530 lvl=dbug msg="add entry" obj=storage entrysz=1093 sz=10217236
t=2026-06-03T14:42:27+0530 lvl=dbug msg="waiting for update" obj=consoleui
t=2026-06-03T14:42:27+0530 lvl=dbug msg="waiting for update" obj=consoleui
t=2026-06-03T14:42:27+0530 lvl=dbug msg="waiting for update" obj=consoleui
t=2026-06-03T14:42:27+0530 lvl=dbug msg="waiting for update" obj=consoleui
t=2026-06-03T14:42:27+0530 lvl=dbug msg="got response for request" id=0c78424e6bb6 typ=proxy reqpath=/_next/static/chunks/app/(auth)/sign-in/page.js
t=2026-06-03T14:42:27+0530 lvl=dbug msg="add entry" obj=storage entrysz=1205 sz=10217495
t=2026-06-03T14:42:27+0530 lvl=dbug msg="waiting for update" obj=consoleui
t=2026-06-03T14:42:27+0530 lvl=dbug msg="got response for request" id=d8beb9d15ee3 typ=proxy reqpath=/sign-in
t=2026-06-03T14:42:27+0530 lvl=dbug msg="add entry" obj=storage entrysz=1426 sz=10217607
t=2026-06-03T14:42:27+0530 lvl=dbug msg="waiting for update" obj=consoleui
t=2026-06-03T14:42:27+0530 lvl=dbug msg="add entry" obj=storage entrysz=3047 sz=10217607
t=2026-06-03T14:42:27+0530 lvl=dbug msg="gzip decode"
t=2026-06-03T14:42:27+0530 lvl=dbug msg="waiting for update" obj=consoleui
t=2026-06-03T14:42:27+0530 lvl=dbug msg="waiting for update" obj=consoleui
t=2026-06-03T14:42:28+0530 lvl=dbug msg="add entry" obj=storage entrysz=552867 sz=10219449
t=2026-06-03T14:42:28+0530 lvl=dbug msg="waiting for update" obj=consoleui
t=2026-06-03T14:42:28+0530 lvl=dbug msg="gzip decode"
t=2026-06-03T14:42:28+0530 lvl=dbug msg="waiting for update" obj=consoleui
t=2026-06-03T14:42:28+0530 lvl=dbug msg="got request" id=0c78424e6bb6 typ=proxy path=/_next/static/css/app/layout.css
t=2026-06-03T14:42:28+0530 lvl=dbug msg="add entry" obj=storage entrysz=864 sz=10772316
t=2026-06-03T14:42:28+0530 lvl=dbug msg="add entry" obj=storage entrysz=864 sz=10772316
t=2026-06-03T14:42:28+0530 lvl=dbug msg="waiting for update" obj=consoleui
t=2026-06-03T14:42:28+0530 lvl=dbug msg="waiting for update" obj=consoleui
t=2026-06-03T14:42:28+0530 lvl=dbug msg="got response for request" id=0c78424e6bb6 typ=proxy reqpath=/_next/static/css/app/layout.css
t=2026-06-03T14:42:28+0530 lvl=dbug msg="add entry" obj=storage entrysz=1220 sz=10772316
t=2026-06-03T14:42:28+0530 lvl=dbug msg="waiting for update" obj=consoleui
t=2026-06-03T14:42:28+0530 lvl=dbug msg="add entry" obj=storage entrysz=29856 sz=10772316
t=2026-06-03T14:42:28+0530 lvl=dbug msg="gzip decode"
t=2026-06-03T14:42:28+0530 lvl=dbug msg="waiting for update" obj=consoleui
t=2026-06-03T14:42:28+0530 lvl=dbug msg="waiting for update" obj=consoleui
t=2026-06-03T14:42:28+0530 lvl=dbug msg="waiting for update" obj=consoleui
t=2026-06-03T14:42:28+0530 lvl=dbug msg="got request" id=0c78424e6bb6 typ=proxy path=/favicon.ico
t=2026-06-03T14:42:28+0530 lvl=dbug msg="add entry" obj=storage entrysz=875 sz=10802172
t=2026-06-03T14:42:28+0530 lvl=dbug msg="add entry" obj=storage entrysz=875 sz=10802172
t=2026-06-03T14:42:28+0530 lvl=dbug msg="waiting for update" obj=consoleui
t=2026-06-03T14:42:28+0530 lvl=dbug msg="waiting for update" obj=consoleui
t=2026-06-03T14:42:28+0530 lvl=dbug msg="got response for request" id=0c78424e6bb6 typ=proxy reqpath=/favicon.ico
t=2026-06-03T14:42:28+0530 lvl=dbug msg="add entry" obj=storage entrysz=1172 sz=10802172
t=2026-06-03T14:42:28+0530 lvl=dbug msg="add entry" obj=storage entrysz=27116 sz=10802172
t=2026-06-03T14:42:28+0530 lvl=dbug msg="waiting for update" obj=consoleui
t=2026-06-03T14:42:28+0530 lvl=dbug msg="waiting for update" obj=consoleui
t=2026-06-03T14:42:28+0530 lvl=dbug msg="waiting for update" obj=consoleui
t=2026-06-03T14:42:29+0530 lvl=dbug msg="waiting for update" obj=consoleui
t=2026-06-03T14:42:30+0530 lvl=dbug msg="waiting for update" obj=consoleui
t=2026-06-03T14:42:31+0530 lvl=dbug msg="heartbeat received" obj=tunnels.session obj=csess id=6c675a7035d1 clientid=7b31d0ea5646d09e1d2ee4f665dc47ac latency_ms=98
t=2026-06-03T14:42:31+0530 lvl=dbug msg="waiting for update" obj=consoleui
t=2026-06-03T14:42:32+0530 lvl=dbug msg="waiting for update" obj=consoleui
t=2026-06-03T14:42:33+0530 lvl=dbug msg="waiting for update" obj=consoleui
t=2026-06-03T14:42:33+0530 lvl=dbug msg="half join complete" obj=join id=84ee3be77e4d from=[::1]:3000 to=171.48.2.44:60222 nbytes=3464 err=nil
t=2026-06-03T14:42:33+0530 lvl=dbug msg=close obj=tunnels.session obj=csess id=6c675a7035d1 clientid=7b31d0ea5646d09e1d2ee4f665dc47ac id=9e8bf8c6d4f9 type=proxy sess=7b31d0ea5646d09e1d2ee4f665dc47ac err=nil
t=2026-06-03T14:42:33+0530 lvl=dbug msg=close id=d8beb9d15ee3 typ=proxy err=nil
t=2026-06-03T14:42:33+0530 lvl=dbug msg=close id=4d2e5cb81f22 err=nil
t=2026-06-03T14:42:33+0530 lvl=dbug msg=http.ReadRequest id=d8beb9d15ee3 typ=proxy err=EOF
t=2026-06-03T14:42:33+0530 lvl=dbug msg=http.ReadResponse id=d8beb9d15ee3 typ=proxy err="unexpected EOF"
t=2026-06-03T14:42:33+0530 lvl=dbug msg="half join complete" obj=join id=84ee3be77e4d from=171.48.2.44:60222 to=[::1]:3000 nbytes=2803 err="readfrom tcp [::1]:65169->[::1]:3000: stream closed"
t=2026-06-03T14:42:33+0530 lvl=dbug msg=close obj=tunnels.session obj=csess id=6c675a7035d1 clientid=7b31d0ea5646d09e1d2ee4f665dc47ac id=9e8bf8c6d4f9 type=proxy sess=7b31d0ea5646d09e1d2ee4f665dc47ac err=nil
t=2026-06-03T14:42:33+0530 lvl=dbug msg=close id=d8beb9d15ee3 typ=proxy err=nil
t=2026-06-03T14:42:33+0530 lvl=dbug msg=close id=4d2e5cb81f22 err=nil
t=2026-06-03T14:42:33+0530 lvl=dbug msg=close obj=tunnels.session obj=csess id=6c675a7035d1 clientid=7b31d0ea5646d09e1d2ee4f665dc47ac id=9e8bf8c6d4f9 type=proxy sess=7b31d0ea5646d09e1d2ee4f665dc47ac err=nil
t=2026-06-03T14:42:33+0530 lvl=dbug msg=close id=d8beb9d15ee3 typ=proxy err=nil
t=2026-06-03T14:42:33+0530 lvl=dbug msg=close obj=tunnels.session obj=csess id=6c675a7035d1 clientid=7b31d0ea5646d09e1d2ee4f665dc47ac id=9e8bf8c6d4f9 type=proxy sess=7b31d0ea5646d09e1d2ee4f665dc47ac err=nil
t=2026-06-03T14:42:33+0530 lvl=dbug msg=close id=d8beb9d15ee3 typ=proxy err=nil
t=2026-06-03T14:42:33+0530 lvl=dbug msg=close obj=tunnels.session obj=csess id=6c675a7035d1 clientid=7b31d0ea5646d09e1d2ee4f665dc47ac id=9e8bf8c6d4f9 type=proxy sess=7b31d0ea5646d09e1d2ee4f665dc47ac err=nil
t=2026-06-03T14:42:33+0530 lvl=dbug msg=close id=d8beb9d15ee3 typ=proxy err=nil
t=2026-06-03T14:42:33+0530 lvl=dbug msg="waiting for update" obj=consoleui
t=2026-06-03T14:42:34+0530 lvl=dbug msg="waiting for update" obj=consoleui
t=2026-06-03T14:42:34+0530 lvl=dbug msg="half join complete" obj=join id=74926b6a68f3 from=[::1]:3000 to=171.48.2.44:60222 nbytes=607666 err=nil
t=2026-06-03T14:42:34+0530 lvl=dbug msg=close obj=tunnels.session obj=csess id=6c675a7035d1 clientid=7b31d0ea5646d09e1d2ee4f665dc47ac id=ced944cab1ac type=proxy sess=7b31d0ea5646d09e1d2ee4f665dc47ac err=nil
t=2026-06-03T14:42:34+0530 lvl=dbug msg=close id=0c78424e6bb6 typ=proxy err=nil
t=2026-06-03T14:42:34+0530 lvl=dbug msg=close id=a44021b72657 err=nil
t=2026-06-03T14:42:34+0530 lvl=dbug msg="half join complete" obj=join id=74926b6a68f3 from=171.48.2.44:60222 to=[::1]:3000 nbytes=3683 err="readfrom tcp [::1]:65168->[::1]:3000: stream closed"
t=2026-06-03T14:42:34+0530 lvl=dbug msg=http.ReadRequest id=0c78424e6bb6 typ=proxy err=EOF
t=2026-06-03T14:42:34+0530 lvl=dbug msg=http.ReadResponse id=0c78424e6bb6 typ=proxy err="unexpected EOF"
t=2026-06-03T14:42:34+0530 lvl=dbug msg=close obj=tunnels.session obj=csess id=6c675a7035d1 clientid=7b31d0ea5646d09e1d2ee4f665dc47ac id=ced944cab1ac type=proxy sess=7b31d0ea5646d09e1d2ee4f665dc47ac err=nil
t=2026-06-03T14:42:34+0530 lvl=dbug msg=close id=0c78424e6bb6 typ=proxy err=nil
t=2026-06-03T14:42:34+0530 lvl=dbug msg=close id=a44021b72657 err=nil
t=2026-06-03T14:42:34+0530 lvl=dbug msg=close obj=tunnels.session obj=csess id=6c675a7035d1 clientid=7b31d0ea5646d09e1d2ee4f665dc47ac id=ced944cab1ac type=proxy sess=7b31d0ea5646d09e1d2ee4f665dc47ac err=nil
t=2026-06-03T14:42:34+0530 lvl=dbug msg=close id=0c78424e6bb6 typ=proxy err=nil
t=2026-06-03T14:42:34+0530 lvl=dbug msg=close obj=tunnels.session obj=csess id=6c675a7035d1 clientid=7b31d0ea5646d09e1d2ee4f665dc47ac id=ced944cab1ac type=proxy sess=7b31d0ea5646d09e1d2ee4f665dc47ac err=nil
t=2026-06-03T14:42:34+0530 lvl=dbug msg=close id=0c78424e6bb6 typ=proxy err=nil
t=2026-06-03T14:42:34+0530 lvl=dbug msg=close obj=tunnels.session obj=csess id=6c675a7035d1 clientid=7b31d0ea5646d09e1d2ee4f665dc47ac id=ced944cab1ac type=proxy sess=7b31d0ea5646d09e1d2ee4f665dc47ac err=nil
t=2026-06-03T14:42:34+0530 lvl=dbug msg=close id=0c78424e6bb6 typ=proxy err=nil
t=2026-06-03T14:42:34+0530 lvl=dbug msg="waiting for update" obj=consoleui
t=2026-06-03T14:42:35+0530 lvl=dbug msg="waiting for update" obj=consoleui
t=2026-06-03T14:42:36+0530 lvl=dbug msg="waiting for update" obj=consoleui
t=2026-06-03T14:42:37+0530 lvl=dbug msg="waiting for update" obj=consoleui
t=2026-06-03T14:42:38+0530 lvl=dbug msg="waiting for update" obj=consoleui
t=2026-06-03T14:42:39+0530 lvl=dbug msg="waiting for update" obj=consoleui
t=2026-06-03T14:42:40+0530 lvl=dbug msg="waiting for update" obj=consoleui
t=2026-06-03T14:42:41+0530 lvl=dbug msg="heartbeat received" obj=tunnels.session obj=csess id=6c675a7035d1 clientid=7b31d0ea5646d09e1d2ee4f665dc47ac latency_ms=151
t=2026-06-03T14:42:41+0530 lvl=dbug msg="waiting for update" obj=consoleui
t=2026-06-03T14:42:42+0530 lvl=dbug msg="waiting for update" obj=consoleui
t=2026-06-03T14:42:43+0530 lvl=dbug msg="waiting for update" obj=consoleui
t=2026-06-03T14:42:44+0530 lvl=dbug msg="tunnel Accept" obj=tunnels.session obj=csess id=6c675a7035d1 clientid=7b31d0ea5646d09e1d2ee4f665dc47ac reqType=3 remoteAddr=13.127.105.236:443
t=2026-06-03T14:42:44+0530 lvl=dbug msg="dial private connection" id=6859105f43da addr=localhost:3000 err=nil
t=2026-06-03T14:42:44+0530 lvl=dbug msg="joining tunnel conn to backend" id=6859105f43da header="{ID:45531bfe77b61f34a2ebdeb8dcdfff6c ClientAddr:171.48.2.44:60222 Proto:https EdgeType:0 PassthroughTLS:false}"
t=2026-06-03T14:42:44+0530 lvl=info msg="join connections" obj=join id=7cf8afe8cb95 l=[::1]:3000 r=171.48.2.44:60222
t=2026-06-03T14:42:44+0530 lvl=dbug msg="got request" id=f061d02411fb typ=proxy path=/api/auth
t=2026-06-03T14:42:44+0530 lvl=dbug msg="add entry" obj=storage entrysz=927 sz=10829288
t=2026-06-03T14:42:44+0530 lvl=dbug msg="add entry" obj=storage entrysz=1102 sz=10829288
t=2026-06-03T14:42:44+0530 lvl=dbug msg="waiting for update" obj=consoleui
t=2026-06-03T14:42:44+0530 lvl=dbug msg="waiting for update" obj=consoleui
t=2026-06-03T14:42:44+0530 lvl=dbug msg="waiting for update" obj=consoleui
t=2026-06-03T14:42:44+0530 lvl=dbug msg="waiting for update" obj=consoleui
t=2026-06-03T14:42:44+0530 lvl=dbug msg="got response for request" id=f061d02411fb typ=proxy reqpath=/api/auth
t=2026-06-03T14:42:44+0530 lvl=dbug msg="add entry" obj=storage entrysz=1688 sz=10829288
t=2026-06-03T14:42:44+0530 lvl=dbug msg="waiting for update" obj=consoleui
t=2026-06-03T14:42:44+0530 lvl=dbug msg="add entry" obj=storage entrysz=1808 sz=10829288
t=2026-06-03T14:42:44+0530 lvl=dbug msg="gzip decode"
t=2026-06-03T14:42:44+0530 lvl=dbug msg="waiting for update" obj=consoleui
t=2026-06-03T14:42:45+0530 lvl=dbug msg="waiting for update" obj=consoleui
t=2026-06-03T14:42:45+0530 lvl=dbug msg="got request" id=f061d02411fb typ=proxy path=/__nextjs_original-stack-frames
t=2026-06-03T14:42:45+0530 lvl=dbug msg="add entry" obj=storage entrysz=949 sz=10831096
t=2026-06-03T14:42:45+0530 lvl=dbug msg="add entry" obj=storage entrysz=1727 sz=10831096
t=2026-06-03T14:42:45+0530 lvl=dbug msg="waiting for update" obj=consoleui
t=2026-06-03T14:42:45+0530 lvl=dbug msg="waiting for update" obj=consoleui
t=2026-06-03T14:42:45+0530 lvl=dbug msg="got response for request" id=f061d02411fb typ=proxy reqpath=/__nextjs_original-stack-frames
t=2026-06-03T14:42:45+0530 lvl=dbug msg="add entry" obj=storage entrysz=2059 sz=10831096
t=2026-06-03T14:42:45+0530 lvl=dbug msg="add entry" obj=storage entrysz=2779 sz=10831096
t=2026-06-03T14:42:45+0530 lvl=dbug msg="gzip decode"
t=2026-06-03T14:42:45+0530 lvl=dbug msg="waiting for update" obj=consoleui
t=2026-06-03T14:42:45+0530 lvl=dbug msg="waiting for update" obj=consoleui
t=2026-06-03T14:42:45+0530 lvl=dbug msg="waiting for update" obj=consoleui
t=2026-06-03T14:42:45+0530 lvl=dbug msg="waiting for update" obj=consoleui
t=2026-06-03T14:42:46+0530 lvl=dbug msg="waiting for update" obj=consoleui
t=2026-06-03T14:42:47+0530 lvl=dbug msg="waiting for update" obj=consoleui
t=2026-06-03T14:42:47+0530 lvl=dbug msg="got request" id=f061d02411fb typ=proxy path=/api/auth
t=2026-06-03T14:42:47+0530 lvl=dbug msg="add entry" obj=storage entrysz=926 sz=10833875
t=2026-06-03T14:42:47+0530 lvl=dbug msg="add entry" obj=storage entrysz=991 sz=10833875
t=2026-06-03T14:42:47+0530 lvl=dbug msg="waiting for update" obj=consoleui
t=2026-06-03T14:42:47+0530 lvl=dbug msg="waiting for update" obj=consoleui
t=2026-06-03T14:42:48+0530 lvl=dbug msg="got response for request" id=f061d02411fb typ=proxy reqpath=/api/auth
t=2026-06-03T14:42:48+0530 lvl=dbug msg="add entry" obj=storage entrysz=1376 sz=10833875
t=2026-06-03T14:42:48+0530 lvl=dbug msg="add entry" obj=storage entrysz=1516 sz=10833875
t=2026-06-03T14:42:48+0530 lvl=dbug msg="gzip decode"
t=2026-06-03T14:42:48+0530 lvl=dbug msg="waiting for update" obj=consoleui
t=2026-06-03T14:42:48+0530 lvl=dbug msg="waiting for update" obj=consoleui
t=2026-06-03T14:42:48+0530 lvl=dbug msg="waiting for update" obj=consoleui
t=2026-06-03T14:42:48+0530 lvl=dbug msg="waiting for update" obj=consoleui
t=2026-06-03T14:42:49+0530 lvl=dbug msg="waiting for update" obj=consoleui
t=2026-06-03T14:42:50+0530 lvl=dbug msg="half join complete" obj=join id=612cab3addad from=171.48.2.44:65163 to=[::1]:3000 nbytes=5398 err=nil
t=2026-06-03T14:42:50+0530 lvl=dbug msg=http.ReadRequest id=1b855580944b typ=proxy err=EOF
t=2026-06-03T14:42:50+0530 lvl=dbug msg="half join complete" obj=join id=612cab3addad from=[::1]:3000 to=171.48.2.44:65163 nbytes=1672 err="writeto tcp [::1]:65165->[::1]:3000: read tcp [::1]:65165->[::1]:3000: use of closed network connection"
t=2026-06-03T14:42:50+0530 lvl=dbug msg=close obj=tunnels.session obj=csess id=6c675a7035d1 clientid=7b31d0ea5646d09e1d2ee4f665dc47ac id=94e94ad6047d type=proxy sess=7b31d0ea5646d09e1d2ee4f665dc47ac err=nil
t=2026-06-03T14:42:50+0530 lvl=dbug msg=close id=1b855580944b typ=proxy err=nil
t=2026-06-03T14:42:50+0530 lvl=dbug msg=close id=f6c0c85eaffe err=nil
t=2026-06-03T14:42:50+0530 lvl=dbug msg=http.ReadResponse id=1b855580944b typ=proxy err="unexpected EOF"
t=2026-06-03T14:42:50+0530 lvl=dbug msg=close obj=tunnels.session obj=csess id=6c675a7035d1 clientid=7b31d0ea5646d09e1d2ee4f665dc47ac id=94e94ad6047d type=proxy sess=7b31d0ea5646d09e1d2ee4f665dc47ac err=nil
t=2026-06-03T14:42:50+0530 lvl=dbug msg=close id=1b855580944b typ=proxy err=nil
t=2026-06-03T14:42:50+0530 lvl=dbug msg=close id=f6c0c85eaffe err=nil
t=2026-06-03T14:42:50+0530 lvl=dbug msg=close obj=tunnels.session obj=csess id=6c675a7035d1 clientid=7b31d0ea5646d09e1d2ee4f665dc47ac id=94e94ad6047d type=proxy sess=7b31d0ea5646d09e1d2ee4f665dc47ac err=nil
t=2026-06-03T14:42:50+0530 lvl=dbug msg=close id=1b855580944b typ=proxy err=nil
t=2026-06-03T14:42:50+0530 lvl=dbug msg=close obj=tunnels.session obj=csess id=6c675a7035d1 clientid=7b31d0ea5646d09e1d2ee4f665dc47ac id=94e94ad6047d type=proxy sess=7b31d0ea5646d09e1d2ee4f665dc47ac err=nil
t=2026-06-03T14:42:50+0530 lvl=dbug msg=close id=1b855580944b typ=proxy err=nil
t=2026-06-03T14:42:50+0530 lvl=dbug msg=close obj=tunnels.session obj=csess id=6c675a7035d1 clientid=7b31d0ea5646d09e1d2ee4f665dc47ac id=94e94ad6047d type=proxy sess=7b31d0ea5646d09e1d2ee4f665dc47ac err=nil
t=2026-06-03T14:42:50+0530 lvl=dbug msg=close id=1b855580944b typ=proxy err=nil
t=2026-06-03T14:42:50+0530 lvl=dbug msg="waiting for update" obj=consoleui
t=2026-06-03T14:42:50+0530 lvl=dbug msg="waiting for update" obj=consoleui
t=2026-06-03T14:42:51+0530 lvl=dbug msg="heartbeat received" obj=tunnels.session obj=csess id=6c675a7035d1 clientid=7b31d0ea5646d09e1d2ee4f665dc47ac latency_ms=179
t=2026-06-03T14:42:51+0530 lvl=dbug msg="waiting for update" obj=consoleui
t=2026-06-03T14:42:52+0530 lvl=dbug msg="waiting for update" obj=consoleui
t=2026-06-03T14:42:53+0530 lvl=dbug msg="waiting for update" obj=consoleui
t=2026-06-03T14:42:53+0530 lvl=dbug msg="got request" id=f061d02411fb typ=proxy path=/sign-in
t=2026-06-03T14:42:53+0530 lvl=dbug msg="add entry" obj=storage entrysz=1099 sz=10835391
t=2026-06-03T14:42:53+0530 lvl=dbug msg="add entry" obj=storage entrysz=1099 sz=10835391
t=2026-06-03T14:42:53+0530 lvl=dbug msg="waiting for update" obj=consoleui
t=2026-06-03T14:42:53+0530 lvl=dbug msg="waiting for update" obj=consoleui
t=2026-06-03T14:42:54+0530 lvl=dbug msg="got response for request" id=f061d02411fb typ=proxy reqpath=/sign-in
t=2026-06-03T14:42:54+0530 lvl=dbug msg="add entry" obj=storage entrysz=1546 sz=10835391
t=2026-06-03T14:42:54+0530 lvl=dbug msg="waiting for update" obj=consoleui
t=2026-06-03T14:42:54+0530 lvl=dbug msg="add entry" obj=storage entrysz=10831 sz=10835391
t=2026-06-03T14:42:54+0530 lvl=dbug msg="gzip decode"
t=2026-06-03T14:42:54+0530 lvl=dbug msg="waiting for update" obj=consoleui
t=2026-06-03T14:42:54+0530 lvl=dbug msg="waiting for update" obj=consoleui
t=2026-06-03T14:42:54+0530 lvl=dbug msg="waiting for update" obj=consoleui
t=2026-06-03T14:42:54+0530 lvl=dbug msg="tunnel Accept" obj=tunnels.session obj=csess id=6c675a7035d1 clientid=7b31d0ea5646d09e1d2ee4f665dc47ac reqType=3 remoteAddr=13.127.105.236:443
t=2026-06-03T14:42:54+0530 lvl=dbug msg="tunnel Accept" obj=tunnels.session obj=csess id=6c675a7035d1 clientid=7b31d0ea5646d09e1d2ee4f665dc47ac reqType=3 remoteAddr=13.127.105.236:443
t=2026-06-03T14:42:54+0530 lvl=dbug msg="tunnel Accept" obj=tunnels.session obj=csess id=6c675a7035d1 clientid=7b31d0ea5646d09e1d2ee4f665dc47ac reqType=3 remoteAddr=13.127.105.236:443
t=2026-06-03T14:42:54+0530 lvl=dbug msg="tunnel Accept" obj=tunnels.session obj=csess id=6c675a7035d1 clientid=7b31d0ea5646d09e1d2ee4f665dc47ac reqType=3 remoteAddr=13.127.105.236:443
t=2026-06-03T14:42:54+0530 lvl=dbug msg="got request" id=f061d02411fb typ=proxy path=/_next/static/css/app/layout.css
t=2026-06-03T14:42:54+0530 lvl=dbug msg="add entry" obj=storage entrysz=929 sz=10846222
t=2026-06-03T14:42:54+0530 lvl=dbug msg="add entry" obj=storage entrysz=929 sz=10846222
t=2026-06-03T14:42:54+0530 lvl=dbug msg="waiting for update" obj=consoleui
t=2026-06-03T14:42:54+0530 lvl=dbug msg="waiting for update" obj=consoleui
t=2026-06-03T14:42:54+0530 lvl=dbug msg="got response for request" id=f061d02411fb typ=proxy reqpath=/_next/static/css/app/layout.css
t=2026-06-03T14:42:54+0530 lvl=dbug msg="add entry" obj=storage entrysz=1285 sz=10846222
t=2026-06-03T14:42:54+0530 lvl=dbug msg="waiting for update" obj=consoleui
t=2026-06-03T14:42:54+0530 lvl=dbug msg="dial private connection" id=797923f7944b addr=localhost:3000 err=nil
t=2026-06-03T14:42:54+0530 lvl=dbug msg="joining tunnel conn to backend" id=797923f7944b header="{ID:45531bfe77b61f34a2ebdeb8dcdfff6c ClientAddr:171.48.2.44:60222 Proto:https EdgeType:0 PassthroughTLS:false}"
t=2026-06-03T14:42:54+0530 lvl=info msg="join connections" obj=join id=9a1244fb975c l=[::1]:3000 r=171.48.2.44:60222
t=2026-06-03T14:42:54+0530 lvl=dbug msg="dial private connection" id=27de4c364894 addr=localhost:3000 err=nil
t=2026-06-03T14:42:54+0530 lvl=dbug msg="joining tunnel conn to backend" id=27de4c364894 header="{ID:45531bfe77b61f34a2ebdeb8dcdfff6c ClientAddr:171.48.2.44:60222 Proto:https EdgeType:0 PassthroughTLS:false}"
t=2026-06-03T14:42:54+0530 lvl=info msg="join connections" obj=join id=ce663728de24 l=[::1]:3000 r=171.48.2.44:60222
t=2026-06-03T14:42:54+0530 lvl=dbug msg="dial private connection" id=c917f1736155 addr=localhost:3000 err=nil
t=2026-06-03T14:42:54+0530 lvl=dbug msg="joining tunnel conn to backend" id=c917f1736155 header="{ID:45531bfe77b61f34a2ebdeb8dcdfff6c ClientAddr:171.48.2.44:60222 Proto:https EdgeType:0 PassthroughTLS:false}"
t=2026-06-03T14:42:54+0530 lvl=info msg="join connections" obj=join id=2877f111ee16 l=[::1]:3000 r=171.48.2.44:60222
t=2026-06-03T14:42:54+0530 lvl=dbug msg="add entry" obj=storage entrysz=29921 sz=10846222
t=2026-06-03T14:42:54+0530 lvl=dbug msg="gzip decode"
t=2026-06-03T14:42:54+0530 lvl=dbug msg="waiting for update" obj=consoleui
t=2026-06-03T14:42:54+0530 lvl=dbug msg="waiting for update" obj=consoleui
t=2026-06-03T14:42:54+0530 lvl=dbug msg="got request" id=bb838d017b74 typ=proxy path=/_next/static/chunks/app-pages-internals.js
t=2026-06-03T14:42:54+0530 lvl=dbug msg="add entry" obj=storage entrysz=895 sz=10876143
t=2026-06-03T14:42:54+0530 lvl=dbug msg="add entry" obj=storage entrysz=895 sz=10876143
t=2026-06-03T14:42:54+0530 lvl=dbug msg="tunnel Accept" obj=tunnels.session obj=csess id=6c675a7035d1 clientid=7b31d0ea5646d09e1d2ee4f665dc47ac reqType=3 remoteAddr=13.127.105.236:443
t=2026-06-03T14:42:54+0530 lvl=dbug msg="got request" id=23f0bb483c0a typ=proxy path=/_next/static/chunks/webpack.js
t=2026-06-03T14:42:54+0530 lvl=dbug msg="add entry" obj=storage entrysz=899 sz=10877038
t=2026-06-03T14:42:54+0530 lvl=dbug msg="add entry" obj=storage entrysz=899 sz=10877038
t=2026-06-03T14:42:54+0530 lvl=dbug msg="got request" id=2e29d504e712 typ=proxy path=/_next/static/chunks/app/layout.js
t=2026-06-03T14:42:54+0530 lvl=dbug msg="add entry" obj=storage entrysz=886 sz=10877937
t=2026-06-03T14:42:54+0530 lvl=dbug msg="add entry" obj=storage entrysz=886 sz=10877937
t=2026-06-03T14:42:54+0530 lvl=dbug msg="dial private connection" id=3a31485571bf addr=localhost:3000 err=nil
t=2026-06-03T14:42:54+0530 lvl=dbug msg="joining tunnel conn to backend" id=3a31485571bf header="{ID:45531bfe77b61f34a2ebdeb8dcdfff6c ClientAddr:171.48.2.44:60222 Proto:https EdgeType:0 PassthroughTLS:false}"
t=2026-06-03T14:42:54+0530 lvl=info msg="join connections" obj=join id=424ef8a0cc12 l=[::1]:3000 r=171.48.2.44:60222
t=2026-06-03T14:42:54+0530 lvl=dbug msg="dial private connection" id=ff67560ebc8c addr=localhost:3000 err=nil
t=2026-06-03T14:42:54+0530 lvl=dbug msg="joining tunnel conn to backend" id=ff67560ebc8c header="{ID:45531bfe77b61f34a2ebdeb8dcdfff6c ClientAddr:171.48.2.44:60222 Proto:https EdgeType:0 PassthroughTLS:false}"
t=2026-06-03T14:42:54+0530 lvl=info msg="join connections" obj=join id=aff75610ba88 l=[::1]:3000 r=171.48.2.44:60222
t=2026-06-03T14:42:54+0530 lvl=dbug msg="got request" id=96f2789c6e48 typ=proxy path=/_next/static/chunks/main-app.js
t=2026-06-03T14:42:54+0530 lvl=dbug msg="add entry" obj=storage entrysz=900 sz=10878823
t=2026-06-03T14:42:54+0530 lvl=dbug msg="add entry" obj=storage entrysz=900 sz=10878823
t=2026-06-03T14:42:54+0530 lvl=dbug msg="got request" id=56b9fb1164a2 typ=proxy path=/_next/static/chunks/app/(auth)/sign-in/page.js
t=2026-06-03T14:42:54+0530 lvl=dbug msg="add entry" obj=storage entrysz=899 sz=10879723
t=2026-06-03T14:42:54+0530 lvl=dbug msg="add entry" obj=storage entrysz=899 sz=10879723
t=2026-06-03T14:42:54+0530 lvl=dbug msg="waiting for update" obj=consoleui
t=2026-06-03T14:42:54+0530 lvl=dbug msg="waiting for update" obj=consoleui
t=2026-06-03T14:42:54+0530 lvl=dbug msg="waiting for update" obj=consoleui
t=2026-06-03T14:42:54+0530 lvl=dbug msg="waiting for update" obj=consoleui
t=2026-06-03T14:42:54+0530 lvl=dbug msg="waiting for update" obj=consoleui
t=2026-06-03T14:42:54+0530 lvl=dbug msg="waiting for update" obj=consoleui
t=2026-06-03T14:42:54+0530 lvl=dbug msg="waiting for update" obj=consoleui
t=2026-06-03T14:42:54+0530 lvl=dbug msg="waiting for update" obj=consoleui
t=2026-06-03T14:42:54+0530 lvl=dbug msg="waiting for update" obj=consoleui
t=2026-06-03T14:42:54+0530 lvl=dbug msg="waiting for update" obj=consoleui
t=2026-06-03T14:42:54+0530 lvl=dbug msg="got response for request" id=2e29d504e712 typ=proxy reqpath=/_next/static/chunks/app/layout.js
t=2026-06-03T14:42:54+0530 lvl=dbug msg="add entry" obj=storage entrysz=1257 sz=10879736
t=2026-06-03T14:42:54+0530 lvl=dbug msg="got response for request" id=bb838d017b74 typ=proxy reqpath=/_next/static/chunks/app-pages-internals.js
t=2026-06-03T14:42:54+0530 lvl=dbug msg="add entry" obj=storage entrysz=1265 sz=10880098
t=2026-06-03T14:42:54+0530 lvl=dbug msg="got response for request" id=23f0bb483c0a typ=proxy reqpath=/_next/static/chunks/webpack.js
t=2026-06-03T14:42:54+0530 lvl=dbug msg="add entry" obj=storage entrysz=1269 sz=10880464
t=2026-06-03T14:42:54+0530 lvl=dbug msg="got response for request" id=56b9fb1164a2 typ=proxy reqpath=/_next/static/chunks/app/(auth)/sign-in/page.js
t=2026-06-03T14:42:54+0530 lvl=dbug msg="add entry" obj=storage entrysz=1270 sz=10880834
t=2026-06-03T14:42:54+0530 lvl=dbug msg="got response for request" id=96f2789c6e48 typ=proxy reqpath=/_next/static/chunks/main-app.js
t=2026-06-03T14:42:54+0530 lvl=dbug msg="add entry" obj=storage entrysz=1271 sz=10881204
t=2026-06-03T14:42:54+0530 lvl=dbug msg="waiting for update" obj=consoleui
t=2026-06-03T14:42:54+0530 lvl=dbug msg="add entry" obj=storage entrysz=29500 sz=10881206
t=2026-06-03T14:42:54+0530 lvl=dbug msg="waiting for update" obj=consoleui
t=2026-06-03T14:42:54+0530 lvl=dbug msg="waiting for update" obj=consoleui
t=2026-06-03T14:42:54+0530 lvl=dbug msg="waiting for update" obj=consoleui
t=2026-06-03T14:42:54+0530 lvl=dbug msg="waiting for update" obj=consoleui
t=2026-06-03T14:42:54+0530 lvl=dbug msg="add entry" obj=storage entrysz=66782 sz=10909441
t=2026-06-03T14:42:54+0530 lvl=dbug msg="gzip decode"
t=2026-06-03T14:42:54+0530 lvl=dbug msg="waiting for update" obj=consoleui
t=2026-06-03T14:42:54+0530 lvl=dbug msg="gzip decode"
t=2026-06-03T14:42:54+0530 lvl=dbug msg="waiting for update" obj=consoleui
t=2026-06-03T14:42:55+0530 lvl=dbug msg="waiting for update" obj=consoleui
t=2026-06-03T14:42:55+0530 lvl=dbug msg="waiting for update" obj=consoleui
t=2026-06-03T14:42:55+0530 lvl=dbug msg="half join complete" obj=join id=ce663728de24 from=171.48.2.44:60222 to=[::1]:3000 nbytes=895 err=nil
t=2026-06-03T14:42:55+0530 lvl=dbug msg=http.ReadRequest id=bb838d017b74 typ=proxy err=EOF
t=2026-06-03T14:42:55+0530 lvl=dbug msg="half join complete" obj=join id=ce663728de24 from=[::1]:3000 to=171.48.2.44:60222 nbytes=65887 err="writeto tcp [::1]:59087->[::1]:3000: read tcp [::1]:59087->[::1]:3000: use of closed network connection"
t=2026-06-03T14:42:55+0530 lvl=dbug msg=close obj=tunnels.session obj=csess id=6c675a7035d1 clientid=7b31d0ea5646d09e1d2ee4f665dc47ac id=528ad133ca83 type=proxy sess=7b31d0ea5646d09e1d2ee4f665dc47ac err=nil
t=2026-06-03T14:42:55+0530 lvl=dbug msg=close id=bb838d017b74 typ=proxy err=nil
t=2026-06-03T14:42:55+0530 lvl=dbug msg=close id=27de4c364894 err=nil
t=2026-06-03T14:42:55+0530 lvl=dbug msg=http.ReadResponse id=bb838d017b74 typ=proxy err="unexpected EOF"
t=2026-06-03T14:42:55+0530 lvl=dbug msg=close obj=tunnels.session obj=csess id=6c675a7035d1 clientid=7b31d0ea5646d09e1d2ee4f665dc47ac id=528ad133ca83 type=proxy sess=7b31d0ea5646d09e1d2ee4f665dc47ac err=nil
t=2026-06-03T14:42:55+0530 lvl=dbug msg=close id=bb838d017b74 typ=proxy err=nil
t=2026-06-03T14:42:55+0530 lvl=dbug msg=close id=27de4c364894 err=nil
t=2026-06-03T14:42:55+0530 lvl=dbug msg=close obj=tunnels.session obj=csess id=6c675a7035d1 clientid=7b31d0ea5646d09e1d2ee4f665dc47ac id=528ad133ca83 type=proxy sess=7b31d0ea5646d09e1d2ee4f665dc47ac err=nil
t=2026-06-03T14:42:55+0530 lvl=dbug msg=close id=bb838d017b74 typ=proxy err=nil
t=2026-06-03T14:42:55+0530 lvl=dbug msg=close obj=tunnels.session obj=csess id=6c675a7035d1 clientid=7b31d0ea5646d09e1d2ee4f665dc47ac id=528ad133ca83 type=proxy sess=7b31d0ea5646d09e1d2ee4f665dc47ac err=nil
t=2026-06-03T14:42:55+0530 lvl=dbug msg=close id=bb838d017b74 typ=proxy err=nil
t=2026-06-03T14:42:55+0530 lvl=dbug msg=close obj=tunnels.session obj=csess id=6c675a7035d1 clientid=7b31d0ea5646d09e1d2ee4f665dc47ac id=528ad133ca83 type=proxy sess=7b31d0ea5646d09e1d2ee4f665dc47ac err=nil
t=2026-06-03T14:42:55+0530 lvl=dbug msg=close id=bb838d017b74 typ=proxy err=nil
t=2026-06-03T14:42:55+0530 lvl=dbug msg="waiting for update" obj=consoleui
t=2026-06-03T14:42:55+0530 lvl=dbug msg="add entry" obj=storage entrysz=422416 sz=10974966
t=2026-06-03T14:42:55+0530 lvl=dbug msg="gzip decode"
t=2026-06-03T14:42:55+0530 lvl=dbug msg="waiting for update" obj=consoleui
t=2026-06-03T14:42:55+0530 lvl=dbug msg="waiting for update" obj=consoleui
t=2026-06-03T14:42:55+0530 lvl=dbug msg="waiting for update" obj=consoleui
t=2026-06-03T14:42:55+0530 lvl=dbug msg="add entry" obj=storage entrysz=552932 sz=11396112
t=2026-06-03T14:42:55+0530 lvl=dbug msg="gzip decode"
t=2026-06-03T14:42:55+0530 lvl=dbug msg="waiting for update" obj=consoleui
t=2026-06-03T14:42:55+0530 lvl=dbug msg="waiting for update" obj=consoleui
t=2026-06-03T14:42:56+0530 lvl=dbug msg="waiting for update" obj=consoleui
t=2026-06-03T14:42:57+0530 lvl=dbug msg="waiting for update" obj=consoleui
t=2026-06-03T14:42:57+0530 lvl=dbug msg="add entry" obj=storage entrysz=1655510 sz=11947773
t=2026-06-03T14:42:57+0530 lvl=dbug msg="waiting for update" obj=consoleui
t=2026-06-03T14:42:57+0530 lvl=dbug msg="gzip decode"
t=2026-06-03T14:42:57+0530 lvl=dbug msg="waiting for update" obj=consoleui
t=2026-06-03T14:42:57+0530 lvl=dbug msg="half join complete" obj=join id=2877f111ee16 from=171.48.2.44:60222 to=[::1]:3000 nbytes=886 err=nil
t=2026-06-03T14:42:57+0530 lvl=dbug msg=http.ReadRequest id=2e29d504e712 typ=proxy err=EOF
t=2026-06-03T14:42:57+0530 lvl=dbug msg="half join complete" obj=join id=2877f111ee16 from=[::1]:3000 to=171.48.2.44:60222 nbytes=421530 err="writeto tcp [::1]:59086->[::1]:3000: read tcp [::1]:59086->[::1]:3000: use of closed network connection"
t=2026-06-03T14:42:57+0530 lvl=dbug msg=close obj=tunnels.session obj=csess id=6c675a7035d1 clientid=7b31d0ea5646d09e1d2ee4f665dc47ac id=b6812edc4d31 type=proxy sess=7b31d0ea5646d09e1d2ee4f665dc47ac err=nil
t=2026-06-03T14:42:57+0530 lvl=dbug msg=close id=2e29d504e712 typ=proxy err=nil
t=2026-06-03T14:42:57+0530 lvl=dbug msg=close id=c917f1736155 err=nil
t=2026-06-03T14:42:57+0530 lvl=dbug msg=http.ReadResponse id=2e29d504e712 typ=proxy err="unexpected EOF"
t=2026-06-03T14:42:57+0530 lvl=dbug msg=close obj=tunnels.session obj=csess id=6c675a7035d1 clientid=7b31d0ea5646d09e1d2ee4f665dc47ac id=b6812edc4d31 type=proxy sess=7b31d0ea5646d09e1d2ee4f665dc47ac err=nil
t=2026-06-03T14:42:57+0530 lvl=dbug msg=close id=2e29d504e712 typ=proxy err=nil
t=2026-06-03T14:42:57+0530 lvl=dbug msg=close id=c917f1736155 err=nil
t=2026-06-03T14:42:57+0530 lvl=dbug msg=close obj=tunnels.session obj=csess id=6c675a7035d1 clientid=7b31d0ea5646d09e1d2ee4f665dc47ac id=b6812edc4d31 type=proxy sess=7b31d0ea5646d09e1d2ee4f665dc47ac err=nil
t=2026-06-03T14:42:57+0530 lvl=dbug msg=close id=2e29d504e712 typ=proxy err=nil
t=2026-06-03T14:42:57+0530 lvl=dbug msg=close obj=tunnels.session obj=csess id=6c675a7035d1 clientid=7b31d0ea5646d09e1d2ee4f665dc47ac id=b6812edc4d31 type=proxy sess=7b31d0ea5646d09e1d2ee4f665dc47ac err=nil
t=2026-06-03T14:42:57+0530 lvl=dbug msg=close id=2e29d504e712 typ=proxy err=nil
t=2026-06-03T14:42:57+0530 lvl=dbug msg=close obj=tunnels.session obj=csess id=6c675a7035d1 clientid=7b31d0ea5646d09e1d2ee4f665dc47ac id=b6812edc4d31 type=proxy sess=7b31d0ea5646d09e1d2ee4f665dc47ac err=nil
t=2026-06-03T14:42:57+0530 lvl=dbug msg=close id=2e29d504e712 typ=proxy err=nil
t=2026-06-03T14:42:57+0530 lvl=dbug msg="waiting for update" obj=consoleui
t=2026-06-03T14:42:58+0530 lvl=dbug msg="half join complete" obj=join id=424ef8a0cc12 from=171.48.2.44:60222 to=[::1]:3000 nbytes=899 err=nil
t=2026-06-03T14:42:58+0530 lvl=dbug msg=http.ReadRequest id=56b9fb1164a2 typ=proxy err=EOF
t=2026-06-03T14:42:58+0530 lvl=dbug msg="half join complete" obj=join id=424ef8a0cc12 from=[::1]:3000 to=171.48.2.44:60222 nbytes=552033 err="writeto tcp [::1]:59090->[::1]:3000: read tcp [::1]:59090->[::1]:3000: use of closed network connection"
t=2026-06-03T14:42:58+0530 lvl=dbug msg=close obj=tunnels.session obj=csess id=6c675a7035d1 clientid=7b31d0ea5646d09e1d2ee4f665dc47ac id=6dd4af2ded88 type=proxy sess=7b31d0ea5646d09e1d2ee4f665dc47ac err=nil
t=2026-06-03T14:42:58+0530 lvl=dbug msg=close id=56b9fb1164a2 typ=proxy err=nil
t=2026-06-03T14:42:58+0530 lvl=dbug msg=close id=3a31485571bf err=nil
t=2026-06-03T14:42:58+0530 lvl=dbug msg=http.ReadResponse id=56b9fb1164a2 typ=proxy err="unexpected EOF"
t=2026-06-03T14:42:58+0530 lvl=dbug msg=close obj=tunnels.session obj=csess id=6c675a7035d1 clientid=7b31d0ea5646d09e1d2ee4f665dc47ac id=6dd4af2ded88 type=proxy sess=7b31d0ea5646d09e1d2ee4f665dc47ac err=nil
t=2026-06-03T14:42:58+0530 lvl=dbug msg=close id=56b9fb1164a2 typ=proxy err=nil
t=2026-06-03T14:42:58+0530 lvl=dbug msg=close id=3a31485571bf err=nil
t=2026-06-03T14:42:58+0530 lvl=dbug msg=close obj=tunnels.session obj=csess id=6c675a7035d1 clientid=7b31d0ea5646d09e1d2ee4f665dc47ac id=6dd4af2ded88 type=proxy sess=7b31d0ea5646d09e1d2ee4f665dc47ac err=nil
t=2026-06-03T14:42:58+0530 lvl=dbug msg=close id=56b9fb1164a2 typ=proxy err=nil
t=2026-06-03T14:42:58+0530 lvl=dbug msg=close obj=tunnels.session obj=csess id=6c675a7035d1 clientid=7b31d0ea5646d09e1d2ee4f665dc47ac id=6dd4af2ded88 type=proxy sess=7b31d0ea5646d09e1d2ee4f665dc47ac err=nil
t=2026-06-03T14:42:58+0530 lvl=dbug msg=close id=56b9fb1164a2 typ=proxy err=nil
t=2026-06-03T14:42:58+0530 lvl=dbug msg=close obj=tunnels.session obj=csess id=6c675a7035d1 clientid=7b31d0ea5646d09e1d2ee4f665dc47ac id=6dd4af2ded88 type=proxy sess=7b31d0ea5646d09e1d2ee4f665dc47ac err=nil
t=2026-06-03T14:42:58+0530 lvl=dbug msg=close id=56b9fb1164a2 typ=proxy err=nil
t=2026-06-03T14:42:58+0530 lvl=dbug msg="waiting for update" obj=consoleui
t=2026-06-03T14:42:58+0530 lvl=dbug msg="waiting for update" obj=consoleui
t=2026-06-03T14:42:59+0530 lvl=dbug msg="half join complete" obj=join id=aff75610ba88 from=171.48.2.44:60222 to=[::1]:3000 nbytes=900 err=nil
t=2026-06-03T14:42:59+0530 lvl=dbug msg=http.ReadRequest id=96f2789c6e48 typ=proxy err=EOF
t=2026-06-03T14:42:59+0530 lvl=dbug msg="half join complete" obj=join id=aff75610ba88 from=[::1]:3000 to=171.48.2.44:60222 nbytes=1654610 err="writeto tcp [::1]:59089->[::1]:3000: read tcp [::1]:59089->[::1]:3000: use of closed network connection"
t=2026-06-03T14:42:59+0530 lvl=dbug msg=close obj=tunnels.session obj=csess id=6c675a7035d1 clientid=7b31d0ea5646d09e1d2ee4f665dc47ac id=747639665174 type=proxy sess=7b31d0ea5646d09e1d2ee4f665dc47ac err=nil
t=2026-06-03T14:42:59+0530 lvl=dbug msg=close id=96f2789c6e48 typ=proxy err=nil
t=2026-06-03T14:42:59+0530 lvl=dbug msg=close id=ff67560ebc8c err=nil
t=2026-06-03T14:42:59+0530 lvl=dbug msg=http.ReadResponse id=96f2789c6e48 typ=proxy err="unexpected EOF"
t=2026-06-03T14:42:59+0530 lvl=dbug msg=close obj=tunnels.session obj=csess id=6c675a7035d1 clientid=7b31d0ea5646d09e1d2ee4f665dc47ac id=747639665174 type=proxy sess=7b31d0ea5646d09e1d2ee4f665dc47ac err=nil
t=2026-06-03T14:42:59+0530 lvl=dbug msg=close id=96f2789c6e48 typ=proxy err=nil
t=2026-06-03T14:42:59+0530 lvl=dbug msg=close id=ff67560ebc8c err=nil
t=2026-06-03T14:42:59+0530 lvl=dbug msg=close obj=tunnels.session obj=csess id=6c675a7035d1 clientid=7b31d0ea5646d09e1d2ee4f665dc47ac id=747639665174 type=proxy sess=7b31d0ea5646d09e1d2ee4f665dc47ac err=nil
t=2026-06-03T14:42:59+0530 lvl=dbug msg=close id=96f2789c6e48 typ=proxy err=nil
t=2026-06-03T14:42:59+0530 lvl=dbug msg=close obj=tunnels.session obj=csess id=6c675a7035d1 clientid=7b31d0ea5646d09e1d2ee4f665dc47ac id=747639665174 type=proxy sess=7b31d0ea5646d09e1d2ee4f665dc47ac err=nil
t=2026-06-03T14:42:59+0530 lvl=dbug msg=close id=96f2789c6e48 typ=proxy err=nil
t=2026-06-03T14:42:59+0530 lvl=dbug msg=close obj=tunnels.session obj=csess id=6c675a7035d1 clientid=7b31d0ea5646d09e1d2ee4f665dc47ac id=747639665174 type=proxy sess=7b31d0ea5646d09e1d2ee4f665dc47ac err=nil
t=2026-06-03T14:42:59+0530 lvl=dbug msg=close id=96f2789c6e48 typ=proxy err=nil
t=2026-06-03T14:42:59+0530 lvl=dbug msg="waiting for update" obj=consoleui
t=2026-06-03T14:42:59+0530 lvl=dbug msg="waiting for update" obj=consoleui
t=2026-06-03T14:42:59+0530 lvl=dbug msg="got request" id=23f0bb483c0a typ=proxy path=/_next/static/chunks/_app-pages-browser_node_modules_next_dist_client_dev_noop-turbopack-hmr_js.js
t=2026-06-03T14:42:59+0530 lvl=dbug msg="add entry" obj=storage entrysz=950 sz=13603283
t=2026-06-03T14:42:59+0530 lvl=dbug msg="add entry" obj=storage entrysz=950 sz=13603283
t=2026-06-03T14:42:59+0530 lvl=dbug msg="waiting for update" obj=consoleui
t=2026-06-03T14:42:59+0530 lvl=dbug msg="waiting for update" obj=consoleui
t=2026-06-03T14:42:59+0530 lvl=dbug msg="got response for request" id=23f0bb483c0a typ=proxy reqpath=/_next/static/chunks/_app-pages-browser_node_modules_next_dist_client_dev_noop-turbopack-hmr_js.js
t=2026-06-03T14:42:59+0530 lvl=dbug msg="add entry" obj=storage entrysz=1319 sz=13603283
t=2026-06-03T14:42:59+0530 lvl=dbug msg="add entry" obj=storage entrysz=3955 sz=13603283
t=2026-06-03T14:42:59+0530 lvl=dbug msg="gzip decode"
t=2026-06-03T14:42:59+0530 lvl=dbug msg="waiting for update" obj=consoleui
t=2026-06-03T14:42:59+0530 lvl=dbug msg="waiting for update" obj=consoleui
t=2026-06-03T14:42:59+0530 lvl=dbug msg="waiting for update" obj=consoleui
t=2026-06-03T14:42:59+0530 lvl=dbug msg="tunnel Accept" obj=tunnels.session obj=csess id=6c675a7035d1 clientid=7b31d0ea5646d09e1d2ee4f665dc47ac reqType=3 remoteAddr=13.127.105.236:443
t=2026-06-03T14:42:59+0530 lvl=dbug msg="dial private connection" id=cf1e98bb7ac9 addr=localhost:3000 err=nil
t=2026-06-03T14:42:59+0530 lvl=dbug msg="joining tunnel conn to backend" id=cf1e98bb7ac9 header="{ID:45531bfe77b61f34a2ebdeb8dcdfff6c ClientAddr:171.48.2.44:51126 Proto:https EdgeType:0 PassthroughTLS:false}"
t=2026-06-03T14:42:59+0530 lvl=info msg="join connections" obj=join id=3abad1db27e1 l=[::1]:3000 r=171.48.2.44:51126
t=2026-06-03T14:42:59+0530 lvl=dbug msg="got request" id=b9d212bfe48d typ=proxy path=/_next/webpack-hmr
t=2026-06-03T14:42:59+0530 lvl=dbug msg="add entry" obj=storage entrysz=857 sz=13607238
t=2026-06-03T14:42:59+0530 lvl=dbug msg="add entry" obj=storage entrysz=857 sz=13607238
t=2026-06-03T14:42:59+0530 lvl=dbug msg="http client requested connection upgrade" id=b9d212bfe48d typ=proxy
t=2026-06-03T14:42:59+0530 lvl=dbug msg="got response for request" id=b9d212bfe48d typ=proxy reqpath=/_next/webpack-hmr
t=2026-06-03T14:42:59+0530 lvl=dbug msg="add entry" obj=storage entrysz=986 sz=13607238
t=2026-06-03T14:42:59+0530 lvl=dbug msg="add entry" obj=storage entrysz=986 sz=13607238
t=2026-06-03T14:42:59+0530 lvl=dbug msg="server accepted upgrade request, switching protocols" id=b9d212bfe48d typ=proxy to=websocket
t=2026-06-03T14:42:59+0530 lvl=dbug msg="client switching protocols" id=b9d212bfe48d typ=proxy to=websocket
t=2026-06-03T14:42:59+0530 lvl=dbug msg="waiting for update" obj=consoleui
t=2026-06-03T14:42:59+0530 lvl=dbug msg="waiting for update" obj=consoleui
t=2026-06-03T14:42:59+0530 lvl=dbug msg="waiting for update" obj=consoleui
t=2026-06-03T14:42:59+0530 lvl=dbug msg="waiting for update" obj=consoleui
t=2026-06-03T14:42:59+0530 lvl=dbug msg="waiting for update" obj=consoleui
t=2026-06-03T14:43:00+0530 lvl=dbug msg="waiting for update" obj=consoleui
t=2026-06-03T14:43:00+0530 lvl=dbug msg="half join complete" obj=join id=7cf8afe8cb95 from=[::1]:3000 to=171.48.2.44:60222 nbytes=41007 err=nil
t=2026-06-03T14:43:00+0530 lvl=dbug msg=close obj=tunnels.session obj=csess id=6c675a7035d1 clientid=7b31d0ea5646d09e1d2ee4f665dc47ac id=1330d805fe2b type=proxy sess=7b31d0ea5646d09e1d2ee4f665dc47ac err=nil
t=2026-06-03T14:43:00+0530 lvl=dbug msg=close id=f061d02411fb typ=proxy err=nil
t=2026-06-03T14:43:00+0530 lvl=dbug msg=close id=6859105f43da err=nil
t=2026-06-03T14:43:00+0530 lvl=dbug msg=http.ReadRequest id=f061d02411fb typ=proxy err=EOF
t=2026-06-03T14:43:00+0530 lvl=dbug msg=http.ReadResponse id=f061d02411fb typ=proxy err="unexpected EOF"
t=2026-06-03T14:43:00+0530 lvl=dbug msg="half join complete" obj=join id=7cf8afe8cb95 from=171.48.2.44:60222 to=[::1]:3000 nbytes=5848 err="readfrom tcp [::1]:64744->[::1]:3000: stream closed"
t=2026-06-03T14:43:00+0530 lvl=dbug msg=close obj=tunnels.session obj=csess id=6c675a7035d1 clientid=7b31d0ea5646d09e1d2ee4f665dc47ac id=1330d805fe2b type=proxy sess=7b31d0ea5646d09e1d2ee4f665dc47ac err=nil
t=2026-06-03T14:43:00+0530 lvl=dbug msg=close id=f061d02411fb typ=proxy err=nil
t=2026-06-03T14:43:00+0530 lvl=dbug msg=close id=6859105f43da err=nil
t=2026-06-03T14:43:00+0530 lvl=dbug msg=close obj=tunnels.session obj=csess id=6c675a7035d1 clientid=7b31d0ea5646d09e1d2ee4f665dc47ac id=1330d805fe2b type=proxy sess=7b31d0ea5646d09e1d2ee4f665dc47ac err=nil
t=2026-06-03T14:43:00+0530 lvl=dbug msg=close id=f061d02411fb typ=proxy err=nil
t=2026-06-03T14:43:00+0530 lvl=dbug msg=close obj=tunnels.session obj=csess id=6c675a7035d1 clientid=7b31d0ea5646d09e1d2ee4f665dc47ac id=1330d805fe2b type=proxy sess=7b31d0ea5646d09e1d2ee4f665dc47ac err=nil
t=2026-06-03T14:43:00+0530 lvl=dbug msg=close id=f061d02411fb typ=proxy err=nil
t=2026-06-03T14:43:00+0530 lvl=dbug msg=close obj=tunnels.session obj=csess id=6c675a7035d1 clientid=7b31d0ea5646d09e1d2ee4f665dc47ac id=1330d805fe2b type=proxy sess=7b31d0ea5646d09e1d2ee4f665dc47ac err=nil
t=2026-06-03T14:43:00+0530 lvl=dbug msg=close id=f061d02411fb typ=proxy err=nil
t=2026-06-03T14:43:00+0530 lvl=dbug msg="waiting for update" obj=consoleui
t=2026-06-03T14:43:01+0530 lvl=dbug msg="heartbeat received" obj=tunnels.session obj=csess id=6c675a7035d1 clientid=7b31d0ea5646d09e1d2ee4f665dc47ac latency_ms=128
t=2026-06-03T14:43:01+0530 lvl=dbug msg="waiting for update" obj=consoleui
t=2026-06-03T14:43:02+0530 lvl=dbug msg="waiting for update" obj=consoleui
t=2026-06-03T14:43:02+0530 lvl=dbug msg="got request" id=23f0bb483c0a typ=proxy path=/api/auth
t=2026-06-03T14:43:02+0530 lvl=dbug msg="add entry" obj=storage entrysz=993 sz=13608224
t=2026-06-03T14:43:02+0530 lvl=dbug msg="add entry" obj=storage entrysz=1081 sz=13608224
t=2026-06-03T14:43:02+0530 lvl=dbug msg="waiting for update" obj=consoleui
t=2026-06-03T14:43:02+0530 lvl=dbug msg="waiting for update" obj=consoleui
t=2026-06-03T14:43:03+0530 lvl=dbug msg="got response for request" id=23f0bb483c0a typ=proxy reqpath=/api/auth
t=2026-06-03T14:43:03+0530 lvl=dbug msg="add entry" obj=storage entrysz=1466 sz=13608224
t=2026-06-03T14:43:03+0530 lvl=dbug msg="add entry" obj=storage entrysz=1606 sz=13608224
t=2026-06-03T14:43:03+0530 lvl=dbug msg="gzip decode"
t=2026-06-03T14:43:03+0530 lvl=dbug msg="waiting for update" obj=consoleui
t=2026-06-03T14:43:03+0530 lvl=dbug msg="waiting for update" obj=consoleui
t=2026-06-03T14:43:03+0530 lvl=dbug msg="waiting for update" obj=consoleui
t=2026-06-03T14:43:03+0530 lvl=dbug msg="waiting for update" obj=consoleui
t=2026-06-03T14:43:04+0530 lvl=dbug msg="half join complete" obj=join id=3abad1db27e1 from=171.48.2.44:51126 to=[::1]:3000 nbytes=1091 err=nil
t=2026-06-03T14:43:04+0530 lvl=dbug msg=http.ReadRequest id=b9d212bfe48d typ=proxy err=EOF
t=2026-06-03T14:43:04+0530 lvl=dbug msg="half join complete" obj=join id=3abad1db27e1 from=[::1]:3000 to=171.48.2.44:51126 nbytes=453 err="writeto tcp [::1]:51127->[::1]:3000: read tcp [::1]:51127->[::1]:3000: use of closed network connection"
t=2026-06-03T14:43:04+0530 lvl=dbug msg=close obj=tunnels.session obj=csess id=6c675a7035d1 clientid=7b31d0ea5646d09e1d2ee4f665dc47ac id=c80459523096 type=proxy sess=7b31d0ea5646d09e1d2ee4f665dc47ac err=nil
t=2026-06-03T14:43:04+0530 lvl=dbug msg=close id=b9d212bfe48d typ=proxy err=nil
t=2026-06-03T14:43:04+0530 lvl=dbug msg=close id=cf1e98bb7ac9 err=nil
t=2026-06-03T14:43:04+0530 lvl=dbug msg=http.ReadResponse id=b9d212bfe48d typ=proxy err="unexpected EOF"
t=2026-06-03T14:43:04+0530 lvl=dbug msg=close obj=tunnels.session obj=csess id=6c675a7035d1 clientid=7b31d0ea5646d09e1d2ee4f665dc47ac id=c80459523096 type=proxy sess=7b31d0ea5646d09e1d2ee4f665dc47ac err=nil
t=2026-06-03T14:43:04+0530 lvl=dbug msg=close id=b9d212bfe48d typ=proxy err=nil
t=2026-06-03T14:43:04+0530 lvl=dbug msg=close id=cf1e98bb7ac9 err=nil
t=2026-06-03T14:43:04+0530 lvl=dbug msg=close obj=tunnels.session obj=csess id=6c675a7035d1 clientid=7b31d0ea5646d09e1d2ee4f665dc47ac id=c80459523096 type=proxy sess=7b31d0ea5646d09e1d2ee4f665dc47ac err=nil
t=2026-06-03T14:43:04+0530 lvl=dbug msg=close id=b9d212bfe48d typ=proxy err=nil
t=2026-06-03T14:43:04+0530 lvl=dbug msg=close obj=tunnels.session obj=csess id=6c675a7035d1 clientid=7b31d0ea5646d09e1d2ee4f665dc47ac id=c80459523096 type=proxy sess=7b31d0ea5646d09e1d2ee4f665dc47ac err=nil
t=2026-06-03T14:43:04+0530 lvl=dbug msg=close id=b9d212bfe48d typ=proxy err=nil
t=2026-06-03T14:43:04+0530 lvl=dbug msg=close obj=tunnels.session obj=csess id=6c675a7035d1 clientid=7b31d0ea5646d09e1d2ee4f665dc47ac id=c80459523096 type=proxy sess=7b31d0ea5646d09e1d2ee4f665dc47ac err=nil
t=2026-06-03T14:43:04+0530 lvl=dbug msg=close id=b9d212bfe48d typ=proxy err=nil
t=2026-06-03T14:43:04+0530 lvl=dbug msg="waiting for update" obj=consoleui
t=2026-06-03T14:43:04+0530 lvl=dbug msg="waiting for update" obj=consoleui
t=2026-06-03T14:43:05+0530 lvl=dbug msg="waiting for update" obj=consoleui
t=2026-06-03T14:43:06+0530 lvl=dbug msg="waiting for update" obj=consoleui
t=2026-06-03T14:43:07+0530 lvl=dbug msg="waiting for update" obj=consoleui
t=2026-06-03T14:43:08+0530 lvl=dbug msg="got request" id=23f0bb483c0a typ=proxy path=/
t=2026-06-03T14:43:08+0530 lvl=dbug msg="add entry" obj=storage entrysz=1042 sz=13609830
t=2026-06-03T14:43:08+0530 lvl=dbug msg="add entry" obj=storage entrysz=1042 sz=13609830
t=2026-06-03T14:43:08+0530 lvl=dbug msg="waiting for update" obj=consoleui
t=2026-06-03T14:43:08+0530 lvl=dbug msg="waiting for update" obj=consoleui
t=2026-06-03T14:43:08+0530 lvl=dbug msg="waiting for update" obj=consoleui
t=2026-06-03T14:43:09+0530 lvl=dbug msg="got response for request" id=23f0bb483c0a typ=proxy reqpath=/
t=2026-06-03T14:43:09+0530 lvl=dbug msg="add entry" obj=storage entrysz=2268 sz=13609830
t=2026-06-03T14:43:09+0530 lvl=dbug msg="add entry" obj=storage entrysz=2279 sz=13609830
t=2026-06-03T14:43:09+0530 lvl=dbug msg="waiting for update" obj=consoleui
t=2026-06-03T14:43:09+0530 lvl=dbug msg="waiting for update" obj=consoleui
t=2026-06-03T14:43:09+0530 lvl=dbug msg="waiting for update" obj=consoleui
t=2026-06-03T14:43:09+0530 lvl=dbug msg="got request" id=23f0bb483c0a typ=proxy path=/
t=2026-06-03T14:43:09+0530 lvl=dbug msg="add entry" obj=storage entrysz=1685 sz=13612109
t=2026-06-03T14:43:09+0530 lvl=dbug msg="add entry" obj=storage entrysz=1685 sz=13612109
t=2026-06-03T14:43:09+0530 lvl=dbug msg="waiting for update" obj=consoleui
t=2026-06-03T14:43:09+0530 lvl=dbug msg="waiting for update" obj=consoleui
t=2026-06-03T14:43:09+0530 lvl=dbug msg="waiting for update" obj=consoleui
t=2026-06-03T14:43:09+0530 lvl=dbug msg="got response for request" id=23f0bb483c0a typ=proxy reqpath=/
t=2026-06-03T14:43:09+0530 lvl=dbug msg="add entry" obj=storage entrysz=1854 sz=13612109
t=2026-06-03T14:43:09+0530 lvl=dbug msg="add entry" obj=storage entrysz=1874 sz=13612109
t=2026-06-03T14:43:09+0530 lvl=dbug msg="waiting for update" obj=consoleui
t=2026-06-03T14:43:09+0530 lvl=dbug msg="waiting for update" obj=consoleui
t=2026-06-03T14:43:09+0530 lvl=dbug msg="waiting for update" obj=consoleui
t=2026-06-03T14:43:09+0530 lvl=dbug msg="got request" id=23f0bb483c0a typ=proxy path=/dashboard
t=2026-06-03T14:43:09+0530 lvl=dbug msg="add entry" obj=storage entrysz=1694 sz=13613983
t=2026-06-03T14:43:09+0530 lvl=dbug msg="add entry" obj=storage entrysz=1694 sz=13613983
t=2026-06-03T14:43:09+0530 lvl=dbug msg="waiting for update" obj=consoleui
t=2026-06-03T14:43:09+0530 lvl=dbug msg="waiting for update" obj=consoleui
t=2026-06-03T14:43:10+0530 lvl=dbug msg="got response for request" id=23f0bb483c0a typ=proxy reqpath=/dashboard
t=2026-06-03T14:43:10+0530 lvl=dbug msg="add entry" obj=storage entrysz=2141 sz=13613983
t=2026-06-03T14:43:10+0530 lvl=dbug msg="waiting for update" obj=consoleui
t=2026-06-03T14:43:10+0530 lvl=dbug msg="add entry" obj=storage entrysz=10109 sz=13613983
t=2026-06-03T14:43:10+0530 lvl=dbug msg="gzip decode"
t=2026-06-03T14:43:10+0530 lvl=dbug msg="waiting for update" obj=consoleui
t=2026-06-03T14:43:10+0530 lvl=dbug msg="waiting for update" obj=consoleui
t=2026-06-03T14:43:10+0530 lvl=dbug msg="waiting for update" obj=consoleui
t=2026-06-03T14:43:10+0530 lvl=dbug msg="got request" id=23f0bb483c0a typ=proxy path=/_next/static/css/app/layout.css
t=2026-06-03T14:43:10+0530 lvl=dbug msg="add entry" obj=storage entrysz=1588 sz=13624092
t=2026-06-03T14:43:10+0530 lvl=dbug msg="add entry" obj=storage entrysz=1588 sz=13624092
t=2026-06-03T14:43:10+0530 lvl=dbug msg="tunnel Accept" obj=tunnels.session obj=csess id=6c675a7035d1 clientid=7b31d0ea5646d09e1d2ee4f665dc47ac reqType=3 remoteAddr=13.127.105.236:443
t=2026-06-03T14:43:10+0530 lvl=dbug msg="waiting for update" obj=consoleui
t=2026-06-03T14:43:10+0530 lvl=dbug msg="waiting for update" obj=consoleui
t=2026-06-03T14:43:10+0530 lvl=dbug msg="got response for request" id=23f0bb483c0a typ=proxy reqpath=/_next/static/css/app/layout.css
t=2026-06-03T14:43:10+0530 lvl=dbug msg="add entry" obj=storage entrysz=1944 sz=13624092
t=2026-06-03T14:43:10+0530 lvl=dbug msg="waiting for update" obj=consoleui
t=2026-06-03T14:43:10+0530 lvl=dbug msg="add entry" obj=storage entrysz=30580 sz=13624092
t=2026-06-03T14:43:10+0530 lvl=dbug msg="gzip decode"
t=2026-06-03T14:43:10+0530 lvl=dbug msg="waiting for update" obj=consoleui
t=2026-06-03T14:43:10+0530 lvl=dbug msg="dial private connection" id=7325110fc23e addr=localhost:3000 err=nil
t=2026-06-03T14:43:10+0530 lvl=dbug msg="joining tunnel conn to backend" id=7325110fc23e header="{ID:45531bfe77b61f34a2ebdeb8dcdfff6c ClientAddr:171.48.2.44:60222 Proto:https EdgeType:0 PassthroughTLS:false}"
t=2026-06-03T14:43:10+0530 lvl=info msg="join connections" obj=join id=f38f6f5bfe96 l=[::1]:3000 r=171.48.2.44:60222
t=2026-06-03T14:43:10+0530 lvl=dbug msg="waiting for update" obj=consoleui
t=2026-06-03T14:43:10+0530 lvl=dbug msg="tunnel Accept" obj=tunnels.session obj=csess id=6c675a7035d1 clientid=7b31d0ea5646d09e1d2ee4f665dc47ac reqType=3 remoteAddr=13.127.105.236:443
t=2026-06-03T14:43:10+0530 lvl=dbug msg="tunnel Accept" obj=tunnels.session obj=csess id=6c675a7035d1 clientid=7b31d0ea5646d09e1d2ee4f665dc47ac reqType=3 remoteAddr=13.127.105.236:443
t=2026-06-03T14:43:10+0530 lvl=dbug msg="tunnel Accept" obj=tunnels.session obj=csess id=6c675a7035d1 clientid=7b31d0ea5646d09e1d2ee4f665dc47ac reqType=3 remoteAddr=13.127.105.236:443
t=2026-06-03T14:43:10+0530 lvl=dbug msg="got request" id=15d749fc9b5f typ=proxy path=/_next/static/chunks/main-app.js
t=2026-06-03T14:43:10+0530 lvl=dbug msg="add entry" obj=storage entrysz=1559 sz=13654672
t=2026-06-03T14:43:10+0530 lvl=dbug msg="add entry" obj=storage entrysz=1559 sz=13654672
t=2026-06-03T14:43:10+0530 lvl=dbug msg="tunnel Accept" obj=tunnels.session obj=csess id=6c675a7035d1 clientid=7b31d0ea5646d09e1d2ee4f665dc47ac reqType=3 remoteAddr=13.127.105.236:443
t=2026-06-03T14:43:10+0530 lvl=dbug msg="dial private connection" id=0726e6138745 addr=localhost:3000 err=nil
t=2026-06-03T14:43:10+0530 lvl=dbug msg="joining tunnel conn to backend" id=0726e6138745 header="{ID:45531bfe77b61f34a2ebdeb8dcdfff6c ClientAddr:171.48.2.44:60222 Proto:https EdgeType:0 PassthroughTLS:false}"
t=2026-06-03T14:43:10+0530 lvl=info msg="join connections" obj=join id=5b137015c6ed l=[::1]:3000 r=171.48.2.44:60222
t=2026-06-03T14:43:10+0530 lvl=dbug msg="got request" id=3478611e6a6c typ=proxy path=/_next/static/chunks/app/dashboard/page.js
t=2026-06-03T14:43:10+0530 lvl=dbug msg="add entry" obj=storage entrysz=1553 sz=13656231
t=2026-06-03T14:43:10+0530 lvl=dbug msg="add entry" obj=storage entrysz=1553 sz=13656231
t=2026-06-03T14:43:10+0530 lvl=dbug msg="dial private connection" id=f5f22c5a542c addr=localhost:3000 err=nil
t=2026-06-03T14:43:10+0530 lvl=dbug msg="joining tunnel conn to backend" id=f5f22c5a542c header="{ID:45531bfe77b61f34a2ebdeb8dcdfff6c ClientAddr:171.48.2.44:60222 Proto:https EdgeType:0 PassthroughTLS:false}"
t=2026-06-03T14:43:10+0530 lvl=info msg="join connections" obj=join id=241af06d4909 l=[::1]:3000 r=171.48.2.44:60222
t=2026-06-03T14:43:10+0530 lvl=dbug msg="got request" id=526f9d69836e typ=proxy path=/_next/static/chunks/webpack.js
t=2026-06-03T14:43:10+0530 lvl=dbug msg="add entry" obj=storage entrysz=1558 sz=13657784
t=2026-06-03T14:43:10+0530 lvl=dbug msg="add entry" obj=storage entrysz=1558 sz=13657784
t=2026-06-03T14:43:10+0530 lvl=dbug msg="dial private connection" id=9e5a7c545f6e addr=localhost:3000 err=nil
t=2026-06-03T14:43:10+0530 lvl=dbug msg="joining tunnel conn to backend" id=9e5a7c545f6e header="{ID:45531bfe77b61f34a2ebdeb8dcdfff6c ClientAddr:171.48.2.44:60222 Proto:https EdgeType:0 PassthroughTLS:false}"
t=2026-06-03T14:43:10+0530 lvl=info msg="join connections" obj=join id=e2d9a4d1f83d l=[::1]:3000 r=171.48.2.44:60222
t=2026-06-03T14:43:10+0530 lvl=dbug msg="dial private connection" id=f5aff42344db addr=localhost:3000 err=nil
t=2026-06-03T14:43:10+0530 lvl=dbug msg="joining tunnel conn to backend" id=f5aff42344db header="{ID:45531bfe77b61f34a2ebdeb8dcdfff6c ClientAddr:171.48.2.44:60222 Proto:https EdgeType:0 PassthroughTLS:false}"
t=2026-06-03T14:43:10+0530 lvl=info msg="join connections" obj=join id=4a99b5074062 l=[::1]:3000 r=171.48.2.44:60222
t=2026-06-03T14:43:10+0530 lvl=dbug msg="got request" id=51460750a90d typ=proxy path=/_next/static/chunks/app-pages-internals.js
t=2026-06-03T14:43:10+0530 lvl=dbug msg="got request" id=8b950b00c530 typ=proxy path=/_next/static/chunks/app/layout.js
t=2026-06-03T14:43:10+0530 lvl=dbug msg="add entry" obj=storage entrysz=1554 sz=13659342
t=2026-06-03T14:43:10+0530 lvl=dbug msg="add entry" obj=storage entrysz=1554 sz=13659342
t=2026-06-03T14:43:10+0530 lvl=dbug msg="add entry" obj=storage entrysz=1545 sz=13660896
t=2026-06-03T14:43:10+0530 lvl=dbug msg="add entry" obj=storage entrysz=1545 sz=13660896
t=2026-06-03T14:43:10+0530 lvl=dbug msg="waiting for update" obj=consoleui
t=2026-06-03T14:43:10+0530 lvl=dbug msg="waiting for update" obj=consoleui
t=2026-06-03T14:43:10+0530 lvl=dbug msg="waiting for update" obj=consoleui
t=2026-06-03T14:43:10+0530 lvl=dbug msg="waiting for update" obj=consoleui
t=2026-06-03T14:43:10+0530 lvl=dbug msg="got response for request" id=15d749fc9b5f typ=proxy reqpath=/_next/static/chunks/main-app.js
t=2026-06-03T14:43:10+0530 lvl=dbug msg="add entry" obj=storage entrysz=1930 sz=13660882
t=2026-06-03T14:43:10+0530 lvl=dbug msg="waiting for update" obj=consoleui
t=2026-06-03T14:43:10+0530 lvl=dbug msg="waiting for update" obj=consoleui
t=2026-06-03T14:43:10+0530 lvl=dbug msg="got response for request" id=3478611e6a6c typ=proxy reqpath=/_next/static/chunks/app/dashboard/page.js
t=2026-06-03T14:43:10+0530 lvl=dbug msg="add entry" obj=storage entrysz=1924 sz=13661259
t=2026-06-03T14:43:10+0530 lvl=dbug msg="waiting for update" obj=consoleui
t=2026-06-03T14:43:10+0530 lvl=dbug msg="waiting for update" obj=consoleui
t=2026-06-03T14:43:10+0530 lvl=dbug msg="got response for request" id=8b950b00c530 typ=proxy reqpath=/_next/static/chunks/app/layout.js
t=2026-06-03T14:43:10+0530 lvl=dbug msg="add entry" obj=storage entrysz=1916 sz=13661638
t=2026-06-03T14:43:11+0530 lvl=dbug msg="got response for request" id=526f9d69836e typ=proxy reqpath=/_next/static/chunks/webpack.js
t=2026-06-03T14:43:11+0530 lvl=dbug msg="add entry" obj=storage entrysz=1928 sz=13661996
t=2026-06-03T14:43:11+0530 lvl=dbug msg="got response for request" id=51460750a90d typ=proxy reqpath=/_next/static/chunks/app-pages-internals.js
t=2026-06-03T14:43:11+0530 lvl=dbug msg="add entry" obj=storage entrysz=1924 sz=13662370
t=2026-06-03T14:43:11+0530 lvl=dbug msg="waiting for update" obj=consoleui
t=2026-06-03T14:43:11+0530 lvl=dbug msg="add entry" obj=storage entrysz=30159 sz=13662366
t=2026-06-03T14:43:11+0530 lvl=dbug msg="waiting for update" obj=consoleui
t=2026-06-03T14:43:11+0530 lvl=dbug msg="waiting for update" obj=consoleui
t=2026-06-03T14:43:11+0530 lvl=dbug msg="waiting for update" obj=consoleui
t=2026-06-03T14:43:11+0530 lvl=dbug msg="waiting for update" obj=consoleui
t=2026-06-03T14:43:11+0530 lvl=dbug msg="waiting for update" obj=consoleui
t=2026-06-03T14:43:11+0530 lvl=dbug msg="waiting for update" obj=consoleui
t=2026-06-03T14:43:11+0530 lvl=dbug msg="gzip decode"
t=2026-06-03T14:43:11+0530 lvl=dbug msg="waiting for update" obj=consoleui
t=2026-06-03T14:43:11+0530 lvl=dbug msg="add entry" obj=storage entrysz=67441 sz=13690601
t=2026-06-03T14:43:11+0530 lvl=dbug msg="waiting for update" obj=consoleui
t=2026-06-03T14:43:11+0530 lvl=dbug msg="waiting for update" obj=consoleui
t=2026-06-03T14:43:11+0530 lvl=dbug msg="gzip decode"
t=2026-06-03T14:43:11+0530 lvl=dbug msg="waiting for update" obj=consoleui
t=2026-06-03T14:43:11+0530 lvl=dbug msg="half join complete" obj=join id=e2d9a4d1f83d from=171.48.2.44:60222 to=[::1]:3000 nbytes=1554 err=nil
t=2026-06-03T14:43:11+0530 lvl=dbug msg=http.ReadRequest id=51460750a90d typ=proxy err=EOF
t=2026-06-03T14:43:11+0530 lvl=dbug msg="half join complete" obj=join id=e2d9a4d1f83d from=[::1]:3000 to=171.48.2.44:60222 nbytes=65887 err="writeto tcp [::1]:51133->[::1]:3000: read tcp [::1]:51133->[::1]:3000: use of closed network connection"
t=2026-06-03T14:43:11+0530 lvl=dbug msg=close obj=tunnels.session obj=csess id=6c675a7035d1 clientid=7b31d0ea5646d09e1d2ee4f665dc47ac id=89f844e062fa type=proxy sess=7b31d0ea5646d09e1d2ee4f665dc47ac err=nil
t=2026-06-03T14:43:11+0530 lvl=dbug msg=close id=51460750a90d typ=proxy err=nil
t=2026-06-03T14:43:11+0530 lvl=dbug msg=close id=9e5a7c545f6e err=nil
t=2026-06-03T14:43:11+0530 lvl=dbug msg=http.ReadResponse id=51460750a90d typ=proxy err="unexpected EOF"
t=2026-06-03T14:43:11+0530 lvl=dbug msg=close obj=tunnels.session obj=csess id=6c675a7035d1 clientid=7b31d0ea5646d09e1d2ee4f665dc47ac id=89f844e062fa type=proxy sess=7b31d0ea5646d09e1d2ee4f665dc47ac err=nil
t=2026-06-03T14:43:11+0530 lvl=dbug msg=close id=51460750a90d typ=proxy err=nil
t=2026-06-03T14:43:11+0530 lvl=dbug msg=close id=9e5a7c545f6e err=nil
t=2026-06-03T14:43:11+0530 lvl=dbug msg=close obj=tunnels.session obj=csess id=6c675a7035d1 clientid=7b31d0ea5646d09e1d2ee4f665dc47ac id=89f844e062fa type=proxy sess=7b31d0ea5646d09e1d2ee4f665dc47ac err=nil
t=2026-06-03T14:43:11+0530 lvl=dbug msg=close id=51460750a90d typ=proxy err=nil
t=2026-06-03T14:43:11+0530 lvl=dbug msg=close obj=tunnels.session obj=csess id=6c675a7035d1 clientid=7b31d0ea5646d09e1d2ee4f665dc47ac id=89f844e062fa type=proxy sess=7b31d0ea5646d09e1d2ee4f665dc47ac err=nil
t=2026-06-03T14:43:11+0530 lvl=dbug msg=close id=51460750a90d typ=proxy err=nil
t=2026-06-03T14:43:11+0530 lvl=dbug msg=close obj=tunnels.session obj=csess id=6c675a7035d1 clientid=7b31d0ea5646d09e1d2ee4f665dc47ac id=89f844e062fa type=proxy sess=7b31d0ea5646d09e1d2ee4f665dc47ac err=nil
t=2026-06-03T14:43:11+0530 lvl=dbug msg=close id=51460750a90d typ=proxy err=nil
t=2026-06-03T14:43:11+0530 lvl=dbug msg="waiting for update" obj=consoleui
t=2026-06-03T14:43:11+0530 lvl=dbug msg="waiting for update" obj=consoleui
t=2026-06-03T14:43:12+0530 lvl=dbug msg="heartbeat received" obj=tunnels.session obj=csess id=6c675a7035d1 clientid=7b31d0ea5646d09e1d2ee4f665dc47ac latency_ms=1198
t=2026-06-03T14:43:12+0530 lvl=dbug msg="add entry" obj=storage entrysz=423075 sz=13756126
t=2026-06-03T14:43:12+0530 lvl=dbug msg="gzip decode"
t=2026-06-03T14:43:12+0530 lvl=dbug msg="waiting for update" obj=consoleui
t=2026-06-03T14:43:12+0530 lvl=dbug msg="waiting for update" obj=consoleui
t=2026-06-03T14:43:12+0530 lvl=dbug msg="waiting for update" obj=consoleui
t=2026-06-03T14:43:12+0530 lvl=dbug msg="add entry" obj=storage entrysz=779093 sz=14177277
t=2026-06-03T14:43:12+0530 lvl=dbug msg="waiting for update" obj=consoleui
t=2026-06-03T14:43:12+0530 lvl=dbug msg="gzip decode"
t=2026-06-03T14:43:12+0530 lvl=dbug msg="waiting for update" obj=consoleui
t=2026-06-03T14:43:13+0530 lvl=dbug msg="waiting for update" obj=consoleui
t=2026-06-03T14:43:13+0530 lvl=dbug msg="add entry" obj=storage entrysz=1656169 sz=14954440
t=2026-06-03T14:43:13+0530 lvl=dbug msg="waiting for update" obj=consoleui
t=2026-06-03T14:43:13+0530 lvl=dbug msg="gzip decode"
t=2026-06-03T14:43:13+0530 lvl=dbug msg="waiting for update" obj=consoleui
t=2026-06-03T14:43:13+0530 lvl=dbug msg="half join complete" obj=join id=4a99b5074062 from=171.48.2.44:60222 to=[::1]:3000 nbytes=1545 err=nil
t=2026-06-03T14:43:13+0530 lvl=dbug msg=http.ReadRequest id=8b950b00c530 typ=proxy err=EOF
t=2026-06-03T14:43:13+0530 lvl=dbug msg="half join complete" obj=join id=4a99b5074062 from=[::1]:3000 to=171.48.2.44:60222 nbytes=421530 err="writeto tcp [::1]:51134->[::1]:3000: read tcp [::1]:51134->[::1]:3000: use of closed network connection"
t=2026-06-03T14:43:13+0530 lvl=dbug msg=close obj=tunnels.session obj=csess id=6c675a7035d1 clientid=7b31d0ea5646d09e1d2ee4f665dc47ac id=c8da56096b13 type=proxy sess=7b31d0ea5646d09e1d2ee4f665dc47ac err=nil
t=2026-06-03T14:43:13+0530 lvl=dbug msg=close id=8b950b00c530 typ=proxy err=nil
t=2026-06-03T14:43:13+0530 lvl=dbug msg=close id=f5aff42344db err=nil
t=2026-06-03T14:43:13+0530 lvl=dbug msg=http.ReadResponse id=8b950b00c530 typ=proxy err="unexpected EOF"
t=2026-06-03T14:43:13+0530 lvl=dbug msg=close obj=tunnels.session obj=csess id=6c675a7035d1 clientid=7b31d0ea5646d09e1d2ee4f665dc47ac id=c8da56096b13 type=proxy sess=7b31d0ea5646d09e1d2ee4f665dc47ac err=nil
t=2026-06-03T14:43:13+0530 lvl=dbug msg=close id=8b950b00c530 typ=proxy err=nil
t=2026-06-03T14:43:13+0530 lvl=dbug msg=close id=f5aff42344db err=nil
t=2026-06-03T14:43:13+0530 lvl=dbug msg=close obj=tunnels.session obj=csess id=6c675a7035d1 clientid=7b31d0ea5646d09e1d2ee4f665dc47ac id=c8da56096b13 type=proxy sess=7b31d0ea5646d09e1d2ee4f665dc47ac err=nil
t=2026-06-03T14:43:13+0530 lvl=dbug msg=close id=8b950b00c530 typ=proxy err=nil
t=2026-06-03T14:43:13+0530 lvl=dbug msg=close obj=tunnels.session obj=csess id=6c675a7035d1 clientid=7b31d0ea5646d09e1d2ee4f665dc47ac id=c8da56096b13 type=proxy sess=7b31d0ea5646d09e1d2ee4f665dc47ac err=nil
t=2026-06-03T14:43:13+0530 lvl=dbug msg=close id=8b950b00c530 typ=proxy err=nil
t=2026-06-03T14:43:13+0530 lvl=dbug msg=close obj=tunnels.session obj=csess id=6c675a7035d1 clientid=7b31d0ea5646d09e1d2ee4f665dc47ac id=c8da56096b13 type=proxy sess=7b31d0ea5646d09e1d2ee4f665dc47ac err=nil
t=2026-06-03T14:43:13+0530 lvl=dbug msg=close id=8b950b00c530 typ=proxy err=nil
t=2026-06-03T14:43:14+0530 lvl=dbug msg="waiting for update" obj=consoleui
t=2026-06-03T14:43:14+0530 lvl=dbug msg="waiting for update" obj=consoleui
t=2026-06-03T14:43:15+0530 lvl=dbug msg="half join complete" obj=join id=5b137015c6ed from=171.48.2.44:60222 to=[::1]:3000 nbytes=1553 err=nil
t=2026-06-03T14:43:15+0530 lvl=dbug msg=http.ReadRequest id=3478611e6a6c typ=proxy err=EOF
t=2026-06-03T14:43:15+0530 lvl=dbug msg="half join complete" obj=join id=5b137015c6ed from=[::1]:3000 to=171.48.2.44:60222 nbytes=777540 err="writeto tcp [::1]:51131->[::1]:3000: read tcp [::1]:51131->[::1]:3000: use of closed network connection"
t=2026-06-03T14:43:15+0530 lvl=dbug msg=close obj=tunnels.session obj=csess id=6c675a7035d1 clientid=7b31d0ea5646d09e1d2ee4f665dc47ac id=1f50783882bd type=proxy sess=7b31d0ea5646d09e1d2ee4f665dc47ac err=nil
t=2026-06-03T14:43:15+0530 lvl=dbug msg=close id=3478611e6a6c typ=proxy err=nil
t=2026-06-03T14:43:15+0530 lvl=dbug msg=close id=0726e6138745 err=nil
t=2026-06-03T14:43:15+0530 lvl=dbug msg=http.ReadResponse id=3478611e6a6c typ=proxy err="unexpected EOF"
t=2026-06-03T14:43:15+0530 lvl=dbug msg=close obj=tunnels.session obj=csess id=6c675a7035d1 clientid=7b31d0ea5646d09e1d2ee4f665dc47ac id=1f50783882bd type=proxy sess=7b31d0ea5646d09e1d2ee4f665dc47ac err=nil
t=2026-06-03T14:43:15+0530 lvl=dbug msg=close id=3478611e6a6c typ=proxy err=nil
t=2026-06-03T14:43:15+0530 lvl=dbug msg=close id=0726e6138745 err=nil
t=2026-06-03T14:43:15+0530 lvl=dbug msg=close obj=tunnels.session obj=csess id=6c675a7035d1 clientid=7b31d0ea5646d09e1d2ee4f665dc47ac id=1f50783882bd type=proxy sess=7b31d0ea5646d09e1d2ee4f665dc47ac err=nil
t=2026-06-03T14:43:15+0530 lvl=dbug msg=close id=3478611e6a6c typ=proxy err=nil
t=2026-06-03T14:43:15+0530 lvl=dbug msg=close obj=tunnels.session obj=csess id=6c675a7035d1 clientid=7b31d0ea5646d09e1d2ee4f665dc47ac id=1f50783882bd type=proxy sess=7b31d0ea5646d09e1d2ee4f665dc47ac err=nil
t=2026-06-03T14:43:15+0530 lvl=dbug msg=close id=3478611e6a6c typ=proxy err=nil
t=2026-06-03T14:43:15+0530 lvl=dbug msg=close obj=tunnels.session obj=csess id=6c675a7035d1 clientid=7b31d0ea5646d09e1d2ee4f665dc47ac id=1f50783882bd type=proxy sess=7b31d0ea5646d09e1d2ee4f665dc47ac err=nil
t=2026-06-03T14:43:15+0530 lvl=dbug msg=close id=3478611e6a6c typ=proxy err=nil
t=2026-06-03T14:43:15+0530 lvl=dbug msg="waiting for update" obj=consoleui
t=2026-06-03T14:43:15+0530 lvl=dbug msg="waiting for update" obj=consoleui
t=2026-06-03T14:43:15+0530 lvl=dbug msg="half join complete" obj=join id=f38f6f5bfe96 from=171.48.2.44:60222 to=[::1]:3000 nbytes=1559 err=nil
t=2026-06-03T14:43:15+0530 lvl=dbug msg=http.ReadRequest id=15d749fc9b5f typ=proxy err=EOF
t=2026-06-03T14:43:15+0530 lvl=dbug msg="half join complete" obj=join id=f38f6f5bfe96 from=[::1]:3000 to=171.48.2.44:60222 nbytes=1654610 err="writeto tcp [::1]:51130->[::1]:3000: read tcp [::1]:51130->[::1]:3000: use of closed network connection"
t=2026-06-03T14:43:15+0530 lvl=dbug msg=close obj=tunnels.session obj=csess id=6c675a7035d1 clientid=7b31d0ea5646d09e1d2ee4f665dc47ac id=b05ae30a7b77 type=proxy sess=7b31d0ea5646d09e1d2ee4f665dc47ac err=nil
t=2026-06-03T14:43:15+0530 lvl=dbug msg=close id=15d749fc9b5f typ=proxy err=nil
t=2026-06-03T14:43:15+0530 lvl=dbug msg=close id=7325110fc23e err=nil
t=2026-06-03T14:43:15+0530 lvl=dbug msg=http.ReadResponse id=15d749fc9b5f typ=proxy err="unexpected EOF"
t=2026-06-03T14:43:15+0530 lvl=dbug msg=close obj=tunnels.session obj=csess id=6c675a7035d1 clientid=7b31d0ea5646d09e1d2ee4f665dc47ac id=b05ae30a7b77 type=proxy sess=7b31d0ea5646d09e1d2ee4f665dc47ac err=nil
t=2026-06-03T14:43:15+0530 lvl=dbug msg=close id=15d749fc9b5f typ=proxy err=nil
t=2026-06-03T14:43:15+0530 lvl=dbug msg=close id=7325110fc23e err=nil
t=2026-06-03T14:43:15+0530 lvl=dbug msg=close obj=tunnels.session obj=csess id=6c675a7035d1 clientid=7b31d0ea5646d09e1d2ee4f665dc47ac id=b05ae30a7b77 type=proxy sess=7b31d0ea5646d09e1d2ee4f665dc47ac err=nil
t=2026-06-03T14:43:15+0530 lvl=dbug msg=close id=15d749fc9b5f typ=proxy err=nil
t=2026-06-03T14:43:15+0530 lvl=dbug msg=close obj=tunnels.session obj=csess id=6c675a7035d1 clientid=7b31d0ea5646d09e1d2ee4f665dc47ac id=b05ae30a7b77 type=proxy sess=7b31d0ea5646d09e1d2ee4f665dc47ac err=nil
t=2026-06-03T14:43:15+0530 lvl=dbug msg=close id=15d749fc9b5f typ=proxy err=nil
t=2026-06-03T14:43:15+0530 lvl=dbug msg=close obj=tunnels.session obj=csess id=6c675a7035d1 clientid=7b31d0ea5646d09e1d2ee4f665dc47ac id=b05ae30a7b77 type=proxy sess=7b31d0ea5646d09e1d2ee4f665dc47ac err=nil
t=2026-06-03T14:43:15+0530 lvl=dbug msg=close id=15d749fc9b5f typ=proxy err=nil
t=2026-06-03T14:43:15+0530 lvl=dbug msg="waiting for update" obj=consoleui
t=2026-06-03T14:43:16+0530 lvl=dbug msg="got request" id=526f9d69836e typ=proxy path=/_next/static/chunks/_app-pages-browser_node_modules_next_dist_client_dev_noop-turbopack-hmr_js.js
t=2026-06-03T14:43:16+0530 lvl=dbug msg="add entry" obj=storage entrysz=1609 sz=16610609
t=2026-06-03T14:43:16+0530 lvl=dbug msg="add entry" obj=storage entrysz=1609 sz=16610609
t=2026-06-03T14:43:16+0530 lvl=dbug msg="got request" id=23f0bb483c0a typ=proxy path=/
t=2026-06-03T14:43:16+0530 lvl=dbug msg="add entry" obj=storage entrysz=1832 sz=16612218
t=2026-06-03T14:43:16+0530 lvl=dbug msg="add entry" obj=storage entrysz=1834 sz=16612218
t=2026-06-03T14:43:16+0530 lvl=dbug msg="waiting for update" obj=consoleui
t=2026-06-03T14:43:16+0530 lvl=dbug msg="waiting for update" obj=consoleui
t=2026-06-03T14:43:16+0530 lvl=dbug msg="waiting for update" obj=consoleui
t=2026-06-03T14:43:16+0530 lvl=dbug msg="waiting for update" obj=consoleui
t=2026-06-03T14:43:16+0530 lvl=dbug msg="got response for request" id=526f9d69836e typ=proxy reqpath=/_next/static/chunks/_app-pages-browser_node_modules_next_dist_client_dev_noop-turbopack-hmr_js.js
t=2026-06-03T14:43:16+0530 lvl=dbug msg="add entry" obj=storage entrysz=1978 sz=16612443
t=2026-06-03T14:43:16+0530 lvl=dbug msg="add entry" obj=storage entrysz=4614 sz=16612443
t=2026-06-03T14:43:16+0530 lvl=dbug msg="gzip decode"
t=2026-06-03T14:43:16+0530 lvl=dbug msg="waiting for update" obj=consoleui
t=2026-06-03T14:43:16+0530 lvl=dbug msg="waiting for update" obj=consoleui
t=2026-06-03T14:43:16+0530 lvl=dbug msg="waiting for update" obj=consoleui
t=2026-06-03T14:43:16+0530 lvl=dbug msg="waiting for update" obj=consoleui
t=2026-06-03T14:43:16+0530 lvl=dbug msg="tunnel Accept" obj=tunnels.session obj=csess id=6c675a7035d1 clientid=7b31d0ea5646d09e1d2ee4f665dc47ac reqType=3 remoteAddr=13.127.105.236:443
t=2026-06-03T14:43:16+0530 lvl=dbug msg="dial private connection" id=3feb9e2a0a2c addr=localhost:3000 err=nil
t=2026-06-03T14:43:16+0530 lvl=dbug msg="joining tunnel conn to backend" id=3feb9e2a0a2c header="{ID:45531bfe77b61f34a2ebdeb8dcdfff6c ClientAddr:171.48.2.44:56486 Proto:https EdgeType:0 PassthroughTLS:false}"
t=2026-06-03T14:43:16+0530 lvl=info msg="join connections" obj=join id=cfbd39ee415c l=[::1]:3000 r=171.48.2.44:56486
t=2026-06-03T14:43:16+0530 lvl=dbug msg="got request" id=0b06556c0c9b typ=proxy path=/_next/webpack-hmr
t=2026-06-03T14:43:16+0530 lvl=dbug msg="add entry" obj=storage entrysz=1514 sz=16617057
t=2026-06-03T14:43:16+0530 lvl=dbug msg="add entry" obj=storage entrysz=1514 sz=16617057
t=2026-06-03T14:43:16+0530 lvl=dbug msg="http client requested connection upgrade" id=0b06556c0c9b typ=proxy
t=2026-06-03T14:43:16+0530 lvl=dbug msg="waiting for update" obj=consoleui
t=2026-06-03T14:43:16+0530 lvl=dbug msg="got response for request" id=0b06556c0c9b typ=proxy reqpath=/_next/webpack-hmr
t=2026-06-03T14:43:16+0530 lvl=dbug msg="add entry" obj=storage entrysz=1643 sz=16617057
t=2026-06-03T14:43:16+0530 lvl=dbug msg="add entry" obj=storage entrysz=1643 sz=16617057
t=2026-06-03T14:43:16+0530 lvl=dbug msg="server accepted upgrade request, switching protocols" id=0b06556c0c9b typ=proxy to=websocket
t=2026-06-03T14:43:16+0530 lvl=dbug msg="client switching protocols" id=0b06556c0c9b typ=proxy to=websocket
t=2026-06-03T14:43:16+0530 lvl=dbug msg="waiting for update" obj=consoleui
t=2026-06-03T14:43:16+0530 lvl=dbug msg="waiting for update" obj=consoleui
t=2026-06-03T14:43:16+0530 lvl=dbug msg="waiting for update" obj=consoleui
t=2026-06-03T14:43:16+0530 lvl=dbug msg="waiting for update" obj=consoleui
t=2026-06-03T14:43:17+0530 lvl=dbug msg="got response for request" id=23f0bb483c0a typ=proxy reqpath=/
t=2026-06-03T14:43:17+0530 lvl=dbug msg="add entry" obj=storage entrysz=2003 sz=16616866
t=2026-06-03T14:43:17+0530 lvl=dbug msg="add entry" obj=storage entrysz=2023 sz=16616866
t=2026-06-03T14:43:17+0530 lvl=dbug msg="waiting for update" obj=consoleui
t=2026-06-03T14:43:17+0530 lvl=dbug msg="waiting for update" obj=consoleui
t=2026-06-03T14:43:17+0530 lvl=dbug msg="waiting for update" obj=consoleui
t=2026-06-03T14:43:17+0530 lvl=dbug msg="got request" id=23f0bb483c0a typ=proxy path=/dashboard
t=2026-06-03T14:43:17+0530 lvl=dbug msg="add entry" obj=storage entrysz=1841 sz=16618889
t=2026-06-03T14:43:17+0530 lvl=dbug msg="add entry" obj=storage entrysz=1843 sz=16618889
t=2026-06-03T14:43:17+0530 lvl=dbug msg="waiting for update" obj=consoleui
t=2026-06-03T14:43:17+0530 lvl=dbug msg="waiting for update" obj=consoleui
t=2026-06-03T14:43:17+0530 lvl=dbug msg="waiting for update" obj=consoleui
t=2026-06-03T14:43:17+0530 lvl=dbug msg="got request" id=526f9d69836e typ=proxy path=/api/auth
t=2026-06-03T14:43:17+0530 lvl=dbug msg="add entry" obj=storage entrysz=1652 sz=16620732
t=2026-06-03T14:43:17+0530 lvl=dbug msg="add entry" obj=storage entrysz=1708 sz=16620732
t=2026-06-03T14:43:17+0530 lvl=dbug msg="waiting for update" obj=consoleui
t=2026-06-03T14:43:17+0530 lvl=dbug msg="waiting for update" obj=consoleui
t=2026-06-03T14:43:18+0530 lvl=dbug msg="got response for request" id=23f0bb483c0a typ=proxy reqpath=/dashboard
t=2026-06-03T14:43:18+0530 lvl=dbug msg="add entry" obj=storage entrysz=2219 sz=16620597
t=2026-06-03T14:43:18+0530 lvl=dbug msg="add entry" obj=storage entrysz=2243 sz=16620597
t=2026-06-03T14:43:18+0530 lvl=dbug msg="waiting for update" obj=consoleui
t=2026-06-03T14:43:18+0530 lvl=dbug msg="waiting for update" obj=consoleui
t=2026-06-03T14:43:18+0530 lvl=dbug msg="waiting for update" obj=consoleui
t=2026-06-03T14:43:18+0530 lvl=dbug msg="got response for request" id=526f9d69836e typ=proxy reqpath=/api/auth
t=2026-06-03T14:43:18+0530 lvl=dbug msg="add entry" obj=storage entrysz=2984 sz=16621132
t=2026-06-03T14:43:18+0530 lvl=dbug msg="add entry" obj=storage entrysz=3538 sz=16621132
t=2026-06-03T14:43:18+0530 lvl=dbug msg="gzip decode"
t=2026-06-03T14:43:18+0530 lvl=dbug msg="waiting for update" obj=consoleui
t=2026-06-03T14:43:18+0530 lvl=dbug msg="waiting for update" obj=consoleui
t=2026-06-03T14:43:18+0530 lvl=dbug msg="waiting for update" obj=consoleui
t=2026-06-03T14:43:18+0530 lvl=dbug msg="waiting for update" obj=consoleui
t=2026-06-03T14:43:19+0530 lvl=dbug msg="waiting for update" obj=consoleui
t=2026-06-03T14:43:20+0530 lvl=dbug msg="waiting for update" obj=consoleui
t=2026-06-03T14:43:21+0530 lvl=dbug msg="heartbeat received" obj=tunnels.session obj=csess id=6c675a7035d1 clientid=7b31d0ea5646d09e1d2ee4f665dc47ac latency_ms=94
t=2026-06-03T14:43:21+0530 lvl=dbug msg="waiting for update" obj=consoleui
t=2026-06-03T14:43:22+0530 lvl=dbug msg="waiting for update" obj=consoleui
t=2026-06-03T14:43:23+0530 lvl=dbug msg="waiting for update" obj=consoleui
t=2026-06-03T14:43:24+0530 lvl=dbug msg="half join complete" obj=join id=9a1244fb975c from=[::1]:3000 to=171.48.2.44:60222 nbytes=71553 err=nil
t=2026-06-03T14:43:24+0530 lvl=dbug msg="half join complete" obj=join id=9a1244fb975c from=171.48.2.44:60222 to=[::1]:3000 nbytes=12616 err=nil
t=2026-06-03T14:43:24+0530 lvl=dbug msg=close obj=tunnels.session obj=csess id=6c675a7035d1 clientid=7b31d0ea5646d09e1d2ee4f665dc47ac id=aea546053e61 type=proxy sess=7b31d0ea5646d09e1d2ee4f665dc47ac err=nil
t=2026-06-03T14:43:24+0530 lvl=dbug msg=close id=23f0bb483c0a typ=proxy err=nil
t=2026-06-03T14:43:24+0530 lvl=dbug msg=close id=797923f7944b err=nil
t=2026-06-03T14:43:24+0530 lvl=dbug msg=http.ReadRequest id=23f0bb483c0a typ=proxy err=EOF
t=2026-06-03T14:43:24+0530 lvl=dbug msg=close obj=tunnels.session obj=csess id=6c675a7035d1 clientid=7b31d0ea5646d09e1d2ee4f665dc47ac id=aea546053e61 type=proxy sess=7b31d0ea5646d09e1d2ee4f665dc47ac err=nil
t=2026-06-03T14:43:24+0530 lvl=dbug msg=http.ReadResponse id=23f0bb483c0a typ=proxy err="unexpected EOF"
t=2026-06-03T14:43:24+0530 lvl=dbug msg=close id=23f0bb483c0a typ=proxy err=nil
t=2026-06-03T14:43:24+0530 lvl=dbug msg=close id=797923f7944b err=nil
t=2026-06-03T14:43:24+0530 lvl=dbug msg=close obj=tunnels.session obj=csess id=6c675a7035d1 clientid=7b31d0ea5646d09e1d2ee4f665dc47ac id=aea546053e61 type=proxy sess=7b31d0ea5646d09e1d2ee4f665dc47ac err=nil
t=2026-06-03T14:43:24+0530 lvl=dbug msg=close id=23f0bb483c0a typ=proxy err=nil
t=2026-06-03T14:43:24+0530 lvl=dbug msg=close obj=tunnels.session obj=csess id=6c675a7035d1 clientid=7b31d0ea5646d09e1d2ee4f665dc47ac id=aea546053e61 type=proxy sess=7b31d0ea5646d09e1d2ee4f665dc47ac err=nil
t=2026-06-03T14:43:24+0530 lvl=dbug msg=close id=23f0bb483c0a typ=proxy err=nil
t=2026-06-03T14:43:24+0530 lvl=dbug msg=close obj=tunnels.session obj=csess id=6c675a7035d1 clientid=7b31d0ea5646d09e1d2ee4f665dc47ac id=aea546053e61 type=proxy sess=7b31d0ea5646d09e1d2ee4f665dc47ac err=nil
t=2026-06-03T14:43:24+0530 lvl=dbug msg=close id=23f0bb483c0a typ=proxy err=nil
t=2026-06-03T14:43:24+0530 lvl=dbug msg="waiting for update" obj=consoleui
t=2026-06-03T14:43:24+0530 lvl=dbug msg="half join complete" obj=join id=241af06d4909 from=[::1]:3000 to=171.48.2.44:60222 nbytes=33436 err=nil
t=2026-06-03T14:43:24+0530 lvl=dbug msg="half join complete" obj=join id=241af06d4909 from=171.48.2.44:60222 to=[::1]:3000 nbytes=4875 err=nil
t=2026-06-03T14:43:24+0530 lvl=dbug msg=http.ReadRequest id=526f9d69836e typ=proxy err=EOF
t=2026-06-03T14:43:24+0530 lvl=dbug msg=close obj=tunnels.session obj=csess id=6c675a7035d1 clientid=7b31d0ea5646d09e1d2ee4f665dc47ac id=853849a7d6a8 type=proxy sess=7b31d0ea5646d09e1d2ee4f665dc47ac err=nil
t=2026-06-03T14:43:24+0530 lvl=dbug msg=close id=526f9d69836e typ=proxy err=nil
t=2026-06-03T14:43:24+0530 lvl=dbug msg=close obj=tunnels.session obj=csess id=6c675a7035d1 clientid=7b31d0ea5646d09e1d2ee4f665dc47ac id=853849a7d6a8 type=proxy sess=7b31d0ea5646d09e1d2ee4f665dc47ac err=nil
t=2026-06-03T14:43:24+0530 lvl=dbug msg=close id=526f9d69836e typ=proxy err=nil
t=2026-06-03T14:43:24+0530 lvl=dbug msg=close id=f5f22c5a542c err=nil
t=2026-06-03T14:43:24+0530 lvl=dbug msg=close id=f5f22c5a542c err=nil
t=2026-06-03T14:43:24+0530 lvl=dbug msg=http.ReadResponse id=526f9d69836e typ=proxy err="unexpected EOF"
t=2026-06-03T14:43:24+0530 lvl=dbug msg=close obj=tunnels.session obj=csess id=6c675a7035d1 clientid=7b31d0ea5646d09e1d2ee4f665dc47ac id=853849a7d6a8 type=proxy sess=7b31d0ea5646d09e1d2ee4f665dc47ac err=nil
t=2026-06-03T14:43:24+0530 lvl=dbug msg=close id=526f9d69836e typ=proxy err=nil
t=2026-06-03T14:43:24+0530 lvl=dbug msg=close obj=tunnels.session obj=csess id=6c675a7035d1 clientid=7b31d0ea5646d09e1d2ee4f665dc47ac id=853849a7d6a8 type=proxy sess=7b31d0ea5646d09e1d2ee4f665dc47ac err=nil
t=2026-06-03T14:43:24+0530 lvl=dbug msg=close id=526f9d69836e typ=proxy err=nil
t=2026-06-03T14:43:24+0530 lvl=dbug msg=close obj=tunnels.session obj=csess id=6c675a7035d1 clientid=7b31d0ea5646d09e1d2ee4f665dc47ac id=853849a7d6a8 type=proxy sess=7b31d0ea5646d09e1d2ee4f665dc47ac err=nil
t=2026-06-03T14:43:24+0530 lvl=dbug msg=close id=526f9d69836e typ=proxy err=nil
t=2026-06-03T14:43:24+0530 lvl=dbug msg="waiting for update" obj=consoleui
t=2026-06-03T14:43:24+0530 lvl=dbug msg="waiting for update" obj=consoleui
t=2026-06-03T14:43:25+0530 lvl=dbug msg="waiting for update" obj=consoleui
t=2026-06-03T14:43:26+0530 lvl=dbug msg="waiting for update" obj=consoleui
t=2026-06-03T14:43:27+0530 lvl=dbug msg="waiting for update" obj=consoleui
t=2026-06-03T14:43:28+0530 lvl=dbug msg="waiting for update" obj=consoleui
t=2026-06-03T14:43:29+0530 lvl=dbug msg="waiting for update" obj=consoleui
t=2026-06-03T14:43:30+0530 lvl=dbug msg="waiting for update" obj=consoleui
t=2026-06-03T14:43:31+0530 lvl=dbug msg="heartbeat received" obj=tunnels.session obj=csess id=6c675a7035d1 clientid=7b31d0ea5646d09e1d2ee4f665dc47ac latency_ms=140
t=2026-06-03T14:43:31+0530 lvl=dbug msg="waiting for update" obj=consoleui
t=2026-06-03T14:43:32+0530 lvl=dbug msg="waiting for update" obj=consoleui
t=2026-06-03T14:43:33+0530 lvl=dbug msg="waiting for update" obj=consoleui
t=2026-06-03T14:43:34+0530 lvl=dbug msg="waiting for update" obj=consoleui
t=2026-06-03T14:43:35+0530 lvl=dbug msg="waiting for update" obj=consoleui
t=2026-06-03T14:43:36+0530 lvl=dbug msg="waiting for update" obj=consoleui
t=2026-06-03T14:43:37+0530 lvl=dbug msg="waiting for update" obj=consoleui
t=2026-06-03T14:43:38+0530 lvl=dbug msg="waiting for update" obj=consoleui
t=2026-06-03T14:43:39+0530 lvl=dbug msg="waiting for update" obj=consoleui
t=2026-06-03T14:43:40+0530 lvl=dbug msg="waiting for update" obj=consoleui
t=2026-06-03T14:43:41+0530 lvl=dbug msg="heartbeat received" obj=tunnels.session obj=csess id=6c675a7035d1 clientid=7b31d0ea5646d09e1d2ee4f665dc47ac latency_ms=74
t=2026-06-03T14:43:41+0530 lvl=dbug msg="waiting for update" obj=consoleui
t=2026-06-03T14:43:42+0530 lvl=dbug msg="waiting for update" obj=consoleui
t=2026-06-03T14:43:43+0530 lvl=dbug msg="waiting for update" obj=consoleui
t=2026-06-03T14:43:44+0530 lvl=dbug msg="waiting for update" obj=consoleui
t=2026-06-03T14:43:45+0530 lvl=dbug msg="waiting for update" obj=consoleui
t=2026-06-03T14:43:46+0530 lvl=dbug msg="waiting for update" obj=consoleui
t=2026-06-03T14:43:47+0530 lvl=dbug msg="waiting for update" obj=consoleui
t=2026-06-03T14:43:48+0530 lvl=dbug msg="waiting for update" obj=consoleui
